repo,rel_path,file_kind,total_violations,has_log_upload_trap,manifest_v8,record_emission,typed_empty_reason,classify_venue_error,resolve_bucket_name,lifecycle_class,no_hardcoded_venue_urls,no_hardcoded_venue_universe,uac_import_surface
market-tick-data-service,tests/market_interface/integration/test_vcr_ac_schema_validation.py,other,25,0,0,0,0,0,0,0,0,0,25
unified-trading-library,tests/unit/test_domain_config_reloader.py,gcs_user,25,0,0,0,0,0,25,0,0,0,0
deployment-service,tests/unit/test_cloud_client.py,gcs_user,23,0,0,0,0,0,23,0,0,0,0
unified-trading-library,tests/unit/test_reader_fallback_chain.py,gcs_user,23,0,0,0,0,0,22,0,0,0,1
instruments-service,instruments_service/engine/orchestrator.py,manifest_writer,17,0,0,0,0,0,0,0,0,0,17
deployment-api,deployment_api/services/data_status_drilldown.py,gcs_user,16,0,0,0,0,0,15,0,0,0,1
system-integration-tests,tests/smoke/test_mock_scenarios.py,other,16,0,0,0,0,0,0,0,0,0,16
position-balance-monitor-service,tests/position_interface/integration/test_vcr_position_schemas.py,other,15,0,0,0,0,0,0,0,0,0,15
unified-trading-library,tests/cloud_interface/unit/test_bucket_naming.py,gcs_user,15,0,0,0,0,0,15,0,0,0,0
unified-trading-library,tests/unit/test_config_reloader.py,gcs_user,14,0,0,0,0,0,14,0,0,0,0
deployment-api,tests/unit/test_service_status_execution.py,gcs_user,13,0,0,0,0,0,13,0,0,0,0
deployment-service,tests/unit/test_cleanup_old_tarballs.py,gcs_user,13,0,0,0,0,0,13,0,0,0,0
strategy-service,strategy_service/models/instruction.py,other,13,0,0,0,0,0,0,0,0,0,13
market-tick-data-service,market_tick_data_service/engine/orchestrator.py,manifest_writer,12,0,0,0,3,0,0,0,0,0,9
execution-service,tests/trade_execution/integration/test_vcr_schema_validation.py,other,11,0,0,0,0,0,0,0,0,0,11
unified-trading-library,tests/unit/lifecycle/test_uploader.py,gcs_user,11,0,0,0,0,0,11,0,0,0,0
deployment-api,deployment_api/routes/services.py,gcs_user,10,0,0,0,0,0,10,0,0,0,0
deployment-api,tests/unit/test_pool_breakdown.py,gcs_user,10,0,0,0,0,0,10,0,0,0,0
strategy-service,strategy_service/engine/core/gcs_storage_service.py,gcs_user,10,0,0,0,0,0,10,0,0,0,0
unified-trading-library,tests/unit/test_domain_client_writers.py,gcs_user,10,0,0,0,0,0,10,0,0,0,0
deployment-api,tests/unit/test_config_management.py,gcs_user,9,0,0,0,0,0,9,0,0,0,0
deployment-api,tests/unit/test_route_monitor_live.py,other,9,0,0,0,0,0,0,0,0,0,9
deployment-api,tests/unit/test_route_monitor_scheduled.py,other,9,0,0,0,0,0,0,0,0,0,9
deployment-api,tests/unit/test_route_services.py,gcs_user,9,0,0,0,0,0,9,0,0,0,0
deployment-service,tests/fixtures/cloud_fixtures.py,gcs_user,9,0,0,0,0,0,9,0,0,0,0
execution-service,tests/unit/cli/test_backtest_config.py,gcs_user,9,0,0,0,0,0,9,0,0,0,0
market-data-processing-service,tests/unit/test_canonical_writer_ohlcv_1h_policy.py,manifest_writer,9,0,0,0,0,0,0,0,0,0,9
market-tick-data-service,tests/market_interface/integration/test_library_deps_integration.py,other,9,0,0,0,0,0,0,0,0,0,9
system-integration-tests,tests/abbreviated/test_contract_normalization.py,gcs_user,9,0,0,0,0,0,3,0,0,0,6
unified-trading-library,tests/unit/test_manifest_writer_capture_status.py,manifest_writer,9,0,0,0,9,0,0,0,0,0,0
unified-trading-library,unified_trading_library/features_interface/external_urls.py,other,9,0,0,0,0,0,0,0,9,0,0
deployment-api,tests/integration/test_functional_deps.py,other,8,0,0,0,0,0,0,0,0,0,8
execution-service,execution_service/utils/dependency_checker.py,gcs_user,8,0,0,0,0,0,8,0,0,0,0
instruments-service,instruments_service/reference_data/adapters/sports/adapters/api_football.py,handler,8,0,0,0,0,2,0,0,0,0,6
strategy-service,tests/unit/test_domain_event_logger_expanded.py,other,8,0,0,0,0,0,0,0,0,0,8
system-integration-tests,tests/integration/test_interface_mock_chains.py,other,8,0,0,0,0,0,0,0,0,0,8
unified-api-contracts,tests/internal/unit/test_synthetic_generator.py,gcs_user,8,0,0,0,0,0,8,0,0,0,0
deployment-service,scripts/setup-buckets.py,gcs_user,7,0,0,0,0,0,7,0,0,0,0
deployment-service,tests/unit/test_cli_utils_misc.py,gcs_user,7,0,0,0,0,0,7,0,0,0,0
execution-service,tests/sports_execution/unit/exchanges/test_matchbook_adapter.py,handler,7,0,0,0,0,2,0,0,5,0,0
execution-service,tests/unit/cli/test_batch_backtest.py,gcs_user,7,0,0,0,0,0,7,0,0,0,0
execution-service,tests/unit/cli/test_config_loader.py,gcs_user,7,0,0,0,0,0,7,0,0,0,0
features-service,features_service/volatility/core/data_loader.py,gcs_user,7,0,0,0,0,0,7,0,0,0,0
market-tick-data-service,market_tick_data_service/cli/handlers/perp_funding_handler.py,handler,7,0,0,0,3,0,0,0,4,0,0
market-tick-data-service,market_tick_data_service/cli/handlers/staking_yields_handler.py,handler,7,0,0,0,3,0,0,0,4,0,0
market-tick-data-service,market_tick_data_service/market_interface/adapters/prediction/polymarket_adapter.py,handler,7,0,0,0,0,2,0,0,3,0,2
system-integration-tests,tests/smoke/test_mock_data_chain.py,other,7,0,0,0,0,0,0,0,0,0,7
deployment-service,tests/unit/test_cli_utils_data_status.py,gcs_user,6,0,0,0,0,0,6,0,0,0,0
execution-service,execution_service/defi_execution/protocols/aster.py,other,6,0,0,0,0,0,0,0,2,0,4
execution-service,execution_service/engine/validation/data_availability_validator.py,gcs_user,6,0,0,0,0,0,6,0,0,0,0
execution-service,execution_service/sports_execution/adapters/exchanges/polymarket_clob.py,handler,6,0,0,0,0,2,0,0,1,0,3
execution-service,tests/sports_execution/integration/test_vcr_betting_exchange_schemas.py,other,6,0,0,0,0,0,0,0,0,0,6
features-service,tests/onchain/unit/test_models.py,other,6,0,0,0,0,0,0,0,0,0,6
instruments-service,tests/unit/test_open_meteo_adapter_coverage.py,other,6,0,0,0,0,0,0,0,0,0,6
market-tick-data-service,tests/market_interface/unit/test_alchemy_transfers_client.py,other,6,0,0,0,0,0,0,0,0,0,6
market-tick-data-service,tests/unit/test_live_manifest_recorder.py,manifest_writer,6,0,0,0,0,0,4,0,0,0,2
unified-trading-library,tests/cloud_interface/unit/test_protocol_factory.py,gcs_user,6,0,0,0,0,0,6,0,0,0,0
unified-trading-library,tests/unit/test_dependency_checker.py,gcs_user,6,0,0,0,0,0,6,0,0,0,0
unified-trading-library,unified_trading_library/legacy_reason_classifier.py,other,6,0,0,0,0,0,0,0,0,0,6
deployment-api,deployment_api/services/shard_detail.py,gcs_user,5,0,0,0,0,0,5,0,0,0,0
deployment-service,deployment_service/cli/handlers/maintenance_handler.py,handler,5,0,0,1,0,0,4,0,0,0,0
deployment-service,scripts/vm/analyze_vm_costs.py,launcher,5,1,0,0,0,0,4,0,0,0,0
deployment-service,tests/conftest.py,gcs_user,5,0,0,0,0,0,5,0,0,0,0
deployment-service,tests/unit/test_smoke_test_framework.py,gcs_user,5,0,0,0,0,0,5,0,0,0,0
e2e-testing,scripts/sports/live_arb_scanner.py,other,5,0,0,0,0,0,0,0,4,0,1
execution-service,execution_service/sports_execution/adapters/exchanges/kalshi.py,handler,5,0,0,0,0,0,0,0,2,0,3
execution-service,execution_service/trade_execution/ws_feeds.py,handler,5,0,0,1,0,0,0,0,4,0,0
features-service,tests/onchain/unit/test_lst_yields_path_resolution.py,gcs_user,5,0,0,0,0,0,5,0,0,0,0
market-tick-data-service,market_tick_data_service/cli/handlers/gas_fee_handler.py,handler,5,0,0,0,3,0,0,0,0,0,2
market-tick-data-service,market_tick_data_service/cli/handlers/oracle_prices_handler.py,handler,5,0,0,0,3,0,0,0,2,0,0
market-tick-data-service,market_tick_data_service/market_interface/adapters/defi/balancer_adapter.py,handler,5,0,0,0,0,2,0,0,2,0,1
market-tick-data-service,market_tick_data_service/market_interface/adapters/defi/uniswapv2_adapter.py,handler,5,0,0,0,0,2,0,0,1,0,2
market-tick-data-service,market_tick_data_service/market_interface/adapters/sports/betfair_adapter.py,handler,5,0,0,0,0,2,0,0,2,0,1
market-tick-data-service,market_tick_data_service/market_interface/adapters/sports/odds_api_adapter.py,handler,5,0,0,0,0,2,0,0,1,0,2
market-tick-data-service,market_tick_data_service/market_interface/adapters/sports/polymarket_adapter.py,handler,5,0,0,0,0,2,0,0,2,0,1
strategy-service,tests/unit/test_coverage_uncovered_modules.py,other,5,0,0,0,0,0,0,0,0,0,5
system-integration-tests,tests/unit/test_honest_coverage_emission_flow.py,manifest_writer,5,0,0,0,5,0,0,0,0,0,0
unified-trading-api,unified_trading_api/models/permission_catalogue_data.py,other,5,0,0,0,0,0,0,0,0,5,0
unified-trading-library,unified_trading_library/cloud_interface/gcs_blob_ops.py,gcs_user,5,0,0,0,0,0,5,0,0,0,0
batch-live-reconciliation-service,batch_live_reconciliation_service/stages/stage0_config_pull.py,gcs_user,4,0,0,0,0,0,4,0,0,0,0
deployment-service,scripts/rebuild_sports_manifest.py,manifest_writer,4,0,1,0,0,0,0,0,0,0,3
execution-service,execution_service/adapters/storage.py,handler,4,0,0,0,0,2,2,0,0,0,0
execution-service,execution_service/data/validator.py,gcs_user,4,0,0,0,0,0,4,0,0,0,0
execution-service,execution_service/trade_execution/adapters/kraken_ws_client.py,handler,4,0,0,0,0,2,0,0,2,0,0
execution-service,tests/trade_execution/integration/test_order_schema.py,other,4,0,0,0,0,0,0,0,0,0,4
execution-service,tests/unit/engine/test_breaker_recovery_defaults.py,other,4,0,0,0,0,0,0,0,0,0,4
execution-service,tests/unit/test_gcs_storage_adapter.py,handler,4,0,0,0,0,0,4,0,0,0,0
features-service,features_service/commodity/adapters/baker_hughes.py,handler,4,0,0,1,0,2,0,0,1,0,0
features-service,features_service/commodity/adapters/eia_crude.py,handler,4,0,0,1,0,2,0,0,1,0,0
features-service,features_service/commodity/adapters/eia_ng.py,handler,4,0,0,1,0,2,0,0,1,0,0
features-service,features_service/commodity/adapters/open_meteo.py,handler,4,0,0,1,0,2,0,0,1,0,0
features-service,features_service/commodity/adapters/yahoo_finance.py,handler,4,0,0,1,0,2,0,0,1,0,0
features-service,features_service/cross_instrument/cli/handlers/batch_handler.py,handler,4,0,0,1,0,0,2,0,0,0,1
features-service,tests/onchain/unit/test_eigen_rewards_calculator.py,gcs_user,4,0,0,0,0,0,4,0,0,0,0
instruments-service,instruments_service/reference_data/adapters/prediction/polymarket.py,handler,4,0,0,0,0,0,0,0,0,0,4
instruments-service,instruments_service/reference_data/adapters/sports/adapters/footystats.py,handler,4,0,0,0,0,2,0,0,0,0,2
instruments-service,instruments_service/reference_data/adapters/sports/adapters/transfermarkt.py,handler,4,0,0,0,0,2,0,0,0,0,2
instruments-service,instruments_service/reference_data/adapters/sports/adapters/understat.py,handler,4,0,0,0,0,2,0,0,0,0,2
instruments-service,scripts/enumerate_expected_universe.py,gcs_user,4,0,0,0,0,0,1,0,0,0,3
market-tick-data-service,market_tick_data_service/cli/handlers/lending_indices_handler.py,handler,4,0,0,0,2,0,1,0,0,0,1
market-tick-data-service,market_tick_data_service/cli/handlers/solana_lst_archival.py,handler,4,0,0,1,0,0,0,0,3,0,0
market-tick-data-service,market_tick_data_service/market_interface/adapters/defi/curve_adapter.py,handler,4,0,0,0,0,2,0,0,1,0,1
market-tick-data-service,market_tick_data_service/market_interface/adapters/defi/instadapp_adapter.py,handler,4,0,0,0,0,2,0,0,1,0,1
market-tick-data-service,market_tick_data_service/market_interface/adapters/defi/lst_etherfi_adapter.py,handler,4,0,0,0,0,2,0,0,2,0,0
market-tick-data-service,market_tick_data_service/market_interface/adapters/defi/uniswapv4_adapter.py,handler,4,0,0,0,0,2,0,0,1,0,1
market-tick-data-service,market_tick_data_service/market_interface/adapters/defi_live/alchemy_adapter.py,handler,4,0,0,0,0,2,0,0,0,0,2
market-tick-data-service,market_tick_data_service/market_interface/adapters/defi_live/thegraph_ws_adapter.py,handler,4,0,0,0,0,2,0,0,0,0,2
market-tick-data-service,market_tick_data_service/market_interface/adapters/prediction/kalshi_adapter.py,handler,4,0,0,0,0,2,0,0,1,0,1
market-tick-data-service,market_tick_data_service/market_interface/adapters/tradfi/ecb_adapter.py,handler,4,0,0,0,0,2,0,0,1,0,1
strategy-service,strategy_service/models/pnl.py,other,4,0,0,0,0,0,0,0,0,0,4
strategy-service,strategy_service/models/position.py,other,4,0,0,0,0,0,0,0,0,0,4
unified-api-contracts,tests/internal/unit/domain/strategy_service/test_versions.py,gcs_user,4,0,0,0,0,0,4,0,0,0,0
unified-trading-library,tests/events/integration/test_event_lifecycle_integration.py,gcs_user,4,0,0,0,0,0,4,0,0,0,0
unified-trading-library,tests/events/unit/test_schemas.py,gcs_user,4,0,0,0,0,0,4,0,0,0,0
unified-trading-library,tests/events_interface/integration/test_event_lifecycle_integration.py,gcs_user,4,0,0,0,0,0,4,0,0,0,0
unified-trading-library,tests/events_interface/unit/test_schemas.py,gcs_user,4,0,0,0,0,0,4,0,0,0,0
unified-trading-library,tests/unit/feature_service_base/test_live_aggregator_stub.py,gcs_user,4,0,0,0,0,0,0,0,0,0,4
unified-trading-library,tests/unit/streaming/test_live_aggregator_stub.py,gcs_user,4,0,0,0,0,0,0,0,0,0,4
unified-trading-library,tests/unit/test_cloud_base_service.py,gcs_user,4,0,0,0,0,0,4,0,0,0,0
unified-trading-library,tests/unit/test_date_utils.py,gcs_user,4,0,0,0,0,0,4,0,0,0,0
unified-trading-library,tests/unit/test_manifest_writer_axis_kwargs.py,manifest_writer,4,0,0,0,4,0,0,0,0,0,0
unified-trading-library,tests/unit/test_manifest_writer_defi_canonicalisation.py,manifest_writer,4,0,0,0,4,0,0,0,0,0,0
unified-trading-library,unified_trading_library/manifest_writer.py,manifest_writer,4,0,1,0,0,0,0,0,0,0,3
unified-trading-library,unified_trading_library/utils/id_conventions.py,gcs_user,4,0,0,0,0,0,4,0,0,0,0
alerting-service,alerting_service/subscribers/governance_forum_watcher.py,other,3,0,0,0,0,0,0,0,2,0,1
alerting-service,alerting_service/subscribers/stablecoin_issuer_pause_subscriber.py,other,3,0,0,0,0,0,0,0,2,0,1
batch-live-reconciliation-service,batch_live_reconciliation_service/stages/stage0_data_pipeline_recon.py,gcs_user,3,0,0,0,0,0,3,0,0,0,0
deployment-api,deployment_api/routes/backfill_launch.py,launcher,3,1,0,0,0,0,1,0,0,0,1
deployment-api,deployment_api/routes/client_treasury.py,other,3,0,0,0,0,0,0,0,0,0,3
deployment-api,deployment_api/routes/execution_backtest_launch.py,launcher,3,1,0,0,0,0,1,0,0,0,1
deployment-api,deployment_api/routes/kill_switch_routes.py,other,3,0,0,0,0,0,0,0,0,0,3
deployment-api,deployment_api/routes/ml_experiment_launch.py,launcher,3,1,0,0,0,0,1,0,0,0,1
deployment-api,deployment_api/routes/monitor_live.py,other,3,0,0,0,0,0,0,0,0,0,3
deployment-api,deployment_api/routes/monitor_scheduled.py,other,3,0,0,0,0,0,0,0,0,0,3
deployment-api,deployment_api/routes/strategy_backtest_launch.py,launcher,3,1,0,0,0,0,1,0,0,0,1
deployment-api,deployment_api/services/data_status_mock.py,gcs_user,3,0,0,0,0,0,3,0,0,0,0
deployment-api,deployment_api/services/data_status_service.py,manifest_writer,3,0,0,0,0,0,0,0,0,0,3
deployment-service,deployment_service/catalog.py,gcs_user,3,0,0,0,0,0,3,0,0,0,0
deployment-service,deployment_service/cli/utils/data_status_display_dynamic.py,gcs_user,3,0,0,0,0,0,3,0,0,0,0
deployment-service,deployment_service/cloud_client.py,gcs_user,3,0,0,0,0,0,3,0,0,0,0
deployment-service,scripts/verify_infra.py,gcs_user,3,0,0,0,0,0,3,0,0,0,0
deployment-service,scripts/vm/cleanup_old_tarballs.py,launcher,3,1,0,0,0,0,2,0,0,0,0
deployment-service,tests/unit/test_config_loader.py,gcs_user,3,0,0,0,0,0,3,0,0,0,0
deployment-service,tests/unit/test_vm_event_emission.py,gcs_user,3,0,0,0,0,0,3,0,0,0,0
e2e-testing,scripts/sports/oddspapi_historical_backfill.py,gcs_user,3,0,0,0,0,0,2,0,1,0,0
e2e-testing,scripts/sports/prediction_market_scanner.py,other,3,0,0,0,0,0,0,0,3,0,0
e2e-testing,scripts/sports/sharpapi_live_feed.py,other,3,0,0,0,0,0,0,0,2,1,0
execution-service,execution_service/config/grid_generator_core.py,gcs_user,3,0,0,0,0,0,3,0,0,0,0
execution-service,execution_service/defi_execution/orchestrators/recursive_loop_orchestrator.py,other,3,0,0,0,0,0,0,0,0,0,3
execution-service,execution_service/defi_execution/protocols/bridge.py,other,3,0,0,0,0,0,0,0,1,0,2
execution-service,execution_service/engine/instruction_adapter.py,handler,3,0,0,0,0,0,0,0,0,0,3
execution-service,execution_service/engine/validation/catalog_validator.py,gcs_user,3,0,0,0,0,0,3,0,0,0,0
execution-service,execution_service/isolation_policy.py,other,3,0,0,0,0,0,0,0,0,0,3
execution-service,execution_service/models/position.py,other,3,0,0,0,0,0,0,0,0,0,3
execution-service,execution_service/models/signal.py,other,3,0,0,0,0,0,0,0,0,0,3
execution-service,execution_service/sports_execution/adapters/aggregator/odds_api.py,handler,3,0,0,0,0,0,0,0,1,0,2
execution-service,execution_service/sports_execution/adapters/bookmaker_api/api_football.py,handler,3,0,0,0,0,0,0,0,1,0,2
execution-service,execution_service/sports_execution/adapters/bookmaker_api/onexbet.py,handler,3,0,0,0,0,0,0,0,1,0,2
execution-service,execution_service/sports_execution/adapters/exchanges/betfair.py,handler,3,0,0,0,0,0,0,0,0,0,3
execution-service,execution_service/sports_execution/adapters/scrapers/bet365.py,handler,3,0,0,0,0,2,0,0,1,0,0
execution-service,execution_service/sports_execution/adapters/scrapers/bet888sport.py,handler,3,0,0,0,0,2,0,0,1,0,0
execution-service,execution_service/sports_execution/adapters/scrapers/betfred.py,handler,3,0,0,0,0,2,0,0,1,0,0
execution-service,execution_service/sports_execution/adapters/scrapers/betvictor.py,handler,3,0,0,0,0,2,0,0,1,0,0
execution-service,execution_service/sports_execution/adapters/scrapers/betway.py,handler,3,0,0,0,0,2,0,0,1,0,0
execution-service,execution_service/sports_execution/adapters/scrapers/boylesports.py,handler,3,0,0,0,0,2,0,0,1,0,0
execution-service,execution_service/sports_execution/adapters/scrapers/bwin.py,handler,3,0,0,0,0,2,0,0,1,0,0
execution-service,execution_service/sports_execution/adapters/scrapers/coral.py,handler,3,0,0,0,0,2,0,0,1,0,0
execution-service,execution_service/sports_execution/adapters/scrapers/ladbrokes.py,handler,3,0,0,0,0,2,0,0,1,0,0
execution-service,execution_service/sports_execution/adapters/scrapers/paddypower.py,handler,3,0,0,0,0,2,0,0,1,0,0
execution-service,execution_service/sports_execution/adapters/scrapers/skybet.py,handler,3,0,0,0,0,2,0,0,1,0,0
execution-service,execution_service/sports_execution/adapters/scrapers/unibet.py,handler,3,0,0,0,0,2,0,0,1,0,0
execution-service,execution_service/sports_execution/adapters/scrapers/williamhill.py,handler,3,0,0,0,0,2,0,0,1,0,0
execution-service,execution_service/trade_execution/adapters/binance_ccxt.py,handler,3,0,0,0,0,2,0,0,0,0,1
execution-service,execution_service/trade_execution/adapters/binance_native.py,handler,3,0,0,0,0,1,0,0,2,0,0
execution-service,execution_service/trade_execution/adapters/bybit_ccxt.py,handler,3,0,0,0,0,2,0,0,0,0,1
execution-service,execution_service/trade_execution/adapters/ccxt_common.py,handler,3,0,0,0,0,2,0,0,0,0,1
execution-service,execution_service/trade_execution/adapters/deribit_ccxt.py,handler,3,0,0,0,0,2,0,0,0,0,1
execution-service,execution_service/trade_execution/adapters/hyperliquid_ccxt.py,handler,3,0,0,0,0,2,0,0,0,0,1
execution-service,execution_service/trade_execution/adapters/okx_ccxt.py,handler,3,0,0,0,0,2,0,0,0,0,1
execution-service,execution_service/trade_execution/adapters/polymarket_adapter.py,handler,3,0,0,0,0,2,0,0,1,0,0
execution-service,execution_service/trade_execution/adapters/upbit_ccxt.py,handler,3,0,0,0,0,2,0,0,0,0,1
execution-service,tests/unit/engine/test_instruction_adapter.py,handler,3,0,0,0,0,0,0,0,0,0,3
execution-service,tests/unit/matching_engine/test_mode_dispatch.py,other,3,0,0,0,0,0,0,0,0,0,3
execution-service,tests/unit/test_dependency_checker.py,gcs_user,3,0,0,0,0,0,3,0,0,0,0
features-service,features_service/calendar/adapters/fred_adapter.py,handler,3,0,0,0,0,2,0,0,1,0,0
features-service,features_service/calendar/adapters/polygon_corporate_actions_adapter.py,handler,3,0,0,0,0,2,0,0,1,0,0
features-service,features_service/commodity/adapters/cftc.py,handler,3,0,0,1,0,2,0,0,0,0,0
features-service,scripts/calendar/smoke_matrix.py,gcs_user,3,0,0,0,0,0,3,0,0,0,0
features-service,scripts/commodity/smoke_matrix.py,gcs_user,3,0,0,0,0,0,3,0,0,0,0
features-service,scripts/cross_instrument/smoke_matrix.py,gcs_user,3,0,0,0,0,0,3,0,0,0,0
features-service,scripts/delta_one/seed_mock_data.py,other,3,0,0,0,0,0,0,0,0,0,3
features-service,scripts/delta_one/smoke_matrix.py,gcs_user,3,0,0,0,0,0,3,0,0,0,0
features-service,scripts/multi_timeframe/smoke_matrix.py,gcs_user,3,0,0,0,0,0,3,0,0,0,0
features-service,scripts/onchain/seed_mock_data.py,other,3,0,0,0,0,0,0,0,0,0,3
features-service,scripts/onchain/smoke_matrix.py,gcs_user,3,0,0,0,0,0,3,0,0,0,0
features-service,scripts/sports/seed_mock_data.py,other,3,0,0,0,0,0,0,0,0,0,3
features-service,scripts/sports/smoke_matrix.py,gcs_user,3,0,0,0,0,0,3,0,0,0,0
features-service,scripts/volatility/smoke_matrix.py,gcs_user,3,0,0,0,0,0,3,0,0,0,0
features-service,tests/calendar/unit/test_calendar_orchestrator_capture_status.py,manifest_writer,3,0,1,0,0,0,2,0,0,0,0
features-service,tests/onchain/unit/test_defi_data_source_routing.py,gcs_user,3,0,0,0,0,0,3,0,0,0,0
features-service,tests/onchain/unit/test_lst_native_rates.py,other,3,0,0,0,0,0,0,0,0,0,3
features-service,tests/onchain/unit/test_lst_yields_compute_runner.py,other,3,0,0,0,0,0,0,0,0,0,3
features-service,tests/unit/test_volatility_expected_unattempted.py,gcs_user,3,0,0,0,0,0,3,0,0,0,0
features-service,tests/volatility/unit/test_dependency_config_models.py,gcs_user,3,0,0,0,0,0,3,0,0,0,0
features-service,tests/volatility/unit/test_models.py,other,3,0,0,0,0,0,0,0,0,0,3
instruments-service,instruments_service/reference_data/adapters/defi/_solana_utils.py,handler,3,0,0,0,0,2,0,0,0,0,1
instruments-service,instruments_service/reference_data/adapters/sports/adapters/open_meteo.py,handler,3,0,0,0,0,2,0,0,0,0,1
instruments-service,instruments_service/reference_data/utils/evm_creation_resolver.py,gcs_user,3,0,0,0,0,0,0,0,0,0,3
instruments-service,instruments_service/triggers/sports_fixtures_daily_repoll.py,manifest_writer,3,0,0,0,1,0,0,0,0,0,2
instruments-service,scripts/migrate_sports_retired_types_2026_05_13.py,gcs_user,3,0,0,0,0,0,3,0,0,0,0
instruments-service,scripts/reconcile_phantom_manifest_rows_all.py,gcs_user,3,0,0,0,0,0,3,0,0,0,0
instruments-service,tests/reference_data/integration/test_instrument_schema.py,other,3,0,0,0,0,0,0,0,0,0,3
instruments-service,tests/unit/reference_data/test_catalogue.py,gcs_user,3,0,0,0,0,0,2,0,0,0,1
instruments-service,tests/unit/scripts/test_migrate_solana_bare_name_venues.py,gcs_user,3,0,0,0,0,0,3,0,0,0,0
instruments-service,tests/unit/test_betfair_polygon_polymarket_adapter.py,handler,3,0,0,0,0,0,0,0,0,0,3
instruments-service,tests/unit/test_phase2d_match_timing.py,manifest_writer,3,0,0,0,0,0,0,0,0,0,3
market-data-processing-service,market_data_processing_service/app/core/canonical_writer.py,manifest_writer,3,0,0,0,0,0,0,0,0,0,3
market-data-processing-service,scripts/seed_mock_data.py,other,3,0,0,0,0,0,0,0,0,0,3
market-tick-data-service,market_tick_data_service/adapters/drift_adapter.py,handler,3,0,0,0,0,2,0,0,1,0,0
market-tick-data-service,market_tick_data_service/cli/handlers/eigenlayer_rewards_handler.py,handler,3,0,0,0,1,0,0,0,2,0,0
market-tick-data-service,market_tick_data_service/cli/handlers/native_staking_handler.py,handler,3,0,0,0,1,0,0,0,1,0,1
market-tick-data-service,market_tick_data_service/cli/handlers/solana_defi_handler.py,handler,3,0,0,0,3,0,0,0,0,0,0
market-tick-data-service,market_tick_data_service/market_interface/adapters/cefi/ccxt_adapter.py,handler,3,0,0,0,0,2,0,0,0,0,1
market-tick-data-service,market_tick_data_service/market_interface/adapters/defi/aave_lending.py,handler,3,0,0,0,0,2,0,0,0,0,1
market-tick-data-service,market_tick_data_service/market_interface/adapters/defi/aave_utils.py,handler,3,0,0,0,0,2,0,0,0,0,1
market-tick-data-service,market_tick_data_service/market_interface/adapters/defi/governance_adapter.py,handler,3,0,0,0,0,2,0,0,1,0,0
market-tick-data-service,market_tick_data_service/market_interface/adapters/defi/live/hyperliquid_ws.py,handler,3,0,0,0,0,2,0,0,1,0,0
market-tick-data-service,market_tick_data_service/market_interface/adapters/defi/lst_coinbase_adapter.py,handler,3,0,0,0,0,2,0,0,1,0,0
market-tick-data-service,market_tick_data_service/market_interface/adapters/defi/restaking_jito_adapter.py,handler,3,0,0,0,0,2,0,0,1,0,0
market-tick-data-service,market_tick_data_service/market_interface/adapters/defi/restaking_karak_adapter.py,handler,3,0,0,0,0,2,0,0,1,0,0
market-tick-data-service,market_tick_data_service/market_interface/adapters/defi/restaking_symbiotic_adapter.py,handler,3,0,0,0,0,2,0,0,1,0,0
market-tick-data-service,market_tick_data_service/market_interface/adapters/defi/uniswap_v3_adapter.py,handler,3,0,0,0,0,1,0,0,0,0,2
market-tick-data-service,market_tick_data_service/market_interface/adapters/defi/vault_beefy_adapter.py,handler,3,0,0,0,0,2,0,0,1,0,0
market-tick-data-service,market_tick_data_service/market_interface/adapters/defi/vault_convex_adapter.py,handler,3,0,0,0,0,2,0,0,1,0,0
market-tick-data-service,market_tick_data_service/market_interface/adapters/defi/vault_idle_adapter.py,handler,3,0,0,0,0,2,0,0,1,0,0
market-tick-data-service,market_tick_data_service/market_interface/adapters/defi/vault_pendle_adapter.py,handler,3,0,0,0,0,2,0,0,1,0,0
market-tick-data-service,market_tick_data_service/market_interface/adapters/defi/vault_yearn_adapter.py,handler,3,0,0,0,0,2,0,0,1,0,0
market-tick-data-service,market_tick_data_service/market_interface/adapters/deribit_execution.py,handler,3,0,0,0,0,2,0,0,0,0,1
market-tick-data-service,market_tick_data_service/market_interface/adapters/onchain_perps/hyperliquid_adapter.py,handler,3,0,0,0,0,2,0,0,1,0,0
market-tick-data-service,market_tick_data_service/market_interface/adapters/tradfi/fred_adapter.py,handler,3,0,0,0,0,1,0,0,0,0,2
market-tick-data-service,market_tick_data_service/market_interface/adapters/tradfi/ibkr_adapter.py,handler,3,0,0,0,0,2,0,0,0,0,1
market-tick-data-service,market_tick_data_service/market_interface/adapters/tradfi/yahoo_finance_adapter.py,handler,3,0,0,0,0,2,0,0,0,0,1
market-tick-data-service,market_tick_data_service/market_interface/base_adapter.py,handler,3,0,0,0,0,2,0,0,0,0,1
market-tick-data-service,scripts/seed_mock_data.py,gcs_user,3,0,0,0,0,0,0,0,0,0,3
market-tick-data-service,scripts/seed_tick_data.py,other,3,0,0,0,0,0,0,0,0,0,3
market-tick-data-service,tests/integration/test_library_contracts.py,other,3,0,0,0,0,0,0,0,0,0,3
market-tick-data-service,tests/market_interface/fixtures/thegraph_responses.py,other,3,0,0,0,0,0,0,0,3,0,0
market-tick-data-service,tests/market_interface/unit/test_gas_fee_client.py,other,3,0,0,0,0,0,0,0,0,0,3
market-tick-data-service,tests/market_interface/unit/test_tradfi_adapters_extra.py,other,3,0,0,0,0,0,0,0,0,0,3
market-tick-data-service,tests/unit/test_websocket_streaming_handler.py,gcs_user,3,0,0,0,0,0,3,0,0,0,0
ml-inference-service,tests/unit/test_cascade_inference.py,other,3,0,0,0,0,0,0,0,0,0,3
ml-inference-service,tests/unit/test_dependency_checker.py,gcs_user,3,0,0,0,0,0,3,0,0,0,0
ml-service,tests/inference/unit/test_cascade_inference.py,other,3,0,0,0,0,0,0,0,0,0,3
ml-service,tests/inference/unit/test_dependency_checker.py,gcs_user,3,0,0,0,0,0,3,0,0,0,0
ml-service,tests/training/unit/test_cross_venue_spread_target.py,other,3,0,0,0,0,0,0,0,0,0,3
ml-service,tests/training/unit/test_incremental_training.py,other,3,0,0,0,0,0,0,0,0,0,3
ml-training-service,tests/unit/test_cross_venue_spread_target.py,other,3,0,0,0,0,0,0,0,0,0,3
ml-training-service,tests/unit/test_incremental_training.py,other,3,0,0,0,0,0,0,0,0,0,3
position-balance-monitor-service,scripts/capture_phase_9_evidence.py,gcs_user,3,0,0,0,0,0,3,0,0,0,0
risk-and-exposure-service,risk_and_exposure_service/isolation_policy.py,other,3,0,0,0,0,0,0,0,0,0,3
strategy-service,scripts/trace_carry_staked_basis.py,gcs_user,3,0,0,0,0,0,3,0,0,0,0
strategy-service,strategy_service/adapters/fill_subscriber.py,handler,3,0,0,0,0,2,0,0,0,1,0
strategy-service,strategy_service/engine/core/config_loader.py,gcs_user,3,0,0,0,0,0,2,0,0,0,1
strategy-service,strategy_service/models/__init__.py,other,3,0,0,0,0,0,0,0,0,0,3
strategy-service,strategy_service/topology_enforcement.py,other,3,0,0,0,0,0,0,0,0,0,3
strategy-service,tests/unit/version_governance/test_pending_approvals_runner.py,gcs_user,3,0,0,0,0,0,2,0,0,0,1
strategy-service,tests/unit/version_governance/test_version_publisher.py,gcs_user,3,0,0,0,0,0,2,0,0,0,1
unified-api-contracts,scripts/enumerate_envelope.py,gcs_user,3,0,0,0,0,0,3,0,0,0,0
unified-api-contracts,unified_api_contracts/canonical/domain/sports/mapping_resolver.py,gcs_user,3,0,0,0,0,0,3,0,0,0,0
unified-trading-api,tests/unit/routes/test_strategy_subscriptions.py,gcs_user,3,0,0,0,0,0,2,0,0,0,1
unified-trading-library,tests/events/unit/test_api.py,gcs_user,3,0,0,0,0,0,3,0,0,0,0
unified-trading-library,tests/events_interface/unit/test_api.py,gcs_user,3,0,0,0,0,0,3,0,0,0,0
unified-trading-library,tests/unit/circuit_breaker/test_recovery.py,other,3,0,0,0,0,0,0,0,0,0,3
unified-trading-library,tests/unit/reconcile/test_manifest.py,other,3,0,2,0,0,0,0,0,0,0,1
unified-trading-library,tests/unit/test_candidate_manifest_store.py,other,3,0,0,0,0,0,0,0,0,0,3
unified-trading-library,tests/unit/test_manifest_writer_emission_state.py,manifest_writer,3,0,0,0,3,0,0,0,0,0,0
unified-trading-library,tests/unit/test_manifest_writer_feature_family.py,manifest_writer,3,0,0,0,3,0,0,0,0,0,0
unified-trading-library,tests/unit/test_manifest_writer_pipeline_mode.py,manifest_writer,3,0,0,0,2,0,0,0,0,0,1
unified-trading-library,tests/unit/test_manifest_writer_record_empty_reason.py,manifest_writer,3,0,0,0,1,0,0,0,0,0,2
unified-trading-library,tests/unit/test_service_cli.py,handler,3,0,0,1,0,0,2,0,0,0,0
unified-trading-library,unified_trading_library/core/fault_injection.py,other,3,0,0,0,0,0,0,0,0,0,3
unified-trading-library,unified_trading_library/features_interface/adapters/understat.py,handler,3,0,0,0,0,2,0,0,0,0,1
unified-trading-library,unified_trading_library/post_trade/settler.py,handler,3,0,0,1,0,0,0,0,0,0,2
unified-trading-library,unified_trading_library/post_trade/statement_emitter.py,gcs_user,3,0,0,0,0,0,1,0,0,0,2
unified-trading-library,unified_trading_library/synthetic/cli.py,gcs_user,3,0,0,0,0,0,0,0,0,0,3
alerting-service,tests/integration/test_qg_snapshot_stale.py,gcs_user,2,0,0,0,0,0,2,0,0,0,0
client-reporting-api,scripts/backfill_history.py,other,2,0,0,0,0,0,0,0,0,2,0
client-reporting-api,scripts/seed_demo_client.py,gcs_user,2,0,0,0,0,0,0,0,0,0,2
client-reporting-api,tests/unit/test_seed_demo_client.py,other,2,0,0,0,0,0,0,0,0,0,2
deployment-api,deployment_api/routes/chaos_injections.py,other,2,0,0,0,0,0,0,0,0,0,2
deployment-api,deployment_api/routes/recursive_borrow_coverage.py,other,2,0,0,0,0,0,0,0,0,1,1
deployment-api,deployment_api/routes/service_status_execution.py,gcs_user,2,0,0,0,0,0,2,0,0,0,0
deployment-api,deployment_api/services/data_query_service.py,gcs_user,2,0,0,0,0,0,2,0,0,0,0
deployment-api,deployment_api/services/data_status_hierarchical.py,gcs_user,2,0,0,0,0,0,1,0,0,0,1
deployment-api,deployment_api/services/deploy_missing_launch.py,launcher,2,1,0,0,0,0,1,0,0,0,0
deployment-api,deployment_api/utils/cloud_storage_client.py,gcs_user,2,0,0,0,0,0,2,0,0,0,0
deployment-api,deployment_api/utils/path_combinatorics.py,gcs_user,2,0,0,0,0,0,0,0,0,0,2
deployment-api,tests/unit/api/test_kill_switch_routes.py,other,2,0,0,0,0,0,0,0,0,0,2
deployment-api,tests/unit/test_backfill_launch.py,launcher,2,1,0,0,0,0,1,0,0,0,0
deployment-api,tests/unit/test_capture_status_csv_bodies.py,gcs_user,2,0,0,0,0,0,2,0,0,0,0
deployment-api,tests/unit/test_deployment_service_client.py,gcs_user,2,0,0,0,0,0,2,0,0,0,0
deployment-api,tests/unit/test_deployments_helpers.py,gcs_user,2,0,0,0,0,0,0,0,0,0,2
deployment-api,tests/unit/test_route_client_treasury.py,other,2,0,0,0,0,0,0,0,0,0,2
deployment-service,deployment_service/cloud/storage_client.py,gcs_user,2,0,0,0,0,0,2,0,0,0,0
deployment-service,deployment_service/vm/heartbeat_cli.py,launcher,2,1,0,0,0,0,1,0,0,0,0
deployment-service,scripts/aggregate_instruments.py,gcs_user,2,0,0,0,0,0,2,0,0,0,0
deployment-service,scripts/seed_mock_data.py,other,2,0,0,0,0,0,0,0,0,0,2
deployment-service,scripts/sync/sync-configs.py,gcs_user,2,0,0,0,0,0,2,0,0,0,0
deployment-service,scripts/vm/vm_zombie_watchdog.py,launcher,2,1,0,0,0,0,0,0,0,0,1
deployment-service,scripts/vm/vm_zombie_watchdog_aws.py,launcher,2,1,0,0,0,0,0,0,0,0,1
deployment-service,tests/unit/test_dependencies.py,gcs_user,2,0,0,0,0,0,2,0,0,0,0
deployment-service,tests/unit/test_deployments_registry.py,gcs_user,2,0,0,0,0,0,2,0,0,0,0
e2e-testing,scripts/defi/colocated_engine.py,gcs_user,2,0,0,0,0,0,1,0,0,0,1
e2e-testing,scripts/defi/run_dr_drill_cutover.py,gcs_user,2,0,0,0,0,0,1,0,0,0,1
e2e-testing,scripts/defi/test_collateral_validation.py,other,2,0,0,0,0,0,0,0,0,0,2
e2e-testing,scripts/sports/arb_rolling_backtest.py,other,2,0,0,0,0,0,0,0,0,0,2
e2e-testing,scripts/sports/audit_production_vs_e2e.py,gcs_user,2,0,0,0,0,0,1,0,0,0,1
e2e-testing,scripts/sports/betfair_merge.py,other,2,0,0,0,0,0,0,0,0,0,2
e2e-testing,scripts/sports/odds_api_betfair_audit.py,other,2,0,0,0,0,0,0,0,0,0,2
e2e-testing,scripts/sports/odds_api_live_feed.py,other,2,0,0,0,0,0,0,0,1,1,0
e2e-testing,tests/integration/conftest.py,other,2,0,0,0,0,0,0,0,2,0,0
e2e-testing,tests/integration/test_sports_protocols.py,other,2,0,0,0,0,0,0,0,2,0,0
execution-service,execution_service/adapters/defi_adapter.py,handler,2,0,0,0,0,2,0,0,0,0,0
execution-service,execution_service/adapters/sports_factory.py,handler,2,0,0,0,0,2,0,0,0,0,0
execution-service,execution_service/cli/batch_backtest.py,gcs_user,2,0,0,0,0,0,2,0,0,0,0
execution-service,execution_service/cli/multi_leg_config_pools.py,gcs_user,2,0,0,0,0,0,0,0,0,2,0
execution-service,execution_service/custody/copper.py,other,2,0,0,0,0,0,0,0,2,0,0
execution-service,execution_service/data/gcs_data_loading.py,gcs_user,2,0,0,0,0,0,2,0,0,0,0
execution-service,execution_service/defi_execution/helpers/perp_hedge_sizer.py,other,2,0,0,0,0,0,0,0,0,0,2
execution-service,execution_service/defi_execution/protocols/cctp.py,other,2,0,0,0,0,0,0,0,0,0,2
execution-service,execution_service/engine/handlers/transfer_handler.py,handler,2,0,0,1,0,0,0,0,0,0,1
execution-service,execution_service/engine/multi_leg_orchestrator.py,other,2,0,0,0,0,0,0,0,0,0,2
execution-service,execution_service/engine/transfers/live_ccxt_adapter.py,handler,2,0,0,0,0,2,0,0,0,0,0
execution-service,execution_service/engine/validation/instruction_validator.py,gcs_user,2,0,0,0,0,0,2,0,0,0,0
execution-service,execution_service/models/execution_result.py,other,2,0,0,0,0,0,0,0,0,0,2
execution-service,execution_service/services/bridge_cost_model.py,other,2,0,0,0,0,0,0,0,1,0,1
execution-service,execution_service/services/eth_balance_tracker.py,other,2,0,0,0,0,0,0,0,0,0,2
execution-service,execution_service/services/gas_cost_model.py,other,2,0,0,0,0,0,0,0,0,0,2
execution-service,execution_service/sports_execution/adapters/exchanges/matchbook.py,handler,2,0,0,0,0,0,0,0,0,0,2
execution-service,execution_service/sports_execution/adapters/scrapers/base_scraper.py,handler,2,0,0,0,0,2,0,0,0,0,0
execution-service,execution_service/sports_execution/adapters/unity/bridge.py,handler,2,0,0,0,0,2,0,0,0,0,0
execution-service,execution_service/sports_execution/adapters/unity/fill_reports.py,handler,2,0,0,0,0,2,0,0,0,0,0
execution-service,execution_service/sports_execution/adapters/unity/mock_feed_connector.py,handler,2,0,0,0,0,2,0,0,0,0,0
execution-service,execution_service/sports_execution/adapters/unity/protocol.py,handler,2,0,0,0,0,2,0,0,0,0,0
execution-service,execution_service/sports_execution/adapters/unity/sidecar.py,handler,2,0,0,0,0,2,0,0,0,0,0
execution-service,execution_service/trade_execution/adapters/bitfinex_native.py,handler,2,0,0,0,0,1,0,0,1,0,0
execution-service,execution_service/trade_execution/adapters/bitget_native.py,handler,2,0,0,0,0,1,0,0,1,0,0
execution-service,execution_service/trade_execution/adapters/bybit_native.py,handler,2,0,0,0,0,1,0,0,1,0,0
execution-service,execution_service/trade_execution/adapters/coinbase_ccxt.py,handler,2,0,0,0,0,2,0,0,0,0,0
execution-service,execution_service/trade_execution/adapters/ibkr_tradfi.py,handler,2,0,0,0,0,2,0,0,0,0,0
execution-service,execution_service/trade_execution/adapters/kraken_rest_adapter.py,handler,2,0,0,0,0,1,0,0,1,0,0
execution-service,execution_service/trade_execution/adapters/okx_native.py,handler,2,0,0,0,0,1,0,0,1,0,0
execution-service,execution_service/trade_execution/adapters/sports_adapter.py,handler,2,0,0,0,0,2,0,0,0,0,0
execution-service,execution_service/trade_execution/base_adapter.py,handler,2,0,0,0,0,2,0,0,0,0,0
execution-service,scripts/run_amm_golden_validation.py,gcs_user,2,0,0,0,0,0,2,0,0,0,0
execution-service,scripts/run_lending_rate_validation.py,gcs_user,2,0,0,0,0,0,2,0,0,0,0
execution-service,scripts/seed_mock_data.py,other,2,0,0,0,0,0,0,0,0,0,2
execution-service,tests/defi_execution/integration/test_uic_integration.py,other,2,0,0,0,0,0,0,0,0,0,2
execution-service,tests/defi_execution/unit/test_recursive_loop_orchestrator.py,other,2,0,0,0,0,0,0,0,0,0,2
execution-service,tests/defi_execution/unit/test_solana_connectors.py,other,2,0,0,0,0,0,0,0,1,0,1
execution-service,tests/smoke/test_shard_combinatorics.py,gcs_user,2,0,0,0,0,0,2,0,0,0,0
execution-service,tests/sports_execution/unit/exchanges/test_betfair_adapter.py,handler,2,0,0,0,0,2,0,0,0,0,0
execution-service,tests/sports_execution/unit/scrapers/test_bet365_adapter.py,handler,2,0,0,0,0,2,0,0,0,0,0
execution-service,tests/unit/cli/test_backtest_args.py,gcs_user,2,0,0,0,0,0,2,0,0,0,0
execution-service,tests/unit/custody/test_cloud_kms_provider.py,other,2,0,0,0,0,0,0,0,0,0,2
execution-service,tests/unit/custody/test_copper_provider.py,other,2,0,0,0,0,0,0,0,2,0,0
execution-service,tests/unit/defi_execution/test_cctp.py,other,2,0,0,0,0,0,0,0,0,0,2
execution-service,tests/unit/defi_execution/test_hyperliquid_bridge.py,other,2,0,0,0,0,0,0,0,2,0,0
execution-service,tests/unit/defi_execution/test_perp_hedge_sizer.py,other,2,0,0,0,0,0,0,0,0,0,2
execution-service,tests/unit/engine/test_multi_leg_orchestrator_new.py,other,2,0,0,0,0,0,0,0,0,0,2
execution-service,tests/unit/engine/test_wallet_preflight_wire_in.py,other,2,0,0,0,0,0,0,0,0,0,2
execution-service,tests/unit/test_gcs_dependency_checker.py,gcs_user,2,0,0,0,0,0,2,0,0,0,0
features-service,features_service/calendar/adapters/storage_adapter.py,handler,2,0,0,0,0,2,0,0,0,0,0
features-service,features_service/calendar/adapters/yfinance_earnings_adapter.py,handler,2,0,0,0,0,2,0,0,0,0,0
features-service,features_service/cefi/calculators/perp_funding_rates.py,manifest_writer,2,0,0,0,0,0,1,0,0,0,1
features-service,features_service/onchain/adapters/defillama_yields_adapter.py,handler,2,0,0,0,0,2,0,0,0,0,0
features-service,features_service/onchain/adapters/dex_swap_adapter.py,handler,2,0,0,0,0,2,0,0,0,0,0
features-service,features_service/onchain/adapters/mtds_canonical_reader.py,handler,2,0,0,0,0,2,0,0,0,0,0
features-service,features_service/onchain/app/core/feature_writer.py,gcs_user,2,0,0,0,0,0,2,0,0,0,0
features-service,features_service/onchain/calculators/perp_funding_rates_defi.py,manifest_writer,2,0,0,0,0,0,1,0,0,0,1
features-service,scripts/calendar/seed_mock_data.py,other,2,0,0,0,0,0,0,0,0,0,2
features-service,tests/cross_instrument/unit/test_emission_policy.py,other,2,0,0,0,0,0,0,0,0,0,2
features-service,tests/delta_one/integration/test_delta_one_deps_integration.py,gcs_user,2,0,0,0,0,0,0,0,0,0,2
features-service,tests/multi_timeframe/unit/test_orchestrator.py,gcs_user,2,0,0,0,0,0,2,0,0,0,0
features-service,tests/onchain/unit/test_feature_writer_pure.py,gcs_user,2,0,0,0,0,0,2,0,0,0,0
features-service,tests/onchain/unit/test_mtds_canonical_reader.py,gcs_user,2,0,0,0,0,0,2,0,0,0,0
features-service,tests/sports/unit/test_emission_policy.py,other,2,0,0,0,0,0,0,0,0,0,2
features-service,tests/volatility/unit/test_volatility_calculator.py,other,2,0,0,0,0,0,0,0,0,0,2
instruments-service,instruments_service/reference_data/adapters/cefi/ccxt_adapter.py,handler,2,0,0,0,0,2,0,0,0,0,0
instruments-service,instruments_service/reference_data/adapters/sports/_normalizer.py,handler,2,0,0,0,0,2,0,0,0,0,0
instruments-service,instruments_service/reference_data/adapters/sports/adapters/soccerfootball_info.py,handler,2,0,0,0,0,2,0,0,0,0,0
instruments-service,instruments_service/reference_data/adapters/tradfi/futures_factory.py,handler,2,0,0,0,0,2,0,0,0,0,0
instruments-service,instruments_service/reference_data/adapters/tradfi/ibkr.py,handler,2,0,0,0,0,2,0,0,0,0,0
instruments-service,instruments_service/reference_data/adapters/tradfi/polygon.py,handler,2,0,0,0,0,2,0,0,0,0,0
instruments-service,instruments_service/reference_data/adapters/tradfi/tradfi_live.py,handler,2,0,0,0,0,2,0,0,0,0,0
instruments-service,instruments_service/reference_data/base_adapter.py,handler,2,0,0,0,0,2,0,0,0,0,0
instruments-service,scripts/audit_fixtures_via_api_football.py,gcs_user,2,0,0,0,0,0,1,0,0,0,1
instruments-service,scripts/backfill-absence-type.py,gcs_user,2,0,0,0,0,0,1,0,0,0,1
instruments-service,scripts/migrate_defi_legacy_venue_chain.py,gcs_user,2,0,0,0,0,0,1,0,0,0,1
instruments-service,scripts/recover_fixtures_from_truthset.py,manifest_writer,2,0,0,0,0,0,0,0,0,0,2
instruments-service,tests/reference_data/integration/test_vcr_reference_data.py,other,2,0,0,0,0,0,0,0,0,0,2
instruments-service,tests/unit/test_api_contracts.py,other,2,0,0,0,0,0,0,0,0,0,2
instruments-service,tests/unit/test_base_adapter.py,handler,2,0,0,0,0,2,0,0,0,0,0
instruments-service,tests/unit/test_ibkr_adapter.py,handler,2,0,0,0,0,2,0,0,0,0,0
market-data-processing-service,market_data_processing_service/app/adapters/cefi/book_snapshot_adapter.py,handler,2,0,0,0,0,2,0,0,0,0,0
market-data-processing-service,market_data_processing_service/app/adapters/cefi/trades_adapter.py,handler,2,0,0,0,0,2,0,0,0,0,0
market-data-processing-service,market_data_processing_service/app/adapters/defi/swap_adapter.py,handler,2,0,0,0,0,2,0,0,0,0,0
market-data-processing-service,scripts/smoke_matrix.py,gcs_user,2,0,0,0,0,0,1,0,0,0,1
market-data-processing-service,tests/unit/test_canonical_writer_record_helpers.py,manifest_writer,2,0,0,0,0,0,0,0,0,0,2
market-data-processing-service,tests/unit/test_processing_stats.py,manifest_writer,2,0,0,0,0,0,2,0,0,0,0
market-tick-data-service,market_tick_data_service/adapters/hyperliquid_s3.py,handler,2,0,0,0,0,2,0,0,0,0,0
market-tick-data-service,market_tick_data_service/adapters/umi_tick_provider.py,handler,2,0,0,0,0,2,0,0,0,0,0
market-tick-data-service,market_tick_data_service/cli/handlers/lst_rates_handler.py,handler,2,0,0,0,2,0,0,0,0,0,0
market-tick-data-service,market_tick_data_service/cli/handlers/mev_events_handler.py,handler,2,0,0,0,1,0,0,0,1,0,0
market-tick-data-service,market_tick_data_service/cli/handlers/position_data_handler.py,handler,2,0,0,0,2,0,0,0,0,0,0
market-tick-data-service,market_tick_data_service/cli/handlers/vault_share_price_handler.py,handler,2,0,0,0,2,0,0,0,0,0,0
market-tick-data-service,market_tick_data_service/market_interface/adapters/bybit.py,handler,2,0,0,0,0,0,0,0,0,0,2
market-tick-data-service,market_tick_data_service/market_interface/adapters/cefi/tardis_shared.py,handler,2,0,0,0,0,2,0,0,0,0,0
market-tick-data-service,market_tick_data_service/market_interface/adapters/defi/_async_utils.py,handler,2,0,0,0,0,2,0,0,0,0,0
market-tick-data-service,market_tick_data_service/market_interface/adapters/defi/aave_positions.py,handler,2,0,0,0,0,2,0,0,0,0,0
market-tick-data-service,market_tick_data_service/market_interface/adapters/defi/base_defi_adapter.py,handler,2,0,0,0,0,2,0,0,0,0,0
market-tick-data-service,market_tick_data_service/market_interface/adapters/defi/block_utils.py,handler,2,0,0,0,0,2,0,0,0,0,0
market-tick-data-service,market_tick_data_service/market_interface/adapters/defi/canonical_write.py,handler,2,0,0,0,0,2,0,0,0,0,0
market-tick-data-service,market_tick_data_service/market_interface/adapters/defi/defillama_adapter.py,handler,2,0,0,0,0,0,0,0,0,0,2
market-tick-data-service,market_tick_data_service/market_interface/adapters/defi/ethena_adapter.py,handler,2,0,0,0,0,2,0,0,0,0,0
market-tick-data-service,market_tick_data_service/market_interface/adapters/defi/fluid_adapter.py,handler,2,0,0,0,0,2,0,0,0,0,0
market-tick-data-service,market_tick_data_service/market_interface/adapters/defi/live/onchain_event_poller.py,handler,2,0,0,0,0,2,0,0,0,0,0
market-tick-data-service,market_tick_data_service/market_interface/adapters/defi/lst_kelpdao_adapter.py,handler,2,0,0,0,0,2,0,0,0,0,0
market-tick-data-service,market_tick_data_service/market_interface/adapters/defi/lst_lido_adapter.py,handler,2,0,0,0,0,2,0,0,0,0,0
market-tick-data-service,market_tick_data_service/market_interface/adapters/defi/lst_puffer_adapter.py,handler,2,0,0,0,0,2,0,0,0,0,0
market-tick-data-service,market_tick_data_service/market_interface/adapters/defi/lst_renzo_adapter.py,handler,2,0,0,0,0,2,0,0,0,0,0
market-tick-data-service,market_tick_data_service/market_interface/adapters/defi/lst_rocket_pool_adapter.py,handler,2,0,0,0,0,2,0,0,0,0,0
market-tick-data-service,market_tick_data_service/market_interface/adapters/defi/lst_solblaze_adapter.py,handler,2,0,0,0,0,2,0,0,0,0,0
market-tick-data-service,market_tick_data_service/market_interface/adapters/defi/morpho_adapter.py,handler,2,0,0,0,0,1,0,0,1,0,0
market-tick-data-service,market_tick_data_service/market_interface/adapters/deribit.py,handler,2,0,0,0,0,0,0,0,0,0,2
market-tick-data-service,market_tick_data_service/market_interface/adapters/deribit_ws_mixin.py,handler,2,0,0,0,0,2,0,0,0,0,0
market-tick-data-service,market_tick_data_service/market_interface/adapters/okx.py,handler,2,0,0,0,0,0,0,0,0,0,2
market-tick-data-service,market_tick_data_service/market_interface/adapters/onchain_perps/aster_adapter.py,handler,2,0,0,0,0,2,0,0,0,0,0
market-tick-data-service,market_tick_data_service/market_interface/adapters/tradfi/databento_classifier.py,handler,2,0,0,0,0,2,0,0,0,0,0
market-tick-data-service,market_tick_data_service/market_interface/adapters/tradfi/databento_cme_converter.py,handler,2,0,0,0,0,2,0,0,0,0,0
market-tick-data-service,market_tick_data_service/market_interface/adapters/tradfi/databento_opra_converter.py,handler,2,0,0,0,0,2,0,0,0,0,0
market-tick-data-service,market_tick_data_service/market_interface/adapters/tradfi/ofr_adapter.py,handler,2,0,0,0,0,0,0,0,1,0,1
market-tick-data-service,market_tick_data_service/market_interface/websocket/handlers/binance.py,handler,2,0,0,1,0,0,0,0,1,0,0
market-tick-data-service,market_tick_data_service/scripts/migrate_mtds_defi_legacy_venue_underscore.py,launcher,2,1,0,0,0,0,0,0,0,0,1
market-tick-data-service,scripts/migrate_cefi_instrument_types.py,gcs_user,2,0,0,0,0,0,1,0,0,1,0
market-tick-data-service,scripts/validate_manifest_coverage.py,gcs_user,2,0,0,0,0,0,0,0,0,0,2
market-tick-data-service,tests/market_interface/adapters/tradfi/test_databento_exception_classifier.py,handler,2,0,0,0,0,2,0,0,0,0,0
market-tick-data-service,tests/market_interface/unit/test_sports_adapters.py,other,2,0,0,0,0,0,0,0,0,0,2
market-tick-data-service,tests/unit/market_interface/adapters/defi/test_lst_coinbase_adapter.py,handler,2,0,0,0,0,2,0,0,0,0,0
market-tick-data-service,tests/unit/test_drift_adapter.py,handler,2,0,0,0,0,2,0,0,0,0,0
ml-inference-service,tests/unit/test_batch_inference.py,handler,2,0,0,1,0,0,1,0,0,0,0
ml-inference-service,tests/unit/test_cascade_publisher.py,other,2,0,0,0,0,0,0,0,0,0,2
ml-inference-service,tests/unit/test_meta_signal_inference.py,other,2,0,0,0,0,0,0,0,0,0,2
ml-inference-service,tests/unit/test_model_promotion_subscriber.py,gcs_user,2,0,0,0,0,0,2,0,0,0,0
ml-service,ml_service/training/adapters/feature_data_adapter.py,handler,2,0,0,0,0,2,0,0,0,0,0
ml-service,ml_service/training/api/training_control_api.py,other,2,0,0,0,0,0,0,0,0,0,2
ml-service,ml_service/training/app/core/cross_asset_training_pipeline.py,other,2,0,0,0,0,0,0,0,0,0,2
ml-service,ml_service/training/app/core/family_router.py,other,2,0,0,0,0,0,0,0,0,0,2
ml-service,ml_service/training/cli/handlers/__init__.py,handler,2,0,0,1,0,0,1,0,0,0,0
ml-service,ml_service/training/cli/handlers/pipeline_handler.py,handler,2,0,0,1,0,0,0,0,0,0,1
ml-service,tests/inference/unit/test_batch_inference.py,handler,2,0,0,1,0,0,1,0,0,0,0
ml-service,tests/inference/unit/test_cascade_publisher.py,other,2,0,0,0,0,0,0,0,0,0,2
ml-service,tests/inference/unit/test_meta_signal_inference.py,other,2,0,0,0,0,0,0,0,0,0,2
ml-service,tests/inference/unit/test_model_promotion_subscriber.py,gcs_user,2,0,0,0,0,0,2,0,0,0,0
ml-service,tests/training/unit/test_sports_target_builders.py,other,2,0,0,0,0,0,0,0,0,0,2
ml-training-service,ml_training_service/adapters/feature_data_adapter.py,handler,2,0,0,0,0,2,0,0,0,0,0
ml-training-service,ml_training_service/api/training_control_api.py,other,2,0,0,0,0,0,0,0,0,0,2
ml-training-service,ml_training_service/app/core/cross_asset_training_pipeline.py,other,2,0,0,0,0,0,0,0,0,0,2
ml-training-service,ml_training_service/app/core/family_router.py,other,2,0,0,0,0,0,0,0,0,0,2
ml-training-service,ml_training_service/cli/handlers/__init__.py,handler,2,0,0,1,0,0,1,0,0,0,0
ml-training-service,ml_training_service/cli/handlers/pipeline_handler.py,handler,2,0,0,1,0,0,0,0,0,0,1
ml-training-service,tests/unit/test_sports_target_builders.py,other,2,0,0,0,0,0,0,0,0,0,2
pnl-attribution-service,pnl_attribution_service/adapters/domain_adapter.py,handler,2,0,0,0,0,2,0,0,0,0,0
pnl-attribution-service,scripts/seed_mock_data.py,other,2,0,0,0,0,0,0,0,0,0,2
position-balance-monitor-service,position_balance_monitor_service/position_interface/adapters/binance.py,handler,2,0,0,0,0,0,0,0,2,0,0
position-balance-monitor-service,position_balance_monitor_service/position_interface/adapters/bybit.py,handler,2,0,0,0,0,0,0,0,2,0,0
position-balance-monitor-service,position_balance_monitor_service/position_interface/adapters/ibkr.py,handler,2,0,0,0,0,2,0,0,0,0,0
position-balance-monitor-service,scripts/seed_mock_data.py,other,2,0,0,0,0,0,0,0,0,0,2
position-balance-monitor-service,tests/unit/test_client_id_resolver.py,other,2,0,0,0,0,0,0,0,0,0,2
risk-and-exposure-service,scripts/seed_mock_data.py,other,2,0,0,0,0,0,0,0,0,0,2
strategy-service,scripts/run_2yr_config_grid_backtest.py,gcs_user,2,0,0,0,0,0,2,0,0,0,0
strategy-service,scripts/seed_mock_data.py,other,2,0,0,0,0,0,0,0,0,0,2
strategy-service,strategy_service/adapters/cascade_subscriber.py,handler,2,0,0,0,0,2,0,0,0,0,0
strategy-service,strategy_service/adapters/signal_hub.py,handler,2,0,0,0,0,2,0,0,0,0,0
strategy-service,strategy_service/adapters/sports/arbitrage_detector.py,handler,2,0,0,0,0,0,0,0,0,0,2
strategy-service,strategy_service/adapters/sports_feature_subscriber.py,handler,2,0,0,0,0,2,0,0,0,0,0
strategy-service,strategy_service/cli/grid_generator.py,gcs_user,2,0,0,0,0,0,1,0,0,0,1
strategy-service,strategy_service/cli/handlers/seed_lifecycle_handler.py,handler,2,0,0,1,0,0,0,0,0,0,1
strategy-service,tests/unit/engine/strategies/v2/test_strategy_wallet_preflight.py,other,2,0,0,0,0,0,0,0,0,0,2
strategy-service,tests/unit/test_domain_event_logger.py,other,2,0,0,0,0,0,0,0,0,0,2
strategy-service,tests/unit/test_live_mode_handler.py,gcs_user,2,0,0,0,0,0,2,0,0,0,0
strategy-service,tests/unit/test_order_validation.py,other,2,0,0,0,0,0,0,0,0,0,2
system-integration-tests,tests/architecture/test_import_boundaries.py,other,2,0,0,0,0,0,0,0,0,0,2
system-integration-tests,tests/integration/test_data_freshness.py,other,2,0,0,0,0,0,0,0,0,0,2
system-integration-tests,tests/integration/test_instrument_alignment.py,other,2,0,0,0,0,0,0,0,0,0,2
system-integration-tests,tests/overnight/test_archetype_cascade.py,other,2,0,0,0,0,0,0,0,0,0,2
system-integration-tests,tests/overnight/test_defi_paper_flows.py,other,2,0,0,0,0,0,0,0,0,0,2
trading-agent-service,trading_agent_service/adapters/execution_adapter.py,handler,2,0,0,0,0,2,0,0,0,0,0
trading-agent-service,trading_agent_service/adapters/features_adapter.py,handler,2,0,0,0,0,2,0,0,0,0,0
trading-agent-service,trading_agent_service/adapters/risk_adapter.py,handler,2,0,0,0,0,2,0,0,0,0,0
unified-api-contracts,scripts/enumerate_strategy_instruments.py,gcs_user,2,0,0,0,0,0,2,0,0,0,0
unified-api-contracts,scripts/generate_instrument_catalogue.py,gcs_user,2,0,0,0,0,0,2,0,0,0,0
unified-api-contracts,tests/internal/unit/domain/strategy_service/test_candidate_manifest.py,gcs_user,2,0,0,0,0,0,2,0,0,0,0
unified-api-contracts,unified_api_contracts/internal/schemas/_ml_training_contract.py,gcs_user,2,0,0,0,0,0,2,0,0,0,0
unified-trading-library,tests/cloud_interface/unit/test_gcp_secret_storage_build.py,gcs_user,2,0,0,0,0,0,2,0,0,0,0
unified-trading-library,tests/cloud_interface/unit/test_protocol.py,gcs_user,2,0,0,0,0,0,2,0,0,0,0
unified-trading-library,tests/config_interface/unit/test_loaders.py,gcs_user,2,0,0,0,0,0,2,0,0,0,0
unified-trading-library,tests/events/unit/test_event_logging.py,gcs_user,2,0,0,0,0,0,2,0,0,0,0
unified-trading-library,tests/events/unit/test_missing_coverage.py,gcs_user,2,0,0,0,0,0,2,0,0,0,0
unified-trading-library,tests/events_interface/unit/test_event_logging.py,gcs_user,2,0,0,0,0,0,2,0,0,0,0
unified-trading-library,tests/events_interface/unit/test_missing_coverage.py,gcs_user,2,0,0,0,0,0,2,0,0,0,0
unified-trading-library,tests/integration/test_deps_integration.py,gcs_user,2,0,0,0,0,0,2,0,0,0,0
unified-trading-library,tests/integration/test_library_deps_integration.py,gcs_user,2,0,0,0,0,0,2,0,0,0,0
unified-trading-library,tests/integration/wallet_treasury/test_phase2_integration.py,other,2,0,0,0,0,0,0,0,0,0,2
unified-trading-library,tests/integration/wallet_treasury/test_phase5_integration.py,other,2,0,0,0,0,0,0,0,0,0,2
unified-trading-library,tests/unit/risk/test_family_aggregator.py,other,2,0,0,0,0,0,0,0,0,0,2
unified-trading-library,tests/unit/risk/test_rule_evaluator.py,other,2,0,0,0,0,0,0,0,0,0,2
unified-trading-library,tests/unit/risk_preflight/test_wallet_preflight.py,other,2,0,0,0,0,0,0,0,0,0,2
unified-trading-library,tests/unit/test_g9_regression_canonicalisation.py,manifest_writer,2,0,0,0,0,0,1,0,0,0,1
unified-trading-library,tests/unit/test_instruments_preflight.py,gcs_user,2,0,0,0,0,0,0,0,0,0,2
unified-trading-library,tests/unit/test_legacy_reason_classifier.py,manifest_writer,2,0,0,0,0,0,0,0,0,0,2
unified-trading-library,tests/unit/test_manifest_writer_coverage_counts.py,manifest_writer,2,0,0,0,2,0,0,0,0,0,0
unified-trading-library,tests/unit/test_timestamp_validation.py,gcs_user,2,0,0,0,0,0,2,0,0,0,0
unified-trading-library,tests/unit/test_utils_id_conventions.py,gcs_user,2,0,0,0,0,0,2,0,0,0,0
unified-trading-library,unified_trading_library/allocation/engine.py,other,2,0,0,0,0,0,0,0,0,0,2
unified-trading-library,unified_trading_library/client_lifecycle/onboarding.py,gcs_user,2,0,0,0,0,0,0,0,0,0,2
unified-trading-library,unified_trading_library/cloud_interface/abstractions.py,gcs_user,2,0,0,0,0,0,2,0,0,0,0
unified-trading-library,unified_trading_library/dependency_check.py,gcs_user,2,0,0,0,0,0,2,0,0,0,0
unified-trading-library,unified_trading_library/domain_client/catalog/bq_catalog.py,gcs_user,2,0,0,0,0,0,2,0,0,0,0
unified-trading-library,unified_trading_library/experiment_tracker.py,gcs_user,2,0,0,0,0,0,2,0,0,0,0
unified-trading-library,unified_trading_library/manifest_reader_fallback.py,gcs_user,2,0,0,0,0,0,2,0,0,0,0
unified-trading-library,unified_trading_library/risk_preflight/wallet_preflight.py,other,2,0,0,0,0,0,0,0,0,0,2
unified-trading-library,unified_trading_library/service_framework/_adapter.py,handler,2,0,0,0,0,2,0,0,0,0,0
unified-trading-library,unified_trading_library/treasury/approval_bus.py,other,2,0,0,0,0,0,0,0,0,0,2
unified-trading-library,unified_trading_library/treasury/custody_pinger.py,other,2,0,0,0,0,0,0,0,0,0,2
agent-orchestrator,scripts/e2e_demo.py,other,1,0,0,0,0,0,0,0,1,0,0
agent-orchestrator,server/gcs_sync.py,gcs_user,1,0,0,0,0,0,1,0,0,0,0
alerting-service,alerting_service/cli/handlers/__init__.py,handler,1,0,0,1,0,0,0,0,0,0,0
alerting-service,alerting_service/cli/handlers/alert_handler.py,handler,1,0,0,1,0,0,0,0,0,0,0
alerting-service,alerting_service/dr_event_handler.py,other,1,0,0,0,0,0,0,0,0,0,1
alerting-service,alerting_service/notifiers/pagerduty.py,gcs_user,1,0,0,0,0,0,0,0,1,0,0
alerting-service,alerting_service/notifiers/telegram.py,other,1,0,0,0,0,0,0,0,1,0,0
alerting-service,alerting_service/rules/risk_threshold_rules.py,other,1,0,0,0,0,0,0,0,0,0,1
alerting-service,scripts/seed_mock_data.py,other,1,0,0,0,0,0,0,0,0,0,1
alerting-service,tests/integration/test_mode_aware_alerts.py,other,1,0,0,0,0,0,0,0,0,0,1
alerting-service,tests/unit/test_dr_event_handler.py,other,1,0,0,0,0,0,0,0,0,0,1
alerting-service,tests/unit/test_kill_switch_bus_subscriber.py,other,1,0,0,0,0,0,0,0,0,0,1
batch-live-reconciliation-service,batch_live_reconciliation_service/cli/handlers/__init__.py,handler,1,0,0,1,0,0,0,0,0,0,0
batch-live-reconciliation-service,batch_live_reconciliation_service/cli/handlers/reconcile_handler.py,handler,1,0,0,1,0,0,0,0,0,0,0
batch-live-reconciliation-service,batch_live_reconciliation_service/stages/stage4_agent_analysis.py,gcs_user,1,0,0,0,0,0,1,0,0,0,0
batch-live-reconciliation-service,batch_live_reconciliation_service/stages/stage5_results_writer.py,gcs_user,1,0,0,0,0,0,1,0,0,0,0
batch-live-reconciliation-service,scripts/seed_mock_data.py,other,1,0,0,0,0,0,0,0,0,0,1
batch-live-reconciliation-service,tests/unit/test_stages.py,handler,1,0,0,1,0,0,0,0,0,0,0
client-reporting-api,client_reporting_api/api/routes/alerts.py,other,1,0,0,0,0,0,0,0,1,0,0
client-reporting-api,client_reporting_api/core/exchange_data_collector.py,other,1,0,0,0,0,0,0,0,0,0,1
deployment-api,deployment_api/auth_middleware.py,other,1,0,0,0,0,0,0,0,0,0,1
deployment-api,deployment_api/rbac.py,other,1,0,0,0,0,0,0,0,0,0,1
deployment-api,deployment_api/routes/config.py,gcs_user,1,0,0,0,0,0,0,0,0,0,1
deployment-api,deployment_api/routes/deployments.py,other,1,0,0,0,0,0,0,0,0,0,1
deployment-api,deployment_api/routes/deployments_helpers.py,gcs_user,1,0,0,0,0,0,0,0,0,0,1
deployment-api,deployment_api/routes/promote.py,other,1,0,0,0,0,0,0,0,0,0,1
deployment-api,deployment_api/routes/subscriptions.py,other,1,0,0,0,0,0,0,0,0,0,1
deployment-api,deployment_api/routes/treasury_routes.py,other,1,0,0,0,0,0,0,0,0,0,1
deployment-api,deployment_api/routes/user_management.py,other,1,0,0,0,0,0,0,0,0,0,1
deployment-api,deployment_api/routes/vm_admin.py,other,1,0,0,0,0,0,0,0,0,0,1
deployment-api,deployment_api/routes/vm_deployments.py,gcs_user,1,0,0,0,0,0,1,0,0,0,0
deployment-api,deployment_api/services/deploy_missing.py,launcher,1,1,0,0,0,0,0,0,0,0,0
deployment-api,deployment_api/services/user_management.py,other,1,0,0,0,0,0,0,0,0,0,1
deployment-api,tests/unit/api/test_monitor_routes.py,gcs_user,1,0,0,0,0,0,1,0,0,0,0
deployment-api,tests/unit/api/test_rbac_endpoint_guards.py,other,1,0,0,0,0,0,0,0,0,0,1
deployment-api,tests/unit/test_data_status_denominator_clips_pre_cutoff_days.py,other,1,0,0,0,0,0,0,0,0,0,1
deployment-api,tests/unit/test_data_status_hierarchical.py,gcs_user,1,0,0,0,0,0,1,0,0,0,0
deployment-api,tests/unit/test_data_status_hierarchical_aws_path.py,gcs_user,1,0,0,0,0,0,1,0,0,0,0
deployment-api,tests/unit/test_deploy_missing_aws_launcher_routing.py,launcher,1,1,0,0,0,0,0,0,0,0,0
deployment-api,tests/unit/test_deploy_missing_launch.py,launcher,1,1,0,0,0,0,0,0,0,0,0
deployment-api,tests/unit/test_drilldown_axis_depth_matches_ssot.py,other,1,0,0,0,0,0,0,0,0,0,1
deployment-api,tests/unit/test_empty_reason_breakdown.py,manifest_writer,1,0,0,0,0,0,0,0,0,0,1
deployment-api,tests/unit/test_execution_backtest_launch.py,launcher,1,1,0,0,0,0,0,0,0,0,0
deployment-api,tests/unit/test_feature_group_breakdown_uac.py,other,1,0,0,0,0,0,0,0,0,0,1
deployment-api,tests/unit/test_ml_experiment_launch.py,launcher,1,1,0,0,0,0,0,0,0,0,0
deployment-api,tests/unit/test_mtds_expected_dates_clipping.py,other,1,0,0,0,0,0,0,0,0,0,1
deployment-api,tests/unit/test_pipeline_uat.py,gcs_user,1,0,0,0,0,0,1,0,0,0,0
deployment-api,tests/unit/test_provisioning_guards.py,other,1,0,0,0,0,0,0,0,0,0,1
deployment-api,tests/unit/test_rbac.py,other,1,0,0,0,0,0,0,0,0,0,1
deployment-api,tests/unit/test_route_chaos_injections.py,other,1,0,0,0,0,0,0,0,0,0,1
deployment-api,tests/unit/test_route_log_stream.py,handler,1,0,0,1,0,0,0,0,0,0,0
deployment-api,tests/unit/test_route_subscriptions.py,other,1,0,0,0,0,0,0,0,0,0,1
deployment-api,tests/unit/test_service_launcher_scripts_registry.py,launcher,1,1,0,0,0,0,0,0,0,0,0
deployment-api,tests/unit/test_shard_detail_service.py,gcs_user,1,0,0,0,0,0,1,0,0,0,0
deployment-api,tests/unit/test_strategy_backtest_launch.py,launcher,1,1,0,0,0,0,0,0,0,0,0
deployment-api,tests/unit/test_treasury_compliance.py,other,1,0,0,0,0,0,0,0,0,0,1
deployment-api,tests/unit/test_unified_cache.py,handler,1,0,0,1,0,0,0,0,0,0,0
deployment-api,tests/unit/test_user_management.py,other,1,0,0,0,0,0,0,0,0,0,1
deployment-service,deployment_service/backends/services/vm_config.py,gcs_user,1,0,0,0,0,0,1,0,0,0,0
deployment-service,deployment_service/cli/handlers/__init__.py,handler,1,0,0,1,0,0,0,0,0,0,0
deployment-service,deployment_service/cli/handlers/calculation_handler.py,handler,1,0,0,1,0,0,0,0,0,0,0
deployment-service,deployment_service/cli/handlers/cluster_handler.py,handler,1,0,0,1,0,0,0,0,0,0,0
deployment-service,deployment_service/cli/handlers/deployment_handler.py,handler,1,0,0,1,0,0,0,0,0,0,0
deployment-service,deployment_service/cli/handlers/reporting_handler.py,handler,1,0,0,1,0,0,0,0,0,0,0
deployment-service,deployment_service/cli/main.py,handler,1,0,0,1,0,0,0,0,0,0,0
deployment-service,deployment_service/cli/utils/data_status_checkers.py,gcs_user,1,0,0,0,0,0,0,0,0,0,1
deployment-service,deployment_service/cli/utils/data_status_processing.py,gcs_user,1,0,0,0,0,0,1,0,0,0,0
deployment-service,deployment_service/cli/utils/data_status_scanning.py,gcs_user,1,0,0,0,0,0,1,0,0,0,0
deployment-service,deployment_service/client_isolation.py,other,1,0,0,0,0,0,0,0,0,0,1
deployment-service,deployment_service/cluster.py,other,1,0,0,0,0,0,0,0,0,0,1
deployment-service,deployment_service/config_loader.py,gcs_user,1,0,0,0,0,0,0,0,0,0,1
deployment-service,deployment_service/dependencies.py,gcs_user,1,0,0,0,0,0,1,0,0,0,0
deployment-service,deployment_service/smoke_test_framework.py,gcs_user,1,0,0,0,0,0,1,0,0,0,0
deployment-service,deployment_service/vm/__init__.py,launcher,1,1,0,0,0,0,0,0,0,0,0
deployment-service,deployment_service/vm/gcp_instance_lister.py,launcher,1,1,0,0,0,0,0,0,0,0,0
deployment-service,scripts/download_instruments.py,gcs_user,1,0,0,0,0,0,1,0,0,0,0
deployment-service,scripts/vm/deployment_heartbeat.py,launcher,1,1,0,0,0,0,0,0,0,0,0
deployment-service,scripts/vm/heartbeat_daemon.py,launcher,1,1,0,0,0,0,0,0,0,0,0
deployment-service,scripts/vm/validate_vm_prefix_mapping.py,launcher,1,1,0,0,0,0,0,0,0,0,0
deployment-service,tests/unit/test_api_routes.py,gcs_user,1,0,0,0,0,0,1,0,0,0,0
deployment-service,tests/unit/test_backends_vm_services.py,gcs_user,1,0,0,0,0,0,1,0,0,0,0
deployment-service,tests/unit/test_cli_handlers.py,handler,1,0,0,1,0,0,0,0,0,0,0
deployment-service,tests/unit/test_client_isolation.py,other,1,0,0,0,0,0,0,0,0,0,1
deployment-service,tests/unit/test_cluster_materialisation.py,other,1,0,0,0,0,0,0,0,0,0,1
deployment-service,tests/unit/test_shard_calculator.py,gcs_user,1,0,0,0,0,0,1,0,0,0,0
deployment-service,tests/unit/test_shard_optimization.py,gcs_user,1,0,0,0,0,0,1,0,0,0,0
e2e-testing,scripts/defi/recursive_borrow_paper_smoke.py,other,1,0,0,0,0,0,0,0,0,0,1
e2e-testing,scripts/sports/odds_api_freshness_audit.py,other,1,0,0,0,0,0,0,0,0,0,1
e2e-testing,scripts/sports/run_weekly_pipeline.py,gcs_user,1,0,0,0,0,0,0,0,0,0,1
e2e-testing,tests/integration/test_defi_protocols.py,other,1,0,0,0,0,0,0,0,1,0,0
e2e-testing,tests/integration/test_sports_value_pipeline.py,other,1,0,0,0,0,0,0,0,1,0,0
e2e-testing,tests/integration/test_tradfi_ml_pipeline.py,other,1,0,0,0,0,0,0,0,1,0,0
execution-service,execution_service/algo_library/deleverage_executor.py,handler,1,0,0,1,0,0,0,0,0,0,0
execution-service,execution_service/algo_library/sor_cross_chain.py,other,1,0,0,0,0,0,0,0,0,0,1
execution-service,execution_service/api/preview_routes.py,other,1,0,0,0,0,0,0,0,0,0,1
execution-service,execution_service/cli/backtest_config.py,gcs_user,1,0,0,0,0,0,1,0,0,0,0
execution-service,execution_service/cli/config_loader.py,gcs_user,1,0,0,0,0,0,1,0,0,0,0
execution-service,execution_service/cli/defi_lateral_smoke.py,gcs_user,1,0,0,0,0,0,1,0,0,0,0
execution-service,execution_service/cli/handlers/__init__.py,handler,1,0,0,1,0,0,0,0,0,0,0
execution-service,execution_service/cli/handlers/backtest_handler.py,handler,1,0,0,1,0,0,0,0,0,0,0
execution-service,execution_service/cli/handlers/execute_handler.py,handler,1,0,0,1,0,0,0,0,0,0,0
execution-service,execution_service/cli/handlers/live_execution_handler.py,handler,1,0,0,1,0,0,0,0,0,0,0
execution-service,execution_service/cli/run_scenario.py,other,1,0,0,0,0,0,0,0,0,0,1
execution-service,execution_service/custody/factory.py,other,1,0,0,0,0,0,0,0,0,0,1
execution-service,execution_service/custody/pre_trade_pinger.py,other,1,0,0,0,0,0,0,0,0,0,1
execution-service,execution_service/custody/withdrawal_signing.py,other,1,0,0,0,0,0,0,0,0,0,1
execution-service,execution_service/data/defi_data_loader.py,gcs_user,1,0,0,0,0,0,1,0,0,0,0
execution-service,execution_service/data/defi_lateral_loader.py,gcs_user,1,0,0,0,0,0,1,0,0,0,0
execution-service,execution_service/defi_execution/__init__.py,other,1,0,0,0,0,0,0,0,0,0,1
execution-service,execution_service/defi_execution/position.py,other,1,0,0,0,0,0,0,0,0,0,1
execution-service,execution_service/defi_execution/protocols/hyperliquid.py,other,1,0,0,0,0,0,0,0,1,0,0
execution-service,execution_service/defi_execution/protocols/jupiter.py,other,1,0,0,0,0,0,0,0,1,0,0
execution-service,execution_service/defi_execution/protocols/kamino.py,other,1,0,0,0,0,0,0,0,1,0,0
execution-service,execution_service/defi_execution/protocols/marinade.py,other,1,0,0,0,0,0,0,0,1,0,0
execution-service,execution_service/defi_execution/protocols/orca.py,other,1,0,0,0,0,0,0,0,1,0,0
execution-service,execution_service/defi_execution/protocols/raydium.py,other,1,0,0,0,0,0,0,0,1,0,0
execution-service,execution_service/defi_execution/protocols/solana_lst_devnet.py,other,1,0,0,0,0,0,0,0,1,0,0
execution-service,execution_service/defi_execution/protocols/weth.py,other,1,0,0,0,0,0,0,0,0,0,1
execution-service,execution_service/defi_execution/types.py,other,1,0,0,0,0,0,0,0,0,0,1
execution-service,execution_service/engine/backtest/actors/signal_driven_v3_handlers.py,handler,1,0,0,1,0,0,0,0,0,0,0
execution-service,execution_service/engine/backtest/node_builder.py,other,1,0,0,0,0,0,0,0,0,0,1
execution-service,execution_service/engine/concurrent.py,gcs_user,1,0,0,0,0,0,0,0,0,0,1
execution-service,execution_service/engine/handlers/__init__.py,handler,1,0,0,1,0,0,0,0,0,0,0
execution-service,execution_service/engine/handlers/base_handler.py,handler,1,0,0,1,0,0,0,0,0,0,0
execution-service,execution_service/engine/handlers/borrow_handler.py,handler,1,0,0,1,0,0,0,0,0,0,0
execution-service,execution_service/engine/handlers/claim_reward_handler.py,handler,1,0,0,1,0,0,0,0,0,0,0
execution-service,execution_service/engine/handlers/flash_loan_handler.py,handler,1,0,0,1,0,0,0,0,0,0,0
execution-service,execution_service/engine/handlers/futures_handler.py,handler,1,0,0,1,0,0,0,0,0,0,0
execution-service,execution_service/engine/handlers/lend_handler.py,handler,1,0,0,1,0,0,0,0,0,0,0
execution-service,execution_service/engine/handlers/options_handler.py,handler,1,0,0,1,0,0,0,0,0,0,0
execution-service,execution_service/engine/handlers/prediction_handler.py,handler,1,0,0,1,0,0,0,0,0,0,0
execution-service,execution_service/engine/handlers/sell_reward_handler.py,handler,1,0,0,1,0,0,0,0,0,0,0
execution-service,execution_service/engine/handlers/sports_handler.py,handler,1,0,0,1,0,0,0,0,0,0,0
execution-service,execution_service/engine/handlers/stake_handler.py,handler,1,0,0,1,0,0,0,0,0,0,0
execution-service,execution_service/engine/handlers/swap_handler.py,handler,1,0,0,1,0,0,0,0,0,0,0
execution-service,execution_service/engine/handlers/trade_handler.py,handler,1,0,0,1,0,0,0,0,0,0,0
execution-service,execution_service/engine/kill_switch_bus_bridge.py,other,1,0,0,0,0,0,0,0,0,0,1
execution-service,execution_service/engine/orchestrator.py,other,1,0,0,0,0,0,0,0,0,0,1
execution-service,execution_service/engine/preflight.py,gcs_user,1,0,0,0,0,0,0,0,1,0,0
execution-service,execution_service/engine/recon_gate.py,other,1,0,0,0,0,0,0,0,0,0,1
execution-service,execution_service/engine/routing/instruction_router.py,other,1,0,0,0,0,0,0,0,0,0,1
execution-service,execution_service/engine/validation/dependency_validator.py,gcs_user,1,0,0,0,0,0,1,0,0,0,0
execution-service,execution_service/engine/validation/instrument_validator.py,gcs_user,1,0,0,0,0,0,1,0,0,0,0
execution-service,execution_service/engine/venue_cascade_monitor.py,other,1,0,0,0,0,0,0,0,0,0,1
execution-service,execution_service/engine/wallet_preflight_registry.py,other,1,0,0,0,0,0,0,0,0,0,1
execution-service,execution_service/matching_engine/adversarial.py,other,1,0,0,0,0,0,0,0,0,0,1
execution-service,execution_service/matching_engine/lending/rate_impact.py,other,1,0,0,0,0,0,0,0,0,0,1
execution-service,execution_service/models/benchmark.py,other,1,0,0,0,0,0,0,0,0,0,1
execution-service,execution_service/models/instruction.py,other,1,0,0,0,0,0,0,0,0,0,1
execution-service,execution_service/models/operations.py,other,1,0,0,0,0,0,0,0,0,0,1
execution-service,execution_service/operations/manual/__init__.py,handler,1,0,0,1,0,0,0,0,0,0,0
execution-service,execution_service/providers/l2_depth_provider.py,gcs_user,1,0,0,0,0,0,0,0,0,0,1
execution-service,execution_service/providers/tenderly.py,other,1,0,0,0,0,0,0,0,1,0,0
execution-service,execution_service/services/execution_cost_estimator.py,other,1,0,0,0,0,0,0,0,0,0,1
execution-service,execution_service/services/rate_impact_engine.py,other,1,0,0,0,0,0,0,0,0,0,1
execution-service,execution_service/sports_execution/adapters/scrapers/sbobet.py,handler,1,0,0,0,0,0,0,0,1,0,0
execution-service,execution_service/strategy_instructions/gcs.py,gcs_user,1,0,0,0,0,0,1,0,0,0,0
execution-service,execution_service/trade_execution/order_types.py,other,1,0,0,0,0,0,0,0,0,0,1
execution-service,execution_service/utils/gcs_service.py,gcs_user,1,0,0,0,0,0,1,0,0,0,0
execution-service,execution_service/utils/instruction_type.py,other,1,0,0,0,0,0,0,0,0,0,1
execution-service,execution_service/v2/handlers.py,handler,1,0,0,1,0,0,0,0,0,0,0
execution-service,tests/backtest/download_local_data.py,gcs_user,1,0,0,0,0,0,1,0,0,0,0
execution-service,tests/backtest/test_tp_sl_during_entry.py,gcs_user,1,0,0,0,0,0,1,0,0,0,0
execution-service,tests/backtest/test_twap_market_orders.py,gcs_user,1,0,0,0,0,0,1,0,0,0,0
execution-service,tests/backtest/test_twap_verification_simple.py,gcs_user,1,0,0,0,0,0,1,0,0,0,0
execution-service,tests/defi_execution/fixtures/hyperliquid_responses.py,other,1,0,0,0,0,0,0,0,1,0,0
execution-service,tests/defi_execution/integration/test_lending_rate_validation.py,other,1,0,0,0,0,0,0,0,0,0,1
execution-service,tests/defi_execution/unit/test_defi_data_context.py,gcs_user,1,0,0,0,0,0,1,0,0,0,0
execution-service,tests/integration/scenarios/test_per_archetype_smoke.py,other,1,0,0,0,0,0,0,0,0,0,1
execution-service,tests/integration/test_catalog_gcs.py,gcs_user,1,0,0,0,0,0,1,0,0,0,0
execution-service,tests/integration/test_catalog_gcs_simple.py,gcs_user,1,0,0,0,0,0,1,0,0,0,0
execution-service,tests/integration/test_fresh_backtest.py,gcs_user,1,0,0,0,0,0,1,0,0,0,0
execution-service,tests/integration/test_multi_leg_orchestrator_integration.py,other,1,0,0,0,0,0,0,0,0,0,1
execution-service,tests/performance/test_fast_vs_normal_performance.py,gcs_user,1,0,0,0,0,0,1,0,0,0,0
execution-service,tests/scripts/test_catalog_gcs.py,gcs_user,1,0,0,0,0,0,1,0,0,0,0
execution-service,tests/scripts/test_catalog_gcs_simple.py,gcs_user,1,0,0,0,0,0,1,0,0,0,0
execution-service,tests/scripts/test_gcs_write.py,gcs_user,1,0,0,0,0,0,1,0,0,0,0
execution-service,tests/sports_execution/schema_validation/test_betfair_schema.py,other,1,0,0,0,0,0,0,0,0,0,1
execution-service,tests/sports_execution/schema_validation/test_blocked_providers.py,other,1,0,0,0,0,0,0,0,0,0,1
execution-service,tests/sports_execution/unit/adapters/test_api_football_adapter.py,handler,1,0,0,0,0,0,0,0,0,0,1
execution-service,tests/sports_execution/unit/exchanges/test_polymarket_clob_adapter.py,handler,1,0,0,0,0,1,0,0,0,0,0
execution-service,tests/sports_execution/unit/test_browser_adapters.py,other,1,0,0,0,0,0,0,0,0,0,1
execution-service,tests/sports_execution/unit/test_kalshi_adapter.py,handler,1,0,0,0,0,1,0,0,0,0,0
execution-service,tests/trade_execution/unit/test_bybit_exception_handlers.py,handler,1,0,0,1,0,0,0,0,0,0,0
execution-service,tests/trade_execution/unit/test_coinbase_exception_handlers.py,handler,1,0,0,1,0,0,0,0,0,0,0
execution-service,tests/unit/cli/handlers/__init__.py,handler,1,0,0,1,0,0,0,0,0,0,0
execution-service,tests/unit/cli/handlers/test_backtest_handler.py,handler,1,0,0,1,0,0,0,0,0,0,0
execution-service,tests/unit/cli/handlers/test_live_execution_handler.py,handler,1,0,0,1,0,0,0,0,0,0,0
execution-service,tests/unit/custody/test_withdrawal_signing.py,other,1,0,0,0,0,0,0,0,0,0,1
execution-service,tests/unit/defi_execution/test_aave_error_classification.py,other,1,0,0,0,0,0,0,0,0,0,1
execution-service,tests/unit/defi_execution/test_health_factor_monitor.py,handler,1,0,0,1,0,0,0,0,0,0,0
execution-service,tests/unit/defi_execution/test_hyperliquid_available_margin.py,other,1,0,0,0,0,0,0,0,1,0,0
execution-service,tests/unit/engine/test_multi_leg_orchestrator.py,other,1,0,0,0,0,0,0,0,0,0,1
execution-service,tests/unit/engine/test_preflight.py,other,1,0,0,0,0,0,0,0,1,0,0
execution-service,tests/unit/engine/test_recon_gate.py,other,1,0,0,0,0,0,0,0,0,0,1
execution-service,tests/unit/pnl_attribution/test_build_attribution_rows.py,other,1,0,0,0,0,0,0,0,0,0,1
execution-service,tests/unit/providers/test_matching_engine_provider.py,other,1,0,0,0,0,0,0,0,0,0,1
execution-service,tests/unit/providers/test_tenderly_bundle_sim.py,gcs_user,1,0,0,0,0,0,1,0,0,0,0
execution-service,tests/unit/test_adversarial_matching_engine.py,other,1,0,0,0,0,0,0,0,0,0,1
execution-service,tests/unit/test_coverage_gaps.py,gcs_user,1,0,0,0,0,0,1,0,0,0,0
execution-service,tests/unit/test_execution_cost_estimator.py,other,1,0,0,0,0,0,0,0,0,0,1
execution-service,tests/unit/test_gcs_live_data_sink.py,gcs_user,1,0,0,0,0,0,1,0,0,0,0
execution-service,tests/unit/test_gcs_service_manager.py,gcs_user,1,0,0,0,0,0,1,0,0,0,0
execution-service,tests/unit/test_handlers_matching_engine.py,handler,1,0,0,1,0,0,0,0,0,0,0
execution-service,tests/unit/test_instruction_handlers.py,handler,1,0,0,1,0,0,0,0,0,0,0
execution-service,tests/unit/test_instruction_type_algorithm_selection.py,gcs_user,1,0,0,0,0,0,1,0,0,0,0
execution-service,tests/unit/test_instruction_validator_middleware.py,other,1,0,0,0,0,0,0,0,0,0,1
execution-service,tests/unit/test_isolation_policy.py,other,1,0,0,0,0,0,0,0,0,0,1
execution-service,tests/unit/test_kill_switch_bus_bridge.py,other,1,0,0,0,0,0,0,0,0,0,1
execution-service,tests/unit/test_pre_trade_custody_pinger.py,other,1,0,0,0,0,0,0,0,0,0,1
execution-service,tests/unit/test_sports_execution.py,other,1,0,0,0,0,0,0,0,0,0,1
execution-service,tests/unit/test_strategy_instructions_gcs.py,gcs_user,1,0,0,0,0,0,1,0,0,0,0
execution-service,tests/unit/test_testnet_wiring.py,other,1,0,0,0,0,0,0,0,0,0,1
execution-service,tests/unit/v2/test_router_and_handlers.py,handler,1,0,0,1,0,0,0,0,0,0,0
features-service,features_service/calendar/adapters/cryptopanic_adapter.py,handler,1,0,0,0,0,0,0,0,1,0,0
features-service,features_service/calendar/adapters/lunarcrush_adapter.py,handler,1,0,0,0,0,0,0,0,1,0,0
features-service,features_service/calendar/adapters/yahoo_finance_adapter.py,handler,1,0,0,0,0,0,0,0,1,0,0
features-service,features_service/calendar/cli/handlers/__init__.py,handler,1,0,0,1,0,0,0,0,0,0,0
features-service,features_service/calendar/cli/handlers/batch_handler.py,handler,1,0,0,1,0,0,0,0,0,0,0
features-service,features_service/calendar/cli/handlers/corporate_actions_handler.py,handler,1,0,0,1,0,0,0,0,0,0,0
features-service,features_service/calendar/cli/handlers/economic_results_handler.py,handler,1,0,0,1,0,0,0,0,0,0,0
features-service,features_service/calendar/cli/handlers/live_handler.py,handler,1,0,0,1,0,0,0,0,0,0,0
features-service,features_service/calendar/engine/calculators/economic_calendar_loader.py,other,1,0,0,0,0,0,0,0,1,0,0
features-service,features_service/calendar/engine/calendar_orchestrator.py,manifest_writer,1,0,0,0,0,0,1,0,0,0,0
features-service,features_service/calendar/monitors/feature_freshness.py,other,1,0,0,0,0,0,0,0,0,0,1
features-service,features_service/cefi/cli/handlers/__init__.py,handler,1,0,0,1,0,0,0,0,0,0,0
features-service,features_service/cefi/cli/handlers/perp_funding_handler.py,handler,1,0,0,0,0,0,0,0,0,0,1
features-service,features_service/commodity/adapters/base_source.py,handler,1,0,0,1,0,0,0,0,0,0,0
features-service,features_service/commodity/cli/handlers/__init__.py,handler,1,0,0,1,0,0,0,0,0,0,0
features-service,features_service/commodity/cli/handlers/batch_handler.py,handler,1,0,0,1,0,0,0,0,0,0,0
features-service,features_service/commodity/cli/handlers/live_handler.py,handler,1,0,0,1,0,0,0,0,0,0,0
features-service,features_service/commodity/cli/main.py,handler,1,0,0,1,0,0,0,0,0,0,0
features-service,features_service/commodity/monitors/feature_freshness.py,other,1,0,0,0,0,0,0,0,0,0,1
features-service,features_service/cross_instrument/app/calculators/paired_price_dispersion.py,other,1,0,0,0,0,0,0,0,0,0,1
features-service,features_service/cross_instrument/app/calculators/stablecoin_aggregate_exposure.py,other,1,0,0,0,0,0,0,0,0,0,1
features-service,features_service/cross_instrument/cli/handlers/__init__.py,handler,1,0,0,1,0,0,0,0,0,0,0
features-service,features_service/cross_instrument/cli/handlers/live_handler.py,handler,1,0,0,1,0,0,0,0,0,0,0
features-service,features_service/cross_instrument/cli/main.py,handler,1,0,0,1,0,0,0,0,0,0,0
features-service,features_service/cross_instrument/monitors/feature_freshness.py,other,1,0,0,0,0,0,0,0,0,0,1
features-service,features_service/delta_one/app/core/nan_handler.py,handler,1,0,0,1,0,0,0,0,0,0,0
features-service,features_service/delta_one/cli/handlers/__init__.py,handler,1,0,0,1,0,0,0,0,0,0,0
features-service,features_service/delta_one/cli/handlers/_expected_unattempted.py,handler,1,0,0,1,0,0,0,0,0,0,0
features-service,features_service/delta_one/cli/handlers/batch_handler.py,handler,1,0,0,1,0,0,0,0,0,0,0
features-service,features_service/delta_one/cli/handlers/live_handler.py,handler,1,0,0,1,0,0,0,0,0,0,0
features-service,features_service/delta_one/cli/handlers/target_handler.py,handler,1,0,0,1,0,0,0,0,0,0,0
features-service,features_service/delta_one/cli/main.py,handler,1,0,0,1,0,0,0,0,0,0,0
features-service,features_service/multi_timeframe/cli/handlers/__init__.py,handler,1,0,0,1,0,0,0,0,0,0,0
features-service,features_service/multi_timeframe/cli/handlers/batch_handler.py,handler,1,0,0,1,0,0,0,0,0,0,0
features-service,features_service/multi_timeframe/cli/handlers/live_handler.py,handler,1,0,0,1,0,0,0,0,0,0,0
features-service,features_service/multi_timeframe/cli/main.py,handler,1,0,0,1,0,0,0,0,0,0,0
features-service,features_service/onchain/adapters/cryptoquant_adapter.py,handler,1,0,0,0,0,0,0,0,1,0,0
features-service,features_service/onchain/app/calculators/aave_rate_impact_calculator.py,other,1,0,0,0,0,0,0,0,0,0,1
features-service,features_service/onchain/cli/handlers/__init__.py,handler,1,0,0,1,0,0,0,0,0,0,0
features-service,features_service/onchain/cli/handlers/batch_handler.py,handler,1,0,0,1,0,0,0,0,0,0,0
features-service,features_service/onchain/cli/handlers/live_handler.py,handler,1,0,0,1,0,0,0,0,0,0,0
features-service,features_service/onchain/cli/main.py,handler,1,0,0,1,0,0,0,0,0,0,0
features-service,features_service/onchain/engine/feature_observation_writer.py,gcs_user,1,0,0,0,0,0,1,0,0,0,0
features-service,features_service/onchain/engine/lst_features.py,other,1,0,0,0,0,0,0,0,0,0,1
features-service,features_service/onchain/engine/orchestrator.py,manifest_writer,1,0,0,0,0,0,0,0,0,0,1
features-service,features_service/onchain/monitors/feature_freshness.py,other,1,0,0,0,0,0,0,0,0,0,1
features-service,features_service/sports/cli/handlers/__init__.py,handler,1,0,0,1,0,0,0,0,0,0,0
features-service,features_service/sports/cli/handlers/_available_at_helpers.py,handler,1,0,0,1,0,0,0,0,0,0,0
features-service,features_service/sports/cli/handlers/_fetch_runner.py,handler,1,0,0,1,0,0,0,0,0,0,0
features-service,features_service/sports/cli/handlers/live_handler.py,handler,1,0,0,1,0,0,0,0,0,0,0
features-service,features_service/sports/cli/main.py,handler,1,0,0,1,0,0,0,0,0,0,0
features-service,features_service/volatility/cli/handlers/__init__.py,handler,1,0,0,1,0,0,0,0,0,0,0
features-service,features_service/volatility/cli/handlers/batch_handler.py,handler,1,0,0,1,0,0,0,0,0,0,0
features-service,features_service/volatility/cli/handlers/live_handler.py,handler,1,0,0,1,0,0,0,0,0,0,0
features-service,features_service/volatility/cli/service_entry.py,handler,1,0,0,1,0,0,0,0,0,0,0
features-service,features_service/volatility/core/dependency_checker.py,gcs_user,1,0,0,0,0,0,1,0,0,0,0
features-service,features_service/volatility/core/orchestration_service.py,gcs_user,1,0,0,0,0,0,1,0,0,0,0
features-service,features_service/volatility/engine/orchestrator.py,gcs_user,1,0,0,0,0,0,1,0,0,0,0
features-service,scripts/commodity/seed_mock_data.py,other,1,0,0,0,0,0,0,0,0,0,1
features-service,scripts/cross_instrument/seed_mock_data.py,other,1,0,0,0,0,0,0,0,0,0,1
features-service,scripts/multi_timeframe/seed_mock_data.py,other,1,0,0,0,0,0,0,0,0,0,1
features-service,scripts/volatility/seed_mock_data.py,other,1,0,0,0,0,0,0,0,0,0,1
features-service,tests/calendar/e2e/test_calendar_e2e.py,other,1,0,0,0,0,0,0,0,0,0,1
features-service,tests/calendar/unit/test_emission_policy.py,other,1,0,0,0,0,0,0,0,0,0,1
features-service,tests/calendar/unit/test_library_deps_integration.py,gcs_user,1,0,0,0,0,0,0,0,0,0,1
features-service,tests/commodity/unit/test_boost_commodity_handlers.py,handler,1,0,0,1,0,0,0,0,0,0,0
features-service,tests/commodity/unit/test_cli.py,handler,1,0,0,1,0,0,0,0,0,0,0
features-service,tests/commodity/unit/test_emission_policy.py,other,1,0,0,0,0,0,0,0,0,0,1
features-service,tests/commodity/unit/test_mode_handlers.py,handler,1,0,0,1,0,0,0,0,0,0,0
features-service,tests/cross_instrument/unit/test_cointegration_calculator.py,other,1,0,0,0,0,0,0,0,0,0,1
features-service,tests/cross_instrument/unit/test_futures_roll_resolver.py,other,1,0,0,0,0,0,0,0,0,0,1
features-service,tests/cross_instrument/unit/test_mode_handlers.py,handler,1,0,0,1,0,0,0,0,0,0,0
features-service,tests/cross_instrument/unit/test_paired_price_dispersion.py,other,1,0,0,0,0,0,0,0,0,0,1
features-service,tests/delta_one/unit/test_emission_policy.py,other,1,0,0,0,0,0,0,0,0,0,1
features-service,tests/delta_one/unit/test_nan_handler.py,handler,1,0,0,1,0,0,0,0,0,0,0
features-service,tests/delta_one/unit/test_output_schemas.py,other,1,0,0,0,0,0,0,0,0,0,1
features-service,tests/multi_timeframe/unit/test_emission_policy.py,other,1,0,0,0,0,0,0,0,0,0,1
features-service,tests/multi_timeframe/unit/test_mode_handlers.py,handler,1,0,0,1,0,0,0,0,0,0,0
features-service,tests/onchain/conftest.py,other,1,0,0,0,0,0,0,0,0,0,1
features-service,tests/onchain/unit/test_aave_rate_impact_calculator.py,other,1,0,0,0,0,0,0,0,0,0,1
features-service,tests/onchain/unit/test_batch_handler.py,handler,1,0,0,1,0,0,0,0,0,0,0
features-service,tests/onchain/unit/test_emission_policy.py,other,1,0,0,0,0,0,0,0,0,0,1
features-service,tests/sports/unit/test_live_handler.py,handler,1,0,0,1,0,0,0,0,0,0,0
features-service,tests/volatility/conftest.py,other,1,0,0,0,0,0,0,0,0,0,1
features-service,tests/volatility/unit/test_cli_and_tradfi.py,handler,1,0,0,1,0,0,0,0,0,0,0
features-service,tests/volatility/unit/test_data_leakage_prevention.py,other,1,0,0,0,0,0,0,0,0,0,1
features-service,tests/volatility/unit/test_emission_policy.py,other,1,0,0,0,0,0,0,0,0,0,1
features-service,tests/volatility/unit/test_service_entry.py,handler,1,0,0,1,0,0,0,0,0,0,0
features-service,tests/volatility/unit/test_volatility_advanced.py,other,1,0,0,0,0,0,0,0,0,0,1
fund-administration-service,fund_administration_service/background/grace_period_handler.py,handler,1,0,0,1,0,0,0,0,0,0,0
fund-administration-service,fund_administration_service/bootstrap.py,handler,1,0,0,1,0,0,0,0,0,0,0
fund-administration-service,tests/unit/test_background_handlers.py,handler,1,0,0,1,0,0,0,0,0,0,0
instruments-service,instruments_service/cli/instruments_handler.py,handler,1,0,0,1,0,0,0,0,0,0,0
instruments-service,instruments_service/reference_data/factory.py,other,1,0,0,0,0,0,0,0,0,0,1
instruments-service,instruments_service/reference_data/intent_resolver.py,other,1,0,0,0,0,0,0,0,0,0,1
instruments-service,instruments_service/reference_data/sports_dependency.py,gcs_user,1,0,0,0,0,0,1,0,0,0,0
instruments-service,scripts/add_canonical_fixture_ids.py,other,1,0,0,0,0,0,0,0,0,0,1
instruments-service,scripts/backfill_per_league_record_empty.py,manifest_writer,1,0,0,0,0,0,0,0,0,0,1
instruments-service,scripts/backfill_solana_defi_is_phase5.py,gcs_user,1,0,0,0,0,0,1,0,0,0,0
instruments-service,scripts/backfill_solana_dex_swaps_2026_05_13.py,launcher,1,1,0,0,0,0,0,0,0,0,0
instruments-service,scripts/backfill_sports_fixture_stats_manifest.py,manifest_writer,1,0,0,0,0,0,0,0,0,0,1
instruments-service,scripts/backfill_sports_per_entity_manifest.py,manifest_writer,1,0,0,0,0,0,0,0,0,0,1
instruments-service,scripts/backfill_weather.py,other,1,0,0,0,0,0,0,0,0,0,1
instruments-service,scripts/cefi_per_venue_capture_summary.py,gcs_user,1,0,0,0,0,0,1,0,0,0,0
instruments-service,scripts/cross_asset_rescan.py,gcs_user,1,0,0,0,0,0,1,0,0,0,0
instruments-service,scripts/dedupe_manifest_schema_drift.py,gcs_user,1,0,0,0,0,0,1,0,0,0,0
instruments-service,scripts/measure_honest_coverage.py,gcs_user,1,0,0,0,0,0,1,0,0,0,0
instruments-service,scripts/migrate_available_at_column.py,gcs_user,1,0,0,0,0,0,0,0,0,0,1
instruments-service,scripts/migrate_leagues_kill_2026_05_07.py,gcs_user,1,0,0,0,0,0,1,0,0,0,0
instruments-service,scripts/migrate_teams_cadence_2026_05_07.py,gcs_user,1,0,0,0,0,0,1,0,0,0,0
instruments-service,scripts/migrations/validate_defi_metadata_cohesion.py,gcs_user,1,0,0,0,0,0,1,0,0,0,0
instruments-service,scripts/purge_pancakeswapv3_zksync.py,gcs_user,1,0,0,0,0,0,1,0,0,0,0
instruments-service,scripts/purge_pre_launch_manifest_rows.py,launcher,1,1,0,0,0,0,0,0,0,0,0
instruments-service,scripts/reconcile_legacy_nan_placeholder_bars.py,gcs_user,1,0,0,0,0,0,1,0,0,0,0
instruments-service,scripts/reconcile_lending_indices_phantom.py,gcs_user,1,0,0,0,0,0,0,0,0,0,1
instruments-service,scripts/rescan_sports_fixtures_canonical.py,handler,1,0,0,1,0,0,0,0,0,0,0
instruments-service,scripts/smoke_matrix.py,gcs_user,1,0,0,0,0,0,1,0,0,0,0
instruments-service,tests/reference_data/integration/test_library_deps_integration.py,other,1,0,0,0,0,0,0,0,0,0,1
instruments-service,tests/unit/scripts/test_enumerate_expected_universe.py,other,1,0,0,0,0,0,0,0,0,0,1
instruments-service,tests/unit/scripts/test_enumerate_expected_universe_v2.py,other,1,0,0,0,0,0,0,0,0,0,1
instruments-service,tests/unit/test_intent_resolver.py,other,1,0,0,0,0,0,0,0,0,0,1
instruments-service,tests/unit/test_orchestrator_futures_contracts.py,gcs_user,1,0,0,0,0,0,1,0,0,0,0
market-data-processing-service,market_data_processing_service/app/adapters/base_adapter.py,handler,1,0,0,0,0,0,0,0,0,0,1
market-data-processing-service,market_data_processing_service/app/batch_handler.py,handler,1,0,0,1,0,0,0,0,0,0,0
market-data-processing-service,market_data_processing_service/app/calculators/polars_candle_engine.py,gcs_user,1,0,0,0,0,0,1,0,0,0,0
market-data-processing-service,market_data_processing_service/app/core/candle_write_mixin.py,gcs_user,1,0,0,0,0,0,1,0,0,0,0
market-data-processing-service,market_data_processing_service/app/core/data_sink.py,gcs_user,1,0,0,0,0,0,1,0,0,0,0
market-data-processing-service,market_data_processing_service/app/core/dependency_checker.py,gcs_user,1,0,0,0,0,0,0,0,0,0,1
market-data-processing-service,market_data_processing_service/app/core/live_workers.py,gcs_user,1,0,0,0,0,0,0,0,0,0,1
market-data-processing-service,market_data_processing_service/app/core/orchestration_coordinator.py,gcs_user,1,0,0,0,0,0,1,0,0,0,0
market-data-processing-service,market_data_processing_service/app/core/orchestration_service.py,manifest_writer,1,0,0,0,0,0,0,0,0,0,1
market-data-processing-service,market_data_processing_service/cli/handlers/__init__.py,handler,1,0,0,1,0,0,0,0,0,0,0
market-data-processing-service,market_data_processing_service/cli/handlers/live_aggregator_handler.py,handler,1,0,0,1,0,0,0,0,0,0,0
market-data-processing-service,market_data_processing_service/cli/handlers/live_mode_handler.py,handler,1,0,0,1,0,0,0,0,0,0,0
market-data-processing-service,market_data_processing_service/cli/handlers/process_handler.py,handler,1,0,0,1,0,0,0,0,0,0,0
market-data-processing-service,market_data_processing_service/cli/main.py,handler,1,0,0,1,0,0,0,0,0,0,0
market-data-processing-service,market_data_processing_service/cli/parser.py,other,1,0,0,0,0,0,0,0,0,0,1
market-data-processing-service,tests/unit/test_defi_bypass_routing.py,other,1,0,0,0,0,0,0,0,0,0,1
market-data-processing-service,tests/unit/test_live_aggregator.py,manifest_writer,1,0,0,0,1,0,0,0,0,0,0
market-data-processing-service,tests/unit/test_market_state_detector.py,other,1,0,0,0,0,0,0,0,0,0,1
market-data-processing-service,tests/unit/test_orchestration_coordinator.py,gcs_user,1,0,0,0,0,0,1,0,0,0,0
market-data-processing-service,tests/unit/test_per_instrument_pipeline.py,gcs_user,1,0,0,0,0,0,1,0,0,0,0
market-data-processing-service,tests/unit/test_process_handler.py,handler,1,0,0,1,0,0,0,0,0,0,0
market-data-processing-service,tests/unit/test_sports_adapters.py,other,1,0,0,0,0,0,0,0,0,0,1
market-data-processing-service,tests/unit/test_streaming_write_per_tf.py,manifest_writer,1,0,0,0,0,0,0,0,0,0,1
market-data-processing-service,tests/unit/test_timeframe_candles.py,other,1,0,0,0,0,0,0,0,0,0,1
market-tick-data-service,market_tick_data_service/api/main.py,other,1,0,0,0,0,0,0,0,0,0,1
market-tick-data-service,market_tick_data_service/cli/handlers/__init__.py,handler,1,0,0,1,0,0,0,0,0,0,0
market-tick-data-service,market_tick_data_service/cli/handlers/_defi_instruments.py,handler,1,0,0,1,0,0,0,0,0,0,0
market-tick-data-service,market_tick_data_service/cli/handlers/_defi_manifest.py,handler,1,0,0,0,1,0,0,0,0,0,0
market-tick-data-service,market_tick_data_service/cli/handlers/_instruments_metadata.py,handler,1,0,0,1,0,0,0,0,0,0,0
market-tick-data-service,market_tick_data_service/cli/handlers/bridge_events_handler.py,handler,1,0,0,0,1,0,0,0,0,0,0
market-tick-data-service,market_tick_data_service/cli/handlers/data_manifest_handler.py,handler,1,0,0,1,0,0,0,0,0,0,0
market-tick-data-service,market_tick_data_service/cli/handlers/dex_pools_handler.py,handler,1,0,0,0,1,0,0,0,0,0,0
market-tick-data-service,market_tick_data_service/cli/handlers/dex_swaps_handler.py,handler,1,0,0,0,1,0,0,0,0,0,0
market-tick-data-service,market_tick_data_service/cli/handlers/evm_defi_handler.py,handler,1,0,0,0,1,0,0,0,0,0,0
market-tick-data-service,market_tick_data_service/cli/handlers/flash_loan_events_handler.py,handler,1,0,0,0,1,0,0,0,0,0,0
market-tick-data-service,market_tick_data_service/cli/handlers/governance_events_handler.py,handler,1,0,0,0,1,0,0,0,0,0,0
market-tick-data-service,market_tick_data_service/cli/handlers/governance_proposals_handler.py,handler,1,0,0,0,1,0,0,0,0,0,0
market-tick-data-service,market_tick_data_service/cli/handlers/liquidation_events_handler.py,handler,1,0,0,0,1,0,0,0,0,0,0
market-tick-data-service,market_tick_data_service/cli/handlers/liquidations_handler.py,handler,1,0,0,0,1,0,0,0,0,0,0
market-tick-data-service,market_tick_data_service/cli/handlers/replay_handler.py,handler,1,0,0,1,0,0,0,0,0,0,0
market-tick-data-service,market_tick_data_service/cli/handlers/schema_validation.py,handler,1,0,0,1,0,0,0,0,0,0,0
market-tick-data-service,market_tick_data_service/cli/handlers/tick_data_handler.py,handler,1,0,0,1,0,0,0,0,0,0,0
market-tick-data-service,market_tick_data_service/cli/handlers/token_transfers_handler.py,handler,1,0,0,0,1,0,0,0,0,0,0
market-tick-data-service,market_tick_data_service/cli/handlers/websocket_streaming_handler.py,handler,1,0,0,1,0,0,0,0,0,0,0
market-tick-data-service,market_tick_data_service/live/connectors/aster_ws.py,other,1,0,0,0,0,0,0,0,1,0,0
market-tick-data-service,market_tick_data_service/live/connectors/binance_futures_ws.py,other,1,0,0,0,0,0,0,0,1,0,0
market-tick-data-service,market_tick_data_service/live/connectors/binance_spot_ws.py,other,1,0,0,0,0,0,0,0,1,0,0
market-tick-data-service,market_tick_data_service/live/connectors/bybit_spot_ws.py,other,1,0,0,0,0,0,0,0,1,0,0
market-tick-data-service,market_tick_data_service/live/connectors/bybit_ws.py,other,1,0,0,0,0,0,0,0,1,0,0
market-tick-data-service,market_tick_data_service/live/connectors/coinbase_spot_ws.py,other,1,0,0,0,0,0,0,0,1,0,0
market-tick-data-service,market_tick_data_service/live/connectors/databento_tradfi_ws.py,other,1,0,0,0,0,0,0,0,0,0,1
market-tick-data-service,market_tick_data_service/live/connectors/deribit_ws.py,other,1,0,0,0,0,0,0,0,1,0,0
market-tick-data-service,market_tick_data_service/live/connectors/drift_solana_ws.py,other,1,0,0,0,0,0,0,0,1,0,0
market-tick-data-service,market_tick_data_service/live/connectors/hyperliquid_ws.py,other,1,0,0,0,0,0,0,0,1,0,0
market-tick-data-service,market_tick_data_service/live/connectors/kalshi_ws.py,other,1,0,0,0,0,0,0,0,1,0,0
market-tick-data-service,market_tick_data_service/live/connectors/kraken_futures_ws.py,other,1,0,0,0,0,0,0,0,1,0,0
market-tick-data-service,market_tick_data_service/live/connectors/kraken_spot_ws.py,other,1,0,0,0,0,0,0,0,1,0,0
market-tick-data-service,market_tick_data_service/live/connectors/odds_api_ws.py,other,1,0,0,0,0,0,0,0,1,0,0
market-tick-data-service,market_tick_data_service/live/connectors/okx_ws.py,other,1,0,0,0,0,0,0,0,1,0,0
market-tick-data-service,market_tick_data_service/live/connectors/phoenix_ws.py,other,1,0,0,0,0,0,0,0,1,0,0
market-tick-data-service,market_tick_data_service/live/connectors/polymarket_ws.py,other,1,0,0,0,0,0,0,0,1,0,0
market-tick-data-service,market_tick_data_service/market_interface/__init__.py,other,1,0,0,0,0,0,0,0,0,0,1
market-tick-data-service,market_tick_data_service/market_interface/adapters/binance.py,handler,1,0,0,0,0,0,0,0,0,0,1
market-tick-data-service,market_tick_data_service/market_interface/adapters/cefi/upbit_adapter.py,handler,1,0,0,0,0,0,0,0,0,0,1
market-tick-data-service,market_tick_data_service/market_interface/adapters/coinbase.py,handler,1,0,0,0,0,0,0,0,0,0,1
market-tick-data-service,market_tick_data_service/market_interface/adapters/prediction/manifold_adapter.py,handler,1,0,0,0,0,0,0,0,0,0,1
market-tick-data-service,market_tick_data_service/market_interface/adapters/sports/matchbook_adapter.py,handler,1,0,0,0,0,0,0,0,0,0,1
market-tick-data-service,market_tick_data_service/market_interface/adapters/sports/metabet_adapter.py,handler,1,0,0,0,0,0,0,0,0,0,1
market-tick-data-service,market_tick_data_service/market_interface/adapters/sports/odds_engine_adapter.py,handler,1,0,0,0,0,0,0,0,0,0,1
market-tick-data-service,market_tick_data_service/market_interface/adapters/sports/opticodds_adapter.py,handler,1,0,0,0,0,0,0,0,0,0,1
market-tick-data-service,market_tick_data_service/market_interface/adapters/sports/sharpapi_adapter.py,handler,1,0,0,0,0,0,0,0,0,0,1
market-tick-data-service,market_tick_data_service/market_interface/adapters/tradfi/databento_adapter.py,handler,1,0,0,0,0,1,0,0,0,0,0
market-tick-data-service,market_tick_data_service/market_interface/adapters/tradfi/databento_equity.py,handler,1,0,0,1,0,0,0,0,0,0,0
market-tick-data-service,market_tick_data_service/market_interface/adapters/tradfi/openbb_adapter.py,handler,1,0,0,0,0,0,0,0,0,0,1
market-tick-data-service,market_tick_data_service/market_interface/adapters/tradfi/tardis_adapter.py,handler,1,0,0,0,0,1,0,0,0,0,0
market-tick-data-service,market_tick_data_service/market_interface/adapters/tradfi/tradfi_shared.py,handler,1,0,0,0,0,1,0,0,0,0,0
market-tick-data-service,market_tick_data_service/market_interface/clients/alchemy_transfers_client.py,other,1,0,0,0,0,0,0,0,0,0,1
market-tick-data-service,market_tick_data_service/market_interface/clients/gas_fee_client.py,other,1,0,0,0,0,0,0,0,0,0,1
market-tick-data-service,market_tick_data_service/market_interface/clients/solana_gas_client.py,other,1,0,0,0,0,0,0,0,0,0,1
market-tick-data-service,market_tick_data_service/market_interface/clients/subgraph_service.py,other,1,0,0,0,0,0,0,0,1,0,0
market-tick-data-service,market_tick_data_service/market_interface/connectivity_watchdog.py,other,1,0,0,0,0,0,0,0,0,0,1
market-tick-data-service,market_tick_data_service/market_interface/sports/registry.py,other,1,0,0,0,0,0,0,0,0,0,1
market-tick-data-service,market_tick_data_service/market_interface/websocket/handlers/__init__.py,handler,1,0,0,1,0,0,0,0,0,0,0
market-tick-data-service,market_tick_data_service/scripts/migrate_polymarket_canonical.py,gcs_user,1,0,0,0,0,0,0,0,0,0,1
market-tick-data-service,market_tick_data_service/scripts/rebuild_prediction_manifest.py,manifest_writer,1,0,0,0,1,0,0,0,0,0,0
market-tick-data-service,scripts/analyze_shard_memory.py,gcs_user,1,0,0,0,0,0,1,0,0,0,0
market-tick-data-service,scripts/cleanup_kraken_spot_empty_confirmed.py,gcs_user,1,0,0,0,0,0,1,0,0,0,0
market-tick-data-service,scripts/mtds_reconcile_partial_bundles.py,manifest_writer,1,0,0,0,0,0,0,0,0,0,1
market-tick-data-service,scripts/probe_drift_trades_window.py,manifest_writer,1,0,0,0,0,0,0,0,1,0,0
market-tick-data-service,scripts/rebuild_mtds_manifest.py,manifest_writer,1,0,0,0,0,0,0,0,0,0,1
market-tick-data-service,scripts/smoke_matrix.py,gcs_user,1,0,0,0,0,0,1,0,0,0,0
market-tick-data-service,tests/market_interface/integration/test_uac_venue_registry_adoption.py,other,1,0,0,0,0,0,0,0,0,0,1
market-tick-data-service,tests/market_interface/schema_validation/test_binance_schema.py,other,1,0,0,0,0,0,0,0,0,0,1
market-tick-data-service,tests/market_interface/schema_validation/test_bybit_schema.py,other,1,0,0,0,0,0,0,0,0,0,1
market-tick-data-service,tests/market_interface/schema_validation/test_okx_schema.py,other,1,0,0,0,0,0,0,0,0,0,1
market-tick-data-service,tests/market_interface/unit/test_adapter_binance.py,handler,1,0,0,1,0,0,0,0,0,0,0
market-tick-data-service,tests/market_interface/unit/test_base_adapter_and_rate_limiter.py,other,1,0,0,0,0,0,0,0,0,0,1
market-tick-data-service,tests/market_interface/unit/test_deribit_execution_and_ws.py,handler,1,0,0,1,0,0,0,0,0,0,0
market-tick-data-service,tests/market_interface/unit/test_deribit_models_and_utils.py,other,1,0,0,0,0,0,0,0,0,0,1
market-tick-data-service,tests/unit/cli/handlers/test_dex_pools_handler.py,handler,1,0,0,1,0,0,0,0,0,0,0
market-tick-data-service,tests/unit/cli/handlers/test_dex_swaps_handler.py,handler,1,0,0,1,0,0,0,0,0,0,0
market-tick-data-service,tests/unit/cli/handlers/test_governance_proposals_handler.py,handler,1,0,0,1,0,0,0,0,0,0,0
market-tick-data-service,tests/unit/cli/handlers/test_liquidations_handler.py,handler,1,0,0,1,0,0,0,0,0,0,0
market-tick-data-service,tests/unit/test_defi_manifest_recorder.py,manifest_writer,1,0,0,0,1,0,0,0,0,0,0
market-tick-data-service,tests/unit/test_handler.py,handler,1,0,0,1,0,0,0,0,0,0,0
market-tick-data-service,tests/unit/test_orchestrator_per_data_type_sentinel.py,other,1,0,0,0,0,0,0,0,0,0,1
market-tick-data-service,tests/unit/test_schema_versioning.py,other,1,0,0,0,0,0,0,0,0,0,1
market-tick-data-service,tests/unit/test_vix_15m_source_layering.py,other,1,0,0,0,0,0,0,0,0,0,1
ml-inference-service,ml_inference_service/app/core/model_promotion_subscriber.py,gcs_user,1,0,0,0,0,0,1,0,0,0,0
ml-inference-service,ml_inference_service/app/inference/batch_inference.py,handler,1,0,0,1,0,0,0,0,0,0,0
ml-inference-service,ml_inference_service/app/inference/live_inference.py,handler,1,0,0,1,0,0,0,0,0,0,0
ml-inference-service,ml_inference_service/cli/handlers/__init__.py,handler,1,0,0,1,0,0,0,0,0,0,0
ml-inference-service,ml_inference_service/cli/handlers/batch_handler.py,handler,1,0,0,1,0,0,0,0,0,0,0
ml-inference-service,ml_inference_service/cli/handlers/live_handler.py,handler,1,0,0,1,0,0,0,0,0,0,0
ml-inference-service,ml_inference_service/cli/main.py,handler,1,0,0,1,0,0,0,0,0,0,0
ml-inference-service,tests/integration/test_inference_pipeline.py,handler,1,0,0,1,0,0,0,0,0,0,0
ml-inference-service,tests/integration/test_unified_deps_functional.py,gcs_user,1,0,0,0,0,0,0,0,0,0,1
ml-inference-service,tests/unit/test_prediction_cache.py,other,1,0,0,0,0,0,0,0,0,0,1
ml-service,ml_service/inference/app/core/model_promotion_subscriber.py,gcs_user,1,0,0,0,0,0,1,0,0,0,0
ml-service,ml_service/inference/app/inference/batch_inference.py,handler,1,0,0,1,0,0,0,0,0,0,0
ml-service,ml_service/inference/app/inference/live_inference.py,handler,1,0,0,1,0,0,0,0,0,0,0
ml-service,ml_service/inference/app/inference/meta_signal_inference.py,other,1,0,0,0,0,0,0,0,0,0,1
ml-service,ml_service/inference/cli/handlers/__init__.py,handler,1,0,0,1,0,0,0,0,0,0,0
ml-service,ml_service/inference/cli/handlers/batch_handler.py,handler,1,0,0,1,0,0,0,0,0,0,0
ml-service,ml_service/inference/cli/handlers/live_handler.py,handler,1,0,0,1,0,0,0,0,0,0,0
ml-service,ml_service/inference/cli/main.py,handler,1,0,0,1,0,0,0,0,0,0,0
ml-service,ml_service/training/app/core/sports_target_generator.py,other,1,0,0,0,0,0,0,0,0,0,1
ml-service,ml_service/training/app/core/uniform_training_pipeline.py,other,1,0,0,0,0,0,0,0,0,0,1
ml-service,ml_service/training/app/training/cascade_meta_model_trainer.py,other,1,0,0,0,0,0,0,0,0,0,1
ml-service,ml_service/training/app/training/ensemble_trainer.py,other,1,0,0,0,0,0,0,0,0,0,1
ml-service,ml_service/training/app/training/hyperparameter_tuning.py,other,1,0,0,0,0,0,0,0,0,0,1
ml-service,ml_service/training/app/training/model_trainer_factory.py,other,1,0,0,0,0,0,0,0,0,0,1
ml-service,ml_service/training/app/training/shap_explainer.py,gcs_user,1,0,0,0,0,0,1,0,0,0,0
ml-service,ml_service/training/app/training/signal_vector_meta_trainer.py,other,1,0,0,0,0,0,0,0,0,0,1
ml-service,ml_service/training/app/training/sports_ensemble_trainer.py,other,1,0,0,0,0,0,0,0,0,0,1
ml-service,ml_service/training/cli/handlers/base_handler.py,handler,1,0,0,1,0,0,0,0,0,0,0
ml-service,ml_service/training/cli/handlers/evaluate_handler.py,handler,1,0,0,1,0,0,0,0,0,0,0
ml-service,ml_service/training/cli/handlers/final_training_handler.py,handler,1,0,0,1,0,0,0,0,0,0,0
ml-service,ml_service/training/cli/handlers/grid_search_handler.py,handler,1,0,0,1,0,0,0,0,0,0,0
ml-service,ml_service/training/cli/handlers/hyperparam_grid_handler.py,handler,1,0,0,1,0,0,0,0,0,0,0
ml-service,ml_service/training/cli/handlers/preselection_handler.py,handler,1,0,0,1,0,0,0,0,0,0,0
ml-service,ml_service/training/cli/handlers/train_handler.py,handler,1,0,0,1,0,0,0,0,0,0,0
ml-service,ml_service/training/cli/parser.py,other,1,0,0,0,0,0,0,0,0,1,0
ml-service,ml_service/training/engine/orchestrator.py,other,1,0,0,0,0,0,0,0,0,0,1
ml-service,tests/inference/integration/test_inference_pipeline.py,handler,1,0,0,1,0,0,0,0,0,0,0
ml-service,tests/inference/integration/test_unified_deps_functional.py,gcs_user,1,0,0,0,0,0,0,0,0,0,1
ml-service,tests/inference/unit/test_prediction_cache.py,other,1,0,0,0,0,0,0,0,0,0,1
ml-service,tests/training/integration/test_uniform_pipeline_integration.py,other,1,0,0,0,0,0,0,0,0,0,1
ml-service,tests/training/unit/test_base_handler.py,handler,1,0,0,1,0,0,0,0,0,0,0
ml-service,tests/training/unit/test_cascade_meta_model_trainer.py,other,1,0,0,0,0,0,0,0,0,0,1
ml-service,tests/training/unit/test_cli_handlers_coverage.py,handler,1,0,0,1,0,0,0,0,0,0,0
ml-service,tests/training/unit/test_cross_asset_training.py,other,1,0,0,0,0,0,0,0,0,0,1
ml-service,tests/training/unit/test_feature_metadata.py,gcs_user,1,0,0,0,0,0,1,0,0,0,0
ml-service,tests/training/unit/test_model_trainer_factory.py,other,1,0,0,0,0,0,0,0,0,0,1
ml-service,tests/training/unit/test_pipeline_handler.py,other,1,0,0,0,0,0,0,0,0,0,1
ml-service,tests/training/unit/test_uniform_training_pipeline.py,other,1,0,0,0,0,0,0,0,0,0,1
ml-training-service,ml_training_service/app/core/sports_target_generator.py,other,1,0,0,0,0,0,0,0,0,0,1
ml-training-service,ml_training_service/app/core/uniform_training_pipeline.py,other,1,0,0,0,0,0,0,0,0,0,1
ml-training-service,ml_training_service/app/training/cascade_meta_model_trainer.py,other,1,0,0,0,0,0,0,0,0,0,1
ml-training-service,ml_training_service/app/training/ensemble_trainer.py,other,1,0,0,0,0,0,0,0,0,0,1
ml-training-service,ml_training_service/app/training/hyperparameter_tuning.py,other,1,0,0,0,0,0,0,0,0,0,1
ml-training-service,ml_training_service/app/training/model_trainer_factory.py,other,1,0,0,0,0,0,0,0,0,0,1
ml-training-service,ml_training_service/app/training/shap_explainer.py,gcs_user,1,0,0,0,0,0,1,0,0,0,0
ml-training-service,ml_training_service/app/training/signal_vector_meta_trainer.py,other,1,0,0,0,0,0,0,0,0,0,1
ml-training-service,ml_training_service/app/training/sports_ensemble_trainer.py,other,1,0,0,0,0,0,0,0,0,0,1
ml-training-service,ml_training_service/cli/handlers/base_handler.py,handler,1,0,0,1,0,0,0,0,0,0,0
ml-training-service,ml_training_service/cli/handlers/evaluate_handler.py,handler,1,0,0,1,0,0,0,0,0,0,0
ml-training-service,ml_training_service/cli/handlers/final_training_handler.py,handler,1,0,0,1,0,0,0,0,0,0,0
ml-training-service,ml_training_service/cli/handlers/grid_search_handler.py,handler,1,0,0,1,0,0,0,0,0,0,0
ml-training-service,ml_training_service/cli/handlers/hyperparam_grid_handler.py,handler,1,0,0,1,0,0,0,0,0,0,0
ml-training-service,ml_training_service/cli/handlers/preselection_handler.py,handler,1,0,0,1,0,0,0,0,0,0,0
ml-training-service,ml_training_service/cli/handlers/train_handler.py,handler,1,0,0,1,0,0,0,0,0,0,0
ml-training-service,ml_training_service/cli/parser.py,other,1,0,0,0,0,0,0,0,0,1,0
ml-training-service,ml_training_service/engine/orchestrator.py,other,1,0,0,0,0,0,0,0,0,0,1
ml-training-service,tests/integration/test_uniform_pipeline_integration.py,other,1,0,0,0,0,0,0,0,0,0,1
ml-training-service,tests/unit/test_base_handler.py,handler,1,0,0,1,0,0,0,0,0,0,0
ml-training-service,tests/unit/test_cascade_meta_model_trainer.py,other,1,0,0,0,0,0,0,0,0,0,1
ml-training-service,tests/unit/test_cli_handlers_coverage.py,handler,1,0,0,1,0,0,0,0,0,0,0
ml-training-service,tests/unit/test_cross_asset_training.py,other,1,0,0,0,0,0,0,0,0,0,1
ml-training-service,tests/unit/test_feature_metadata.py,gcs_user,1,0,0,0,0,0,1,0,0,0,0
ml-training-service,tests/unit/test_model_trainer_factory.py,other,1,0,0,0,0,0,0,0,0,0,1
ml-training-service,tests/unit/test_pipeline_handler.py,other,1,0,0,0,0,0,0,0,0,0,1
ml-training-service,tests/unit/test_uniform_training_pipeline.py,other,1,0,0,0,0,0,0,0,0,0,1
pnl-attribution-service,pnl_attribution_service/cli/handlers/__init__.py,handler,1,0,0,1,0,0,0,0,0,0,0
pnl-attribution-service,pnl_attribution_service/cli/handlers/compute_handler.py,handler,1,0,0,1,0,0,0,0,0,0,0
pnl-attribution-service,pnl_attribution_service/cli/main.py,handler,1,0,0,1,0,0,0,0,0,0,0
pnl-attribution-service,pnl_attribution_service/engine/orchestrator.py,other,1,0,0,0,0,0,0,0,0,0,1
pnl-attribution-service,pnl_attribution_service/engine/sports_pnl.py,gcs_user,1,0,0,0,0,0,0,0,0,0,1
pnl-attribution-service,tests/unit/test_compute_handler_logic.py,handler,1,0,0,1,0,0,0,0,0,0,0
pnl-attribution-service,tests/unit/test_hedge_ratio_snapshot_reader.py,other,1,0,0,0,0,0,0,0,0,0,1
pnl-attribution-service,tests/unit/test_isolation_policy.py,other,1,0,0,0,0,0,0,0,0,0,1
pnl-attribution-service,tests/unit/test_kill_switch_bus_subscriber.py,other,1,0,0,0,0,0,0,0,0,0,1
pnl-attribution-service,tests/unit/test_service_startup.py,handler,1,0,0,1,0,0,0,0,0,0,0
position-balance-monitor-service,position_balance_monitor_service/cli/handlers/__init__.py,handler,1,0,0,1,0,0,0,0,0,0,0
position-balance-monitor-service,position_balance_monitor_service/cli/handlers/monitor_handler.py,handler,1,0,0,1,0,0,0,0,0,0,0
position-balance-monitor-service,position_balance_monitor_service/cli/handlers/nav_snapshot_handler.py,handler,1,0,0,1,0,0,0,0,0,0,0
position-balance-monitor-service,position_balance_monitor_service/cli/main.py,handler,1,0,0,1,0,0,0,0,0,0,0
position-balance-monitor-service,position_balance_monitor_service/cli/service_entry.py,handler,1,0,0,1,0,0,0,0,0,0,0
position-balance-monitor-service,position_balance_monitor_service/core/client_id_resolver.py,other,1,0,0,0,0,0,0,0,0,0,1
position-balance-monitor-service,position_balance_monitor_service/core/dual_failure_detector.py,other,1,0,0,0,0,0,0,0,0,0,1
position-balance-monitor-service,position_balance_monitor_service/core/position_drift_monitor.py,other,1,0,0,0,0,0,0,0,0,0,1
position-balance-monitor-service,position_balance_monitor_service/core/transfer_reconciler.py,other,1,0,0,0,0,0,0,0,0,0,1
position-balance-monitor-service,position_balance_monitor_service/core/treasury_monitor.py,other,1,0,0,0,0,0,0,0,0,0,1
position-balance-monitor-service,position_balance_monitor_service/demo/seed_demo_positions.py,other,1,0,0,0,0,0,0,0,0,0,1
position-balance-monitor-service,position_balance_monitor_service/isolation_policy.py,other,1,0,0,0,0,0,0,0,0,0,1
position-balance-monitor-service,position_balance_monitor_service/kill_switch_bus_subscriber.py,other,1,0,0,0,0,0,0,0,0,0,1
position-balance-monitor-service,position_balance_monitor_service/position_interface/adapters/betfair.py,handler,1,0,0,0,0,0,0,0,1,0,0
position-balance-monitor-service,position_balance_monitor_service/position_interface/adapters/polymarket.py,handler,1,0,0,0,0,0,0,0,1,0,0
position-balance-monitor-service,position_balance_monitor_service/position_interface/adapters/upbit.py,handler,1,0,0,0,0,0,0,0,1,0,0
position-balance-monitor-service,tests/conftest.py,other,1,0,0,0,0,0,0,0,0,0,1
position-balance-monitor-service,tests/integration/test_cross_venue_integration.py,other,1,0,0,0,0,0,0,0,0,0,1
position-balance-monitor-service,tests/integration/test_end_to_end.py,other,1,0,0,0,0,0,0,0,0,0,1
position-balance-monitor-service,tests/position_interface/integration/test_adapter_factory.py,other,1,0,0,0,0,0,0,0,0,1,0
position-balance-monitor-service,tests/position_interface/unit/test_adapters.py,other,1,0,0,0,0,0,0,0,0,1,0
position-balance-monitor-service,tests/unit/demo/test_seed_demo_positions.py,other,1,0,0,0,0,0,0,0,0,0,1
position-balance-monitor-service,tests/unit/test_cli_handlers_init.py,handler,1,0,0,1,0,0,0,0,0,0,0
position-balance-monitor-service,tests/unit/test_dual_failure_detector.py,other,1,0,0,0,0,0,0,0,0,0,1
position-balance-monitor-service,tests/unit/test_isolation_policy.py,other,1,0,0,0,0,0,0,0,0,0,1
position-balance-monitor-service,tests/unit/test_kill_switch_bus_subscriber.py,other,1,0,0,0,0,0,0,0,0,0,1
position-balance-monitor-service,tests/unit/test_position_tracker.py,other,1,0,0,0,0,0,0,0,0,0,1
position-balance-monitor-service,tests/unit/test_service_entry.py,handler,1,0,0,1,0,0,0,0,0,0,0
position-balance-monitor-service,tests/unit/test_transfer_reconciler.py,other,1,0,0,0,0,0,0,0,0,0,1
position-balance-monitor-service,tests/unit/test_treasury_rollup.py,other,1,0,0,0,0,0,0,0,0,0,1
position-balance-monitor-service,tests/unit/test_venue_balance_tracker.py,gcs_user,1,0,0,0,0,0,1,0,0,0,0
risk-and-exposure-service,risk_and_exposure_service/circuit_breaker_registry.py,other,1,0,0,0,0,0,0,0,0,0,1
risk-and-exposure-service,risk_and_exposure_service/cli/handlers/__init__.py,handler,1,0,0,1,0,0,0,0,0,0,0
risk-and-exposure-service,risk_and_exposure_service/cli/handlers/compute_handler.py,handler,1,0,0,1,0,0,0,0,0,0,0
risk-and-exposure-service,risk_and_exposure_service/cli/main.py,handler,1,0,0,1,0,0,0,0,0,0,0
risk-and-exposure-service,risk_and_exposure_service/engine/orchestrator.py,other,1,0,0,0,0,0,0,0,0,0,1
risk-and-exposure-service,risk_and_exposure_service/kill_switch_bus_subscriber.py,other,1,0,0,0,0,0,0,0,0,0,1
risk-and-exposure-service,scripts/backtest_depeg_ladder.py,gcs_user,1,0,0,0,0,0,1,0,0,0,0
risk-and-exposure-service,tests/integration/test_exposure_calculation_integration.py,gcs_user,1,0,0,0,0,0,1,0,0,0,0
risk-and-exposure-service,tests/test_emission_policy_risk_state.py,gcs_user,1,0,0,0,0,0,1,0,0,0,0
risk-and-exposure-service,tests/unit/test_exposure_aggregator.py,gcs_user,1,0,0,0,0,0,1,0,0,0,0
risk-and-exposure-service,tests/unit/test_isolation_policy.py,other,1,0,0,0,0,0,0,0,0,0,1
risk-and-exposure-service,tests/unit/test_kill_switch_bus_subscriber.py,other,1,0,0,0,0,0,0,0,0,0,1
risk-and-exposure-service,tests/unit/test_scenario_outcome_bridge.py,other,1,0,0,0,0,0,0,0,0,0,1
strategy-service,scripts/trace_all_carry_archetypes.py,gcs_user,1,0,0,0,0,0,1,0,0,0,0
strategy-service,strategy_service/allocation_sizer.py,other,1,0,0,0,0,0,0,0,0,0,1
strategy-service,strategy_service/archetype_kill_switch_subscriber.py,other,1,0,0,0,0,0,0,0,0,0,1
strategy-service,strategy_service/availability/instance_lifecycle.py,other,1,0,0,0,0,0,0,0,0,0,1
strategy-service,strategy_service/cli/handlers/__init__.py,handler,1,0,0,1,0,0,0,0,0,0,0
strategy-service,strategy_service/cli/handlers/batch_handler.py,handler,1,0,0,1,0,0,0,0,0,0,0
strategy-service,strategy_service/cli/handlers/batch_utils.py,handler,1,0,0,1,0,0,0,0,0,0,0
strategy-service,strategy_service/cli/handlers/group_b_handler.py,handler,1,0,0,1,0,0,0,0,0,0,0
strategy-service,strategy_service/cli/handlers/live_handler.py,handler,1,0,0,1,0,0,0,0,0,0,0
strategy-service,strategy_service/cli/service_entry.py,handler,1,0,0,1,0,0,0,0,0,0,0
strategy-service,strategy_service/engine/core/components/event_consumers.py,other,1,0,0,0,0,0,0,0,0,0,1
strategy-service,strategy_service/engine/core/strategy_config_loader.py,gcs_user,1,0,0,0,0,0,1,0,0,0,0
strategy-service,strategy_service/engine/core/testing_stage_gate.py,other,1,0,0,0,0,0,0,0,0,0,1
strategy-service,strategy_service/engine/position_client.py,other,1,0,0,0,0,0,0,0,1,0,0
strategy-service,strategy_service/engine/strategies/v2/carry_and_yield/decision_context_writer.py,manifest_writer,1,0,0,0,0,0,0,0,0,0,1
strategy-service,strategy_service/engine/strategies/v2/carry_and_yield/hedge_ratio_writer.py,manifest_writer,1,0,0,0,0,0,0,0,0,0,1
strategy-service,strategy_service/engine/strategies/v2/orchestrator.py,other,1,0,0,0,0,0,0,0,0,0,1
strategy-service,strategy_service/engine/strategies/v2/strategy_preflight_registry.py,other,1,0,0,0,0,0,0,0,0,0,1
strategy-service,strategy_service/execution_rejection_handler.py,handler,1,0,0,1,0,0,0,0,0,0,0
strategy-service,strategy_service/kill_switch_bus_subscriber.py,other,1,0,0,0,0,0,0,0,0,0,1
strategy-service,strategy_service/portfolio_allocator/service.py,other,1,0,0,0,0,0,0,0,0,0,1
strategy-service,strategy_service/signal_broadcast/transport.py,handler,1,0,0,1,0,0,0,0,0,0,0
strategy-service,strategy_service/version_governance/backtest_gate.py,other,1,0,0,0,0,0,0,0,0,0,1
strategy-service,strategy_service/version_governance/pending_approvals_runner.py,gcs_user,1,0,0,0,0,0,0,0,0,0,1
strategy-service,tests/integration/test_recursive_borrow_scenarios.py,other,1,0,0,0,0,0,0,0,0,0,1
strategy-service,tests/integration/test_trigger_router_integration.py,other,1,0,0,0,0,0,0,0,0,0,1
strategy-service,tests/unit/cli/handlers/__init__.py,handler,1,0,0,1,0,0,0,0,0,0,0
strategy-service,tests/unit/cli/handlers/conftest.py,handler,1,0,0,1,0,0,0,0,0,0,0
strategy-service,tests/unit/cli/handlers/test_strategy_dispatch.py,handler,1,0,0,1,0,0,0,0,0,0,0
strategy-service,tests/unit/engine/strategies/v2/test_decision_context_writer.py,other,1,0,0,0,0,0,0,0,0,0,1
strategy-service,tests/unit/engine/strategies/v2/test_hedge_ratio_writer.py,other,1,0,0,0,0,0,0,0,0,0,1
strategy-service,tests/unit/engine/strategies/v2/test_subdir_family_alignment.py,other,1,0,0,0,0,0,0,0,0,0,1
strategy-service,tests/unit/engine/test_trigger_router.py,other,1,0,0,0,0,0,0,0,0,0,1
strategy-service,tests/unit/test_allocation_sizer.py,other,1,0,0,0,0,0,0,0,0,0,1
strategy-service,tests/unit/test_emission_policy.py,other,1,0,0,0,0,0,0,0,0,0,1
strategy-service,tests/unit/test_grid_generator.py,other,1,0,0,0,0,0,0,0,0,0,1
strategy-service,tests/unit/test_kill_switch_bus_subscriber.py,other,1,0,0,0,0,0,0,0,0,0,1
strategy-service,tests/unit/test_nan_validation.py,other,1,0,0,0,0,0,0,0,0,0,1
strategy-service,tests/unit/test_order_batch_storage.py,other,1,0,0,0,0,0,0,0,0,0,1
strategy-service,tests/unit/test_order_batch_storage_expanded.py,other,1,0,0,0,0,0,0,0,0,0,1
strategy-service,tests/unit/test_order_batch_storage_load.py,other,1,0,0,0,0,0,0,0,0,0,1
strategy-service,tests/unit/test_risk_preflight_gate.py,other,1,0,0,0,0,0,0,0,0,0,1
strategy-service,tests/unit/test_signal_vector.py,other,1,0,0,0,0,0,0,0,0,0,1
strategy-service,tests/unit/test_topology_enforcement.py,other,1,0,0,0,0,0,0,0,0,0,1
strategy-service,tests/unit/version_governance/test_backtest_gate.py,other,1,0,0,0,0,0,0,0,0,0,1
system-integration-tests,tests/integration/test_data_freshness_contracts.py,other,1,0,0,0,0,0,0,0,0,0,1
system-integration-tests,tests/integration/test_library_imports.py,other,1,0,0,0,0,0,0,0,0,0,1
system-integration-tests,tests/integration/test_uac_uic_schema_compat.py,other,1,0,0,0,0,0,0,0,0,0,1
system-integration-tests,tests/smoke/test_cloud_infra_smoke.py,gcs_user,1,0,0,0,0,0,1,0,0,0,0
system-integration-tests,tests/smoke/test_coverage_matrix_smoke.py,gcs_user,1,0,0,0,0,0,1,0,0,0,0
system-integration-tests,tests/smoke/test_layer0_contracts.py,other,1,0,0,0,0,0,0,0,0,0,1
system-integration-tests,tests/unit/test_registry_alignment.py,gcs_user,1,0,0,0,0,0,0,0,0,0,1
trading-agent-service,scripts/seed_mock_data.py,other,1,0,0,0,0,0,0,0,0,0,1
trading-agent-service,trading_agent_service/cli/handlers/__init__.py,handler,1,0,0,1,0,0,0,0,0,0,0
trading-agent-service,trading_agent_service/cli/handlers/agent_handler.py,handler,1,0,0,1,0,0,0,0,0,0,0
unified-api-contracts,scripts/enumerate_availability.py,gcs_user,1,0,0,0,0,0,1,0,0,0,0
unified-api-contracts,tests/internal/test_deployment_extensions.py,gcs_user,1,0,0,0,0,0,1,0,0,0,0
unified-api-contracts,tests/internal/unit/test_domain_schemas.py,gcs_user,1,0,0,0,0,0,1,0,0,0,0
unified-api-contracts,tests/unit/sports/test_gcs_paths_player_values.py,gcs_user,1,0,0,0,0,0,1,0,0,0,0
unified-api-contracts,tests/unit/test_experiment_registry.py,gcs_user,1,0,0,0,0,0,1,0,0,0,0
unified-api-contracts,tests/unit/test_protocol_launch_dates.py,launcher,1,1,0,0,0,0,0,0,0,0,0
unified-api-contracts,unified_api_contracts/canonical/crosscutting/honest_coverage.py,manifest_writer,1,0,0,0,1,0,0,0,0,0,0
unified-api-contracts,unified_api_contracts/canonical/crosscutting/manifest_schema.py,manifest_writer,1,0,1,0,0,0,0,0,0,0,0
unified-api-contracts,unified_api_contracts/canonical/domain/sports/gcs_paths.py,gcs_user,1,0,0,0,0,0,1,0,0,0,0
unified-api-contracts,unified_api_contracts/internal/testing/seed_ml_artifacts.py,gcs_user,1,0,0,0,0,0,1,0,0,0,0
unified-api-contracts,unified_api_contracts/registry/generators/cefi.py,gcs_user,1,0,0,0,0,0,1,0,0,0,0
unified-api-contracts,unified_api_contracts/registry/venue_launch_dates.py,launcher,1,1,0,0,0,0,0,0,0,0,0
unified-trading-api,tests/unit/test_catalogue.py,other,1,0,0,0,0,0,0,0,0,0,1
unified-trading-api,unified_trading_api/mock_data/seed_candles.py,other,1,0,0,0,0,0,0,0,0,0,1
unified-trading-api,unified_trading_api/mock_data/seed_tickers.py,other,1,0,0,0,0,0,0,0,0,0,1
unified-trading-api,unified_trading_api/routes/instruments.py,other,1,0,0,0,0,0,0,0,0,0,1
unified-trading-api,unified_trading_api/routes/registry.py,other,1,0,0,0,0,0,0,0,0,0,1
unified-trading-api,unified_trading_api/routes/sports.py,other,1,0,0,0,0,0,0,0,0,0,1
unified-trading-api,unified_trading_api/routes/strategy_subscriptions.py,other,1,0,0,0,0,0,0,0,0,0,1
unified-trading-api,unified_trading_api/routes/websocket.py,other,1,0,0,0,0,0,0,0,0,0,1
unified-trading-library,tests/cloud_interface/unit/test_abstractions.py,gcs_user,1,0,0,0,0,0,1,0,0,0,0
unified-trading-library,tests/config_interface/unit/test_execution_config_schema.py,gcs_user,1,0,0,0,0,0,1,0,0,0,0
unified-trading-library,tests/config_interface/unit/test_loaders_gcs.py,gcs_user,1,0,0,0,0,0,1,0,0,0,0
unified-trading-library,tests/config_interface/unit/test_removed_methods.py,gcs_user,1,0,0,0,0,0,1,0,0,0,0
unified-trading-library,tests/events/test_emission_publisher.py,other,1,0,0,0,0,0,0,0,0,0,1
unified-trading-library,tests/events/unit/test_event_schema_alignment.py,gcs_user,1,0,0,0,0,0,1,0,0,0,0
unified-trading-library,tests/events_interface/unit/test_event_schema_alignment.py,gcs_user,1,0,0,0,0,0,1,0,0,0,0
unified-trading-library,tests/pnl_attribution/unit/test_pnl_attribution_utl.py,gcs_user,1,0,0,0,0,0,1,0,0,0,0
unified-trading-library,tests/unit/allocation/test_engine.py,other,1,0,0,0,0,0,0,0,0,0,1
unified-trading-library,tests/unit/circuit_breaker/test_drill_report.py,gcs_user,1,0,0,0,0,0,1,0,0,0,0
unified-trading-library,tests/unit/client_lifecycle/test_onboarding.py,other,1,0,0,0,0,0,0,0,0,0,1
unified-trading-library,tests/unit/feature_service_base/test_live_data_source.py,handler,1,0,0,1,0,0,0,0,0,0,0
unified-trading-library,tests/unit/feature_service_base/test_mode_handler.py,handler,1,0,0,1,0,0,0,0,0,0,0
unified-trading-library,tests/unit/kill_switch/test_bus_audit_log.py,other,1,0,0,0,0,0,0,0,0,0,1
unified-trading-library,tests/unit/lifecycle/test_daemon.py,gcs_user,1,0,0,0,0,0,1,0,0,0,0
unified-trading-library,tests/unit/post_trade/test_hwm_crystallization.py,other,1,0,0,0,0,0,0,0,0,0,1
unified-trading-library,tests/unit/post_trade/test_hwm_periods.py,other,1,0,0,0,0,0,0,0,0,0,1
unified-trading-library,tests/unit/post_trade/test_statement_emitter.py,gcs_user,1,0,0,0,0,0,0,0,0,0,1
unified-trading-library,tests/unit/reconcile/test_balance.py,other,1,0,0,0,0,0,0,0,0,0,1
unified-trading-library,tests/unit/reconcile/test_onchain.py,other,1,0,0,0,0,0,0,0,0,0,1
unified-trading-library,tests/unit/risk/test_preflight.py,other,1,0,0,0,0,0,0,0,0,0,1
unified-trading-library,tests/unit/service_framework/test_rolling_window.py,handler,1,0,0,1,0,0,0,0,0,0,0
unified-trading-library,tests/unit/test_availability_stamping_cefi_tick.py,other,1,0,0,0,0,0,0,0,0,0,1
unified-trading-library,tests/unit/test_bootstrap_kill_switch_wiring.py,other,1,0,0,0,0,0,0,0,0,0,1
unified-trading-library,tests/unit/test_chaos_controller.py,other,1,0,0,0,0,0,0,0,0,0,1
unified-trading-library,tests/unit/test_client_factory.py,gcs_user,1,0,0,0,0,0,1,0,0,0,0
unified-trading-library,tests/unit/test_domain_client_catalog.py,gcs_user,1,0,0,0,0,0,1,0,0,0,0
unified-trading-library,tests/unit/test_emission_publisher.py,other,1,0,0,0,0,0,0,0,0,0,1
unified-trading-library,tests/unit/test_entitlement_middleware.py,gcs_user,1,0,0,0,0,0,0,0,0,0,1
unified-trading-library,tests/unit/test_experiment_tracker.py,gcs_user,1,0,0,0,0,0,1,0,0,0,0
unified-trading-library,tests/unit/test_fault_injection_helper.py,other,1,0,0,0,0,0,0,0,0,0,1
unified-trading-library,tests/unit/test_freshness_monitor.py,other,1,0,0,0,0,0,0,0,0,0,1
unified-trading-library,tests/unit/test_freshness_monitor_lifecycle.py,other,1,0,0,0,0,0,0,0,0,0,1
unified-trading-library,tests/unit/test_instrument_id_validator.py,gcs_user,1,0,0,0,0,0,1,0,0,0,0
unified-trading-library,tests/unit/test_kill_switch_bus.py,other,1,0,0,0,0,0,0,0,0,0,1
unified-trading-library,tests/unit/test_logging_utils.py,handler,1,0,0,1,0,0,0,0,0,0,0
unified-trading-library,tests/unit/test_manifest_writer_cluster_coverage.py,manifest_writer,1,0,0,0,0,0,0,0,0,0,1
unified-trading-library,tests/unit/test_manifest_writer_flush_cadence.py,manifest_writer,1,0,0,0,1,0,0,0,0,0,0
unified-trading-library,tests/unit/test_manifest_writer_schema_validation.py,manifest_writer,1,0,0,0,0,0,0,0,0,0,1
unified-trading-library,tests/unit/test_manifest_writer_v6.py,manifest_writer,1,0,0,0,1,0,0,0,0,0,0
unified-trading-library,tests/unit/test_manifest_writer_v7.py,manifest_writer,1,0,0,0,1,0,0,0,0,0,0
unified-trading-library,tests/unit/test_manifest_writer_zero_fill.py,manifest_writer,1,0,0,0,0,0,0,0,0,0,1
unified-trading-library,tests/unit/test_service_framework_error_handling.py,handler,1,0,0,1,0,0,0,0,0,0,0
unified-trading-library,tests/unit/test_shard_axis_cross_registry.py,manifest_writer,1,0,0,0,0,0,0,0,0,0,1
unified-trading-library,tests/unit/test_signal_handler.py,handler,1,0,0,1,0,0,0,0,0,0,0
unified-trading-library,tests/unit/test_streaming_writer.py,manifest_writer,1,0,0,0,0,0,1,0,0,0,0
unified-trading-library,tests/unit/test_target_registry.py,other,1,0,0,0,0,0,0,0,0,0,1
unified-trading-library,tests/unit/test_topology_isolation_readers.py,other,1,0,0,0,0,0,0,0,0,0,1
unified-trading-library,tests/unit/test_usage_meter_sink.py,other,1,0,0,0,0,0,0,0,0,0,1
unified-trading-library,tests/unit/treasury/test_approval_bus.py,other,1,0,0,0,0,0,0,0,0,0,1
unified-trading-library,tests/unit/treasury/test_custody_pinger.py,other,1,0,0,0,0,0,0,0,0,0,1
unified-trading-library,tests/unit/treasury/test_withdrawal_executor.py,other,1,0,0,0,0,0,0,0,0,0,1
unified-trading-library,tests/unit/treasury/test_withdrawal_reconciler.py,other,1,0,0,0,0,0,0,0,0,0,1
unified-trading-library,tests/usage_meter/unit/test_usage_meter_sink.py,other,1,0,0,0,0,0,0,0,0,0,1
unified-trading-library,unified_trading_library/_cloud_uri.py,gcs_user,1,0,0,0,0,0,1,0,0,0,0
unified-trading-library,unified_trading_library/candidate_manifest_store.py,other,1,0,0,0,0,0,0,0,0,0,1
unified-trading-library,unified_trading_library/canonical/_derive_instrument_id.py,other,1,0,0,0,0,0,0,0,0,0,1
unified-trading-library,unified_trading_library/chaos/controller.py,other,1,0,0,0,0,0,0,0,0,0,1
unified-trading-library,unified_trading_library/circuit_breaker/drill_report.py,gcs_user,1,0,0,0,0,0,1,0,0,0,0
unified-trading-library,unified_trading_library/cloud_interface/constants.py,other,1,0,0,0,0,0,0,0,0,0,1
unified-trading-library,unified_trading_library/config_interface/auth/entitlements.py,other,1,0,0,0,0,0,0,0,0,0,1
unified-trading-library,unified_trading_library/config_interface/paths/registry.py,gcs_user,1,0,0,0,0,0,1,0,0,0,0
unified-trading-library,unified_trading_library/config_interface/persistence.py,gcs_user,1,0,0,0,0,0,1,0,0,0,0
unified-trading-library,unified_trading_library/config_interface/sports_ml_config.py,other,1,0,0,0,0,0,0,0,0,0,1
unified-trading-library,unified_trading_library/config_reloader.py,gcs_user,1,0,0,0,0,0,1,0,0,0,0
unified-trading-library,unified_trading_library/core/date_utils.py,gcs_user,1,0,0,0,0,0,1,0,0,0,0
unified-trading-library,unified_trading_library/core/dependency_checker.py,gcs_user,1,0,0,0,0,0,1,0,0,0,0
unified-trading-library,unified_trading_library/core/index_utils.py,other,1,0,0,0,0,0,0,0,0,0,1
unified-trading-library,unified_trading_library/core/logging.py,handler,1,0,0,1,0,0,0,0,0,0,0
unified-trading-library,unified_trading_library/core/signal_handler.py,handler,1,0,0,1,0,0,0,0,0,0,0
unified-trading-library,unified_trading_library/domain_client/clients/execution.py,gcs_user,1,0,0,0,0,0,1,0,0,0,0
unified-trading-library,unified_trading_library/domain_client/readers/gas_fee_reader.py,gcs_user,1,0,0,0,0,0,0,0,0,0,1
unified-trading-library,unified_trading_library/feature_service_base/live_aggregator.py,other,1,0,0,0,0,0,0,0,0,0,1
unified-trading-library,unified_trading_library/feature_service_base/mode_handler.py,handler,1,0,0,1,0,0,0,0,0,0,0
unified-trading-library,unified_trading_library/features_interface/adapters/footystats.py,handler,1,0,0,0,0,0,0,0,0,0,1
unified-trading-library,unified_trading_library/io/base_loader.py,gcs_user,1,0,0,0,0,0,1,0,0,0,0
unified-trading-library,unified_trading_library/io/base_writer.py,gcs_user,1,0,0,0,0,0,1,0,0,0,0
unified-trading-library,unified_trading_library/kill_switch/bus.py,gcs_user,1,0,0,0,0,0,0,0,0,0,1
unified-trading-library,unified_trading_library/lifecycle/uploader.py,gcs_user,1,0,0,0,0,0,1,0,0,0,0
unified-trading-library,unified_trading_library/ml/target_registry.py,other,1,0,0,0,0,0,0,0,0,0,1
unified-trading-library,unified_trading_library/post_trade/hwm_crystallization.py,other,1,0,0,0,0,0,0,0,0,0,1
unified-trading-library,unified_trading_library/post_trade/hwm_periods.py,other,1,0,0,0,0,0,0,0,0,0,1
unified-trading-library,unified_trading_library/risk/family_aggregator.py,other,1,0,0,0,0,0,0,0,0,0,1
unified-trading-library,unified_trading_library/service_cli.py,handler,1,0,0,1,0,0,0,0,0,0,0
unified-trading-library,unified_trading_library/service_framework/error_handling.py,handler,1,0,0,1,0,0,0,0,0,0,0
unified-trading-library,unified_trading_library/service_framework/handler.py,handler,1,0,0,1,0,0,0,0,0,0,0
unified-trading-library,unified_trading_library/sports_fixtures.py,gcs_user,1,0,0,0,0,0,1,0,0,0,0
unified-trading-library,unified_trading_library/topology/topology_reader.py,other,1,0,0,0,0,0,0,0,0,0,1
unified-trading-library,unified_trading_library/treasury/withdrawal_executor.py,other,1,0,0,0,0,0,0,0,0,0,1
unified-trading-library,unified_trading_library/treasury/withdrawal_reconciler.py,other,1,0,0,0,0,0,0,0,0,0,1
unified-trading-library,unified_trading_library/usage_meter/sink.py,other,1,0,0,0,0,0,0,0,0,0,1
