asset_group,bucket,vm_shard,total_rows,v8_rows,v_lt_8_rows,null_rows,schema_versions_seen
sports,instruments-store-sports-prd-central-element-323112,_legacy_seed.20260506-120021.bak.parquet,1868303,0,1868303,0,"2,4,5,6"
sports,instruments-store-sports-prd-central-element-323112,blank-reason-recon-sports-20260507-175543.parquet,1868285,0,1868285,0,"5,6,7"
sports,instruments-store-sports-prd-central-element-323112,_legacy_seed.parquet,1812693,0,1812693,0,"2,4,5,6"
defi,market-data-tick-defi-prd-central-element-323112,expected-universe-enum-defi-20260507-155353.parquet,1286260,0,0,1286260,(empty)
cefi,market-data-tick-cefi-prd-central-element-323112,blank-reason-recon-cefi-20260507-173136.parquet,1238229,0,1238229,0,"5,6,7"
cefi,market-data-tick-cefi-prd-central-element-323112,local-99178-edc2.parquet,983904,0,983904,0,6
sports,instruments-store-sports-prd-central-element-323112,af-backfill-test-20260501-095.20260506-120021.bak.parquet,574599,0,574599,0,6
sports,instruments-store-sports-prd-central-element-323112,af-backfill-test-20260501-095.parquet,462082,0,462082,0,6
cefi,market-data-tick-cefi-prd-central-element-323112,reconcile-tardis-thirdkey-drift-20260507-174536.parquet,451799,0,451799,0,"6,7"
sports,instruments-store-sports-prd-central-element-323112,af-backfill-20260429-105528.20260506-120021.bak.parquet,417838,0,417838,0,6
cefi,market-data-tick-cefi-prd-central-element-323112,_legacy_seed.parquet,352028,0,352028,0,"4,5,6"
sports,instruments-store-sports-prd-central-element-323112,af-backfill-20260429-105528.parquet,340989,0,340989,0,6
sports,instruments-store-sports-prd-central-element-323112,af-backfill-20260507-033214.parquet,310494,0,310494,0,7
defi,market-data-tick-defi-prd-central-element-323112,local-10889-bd08.parquet,307341,0,307341,0,6
sports,instruments-store-sports-prd-central-element-323112,manifest-recon-from-per-league-parquets.20260506-120021.bak.parquet,292127,0,292127,0,5
defi,market-data-tick-defi-prd-central-element-323112,local-29870-9b39.parquet,275000,0,275000,0,6
sports,instruments-store-sports-prd-central-element-323112,manifest-recon-from-per-league-parquets.parquet,203809,0,203809,0,5
sports,instruments-store-sports-prd-central-element-323112,af-backfill-20260505-105528.20260506-120021.bak.parquet,190415,0,190415,0,6
sports,instruments-store-sports-prd-central-element-323112,flip-phantom-corrective-20260506-114110.20260506-120021.bak.parquet,176021,0,176021,0,"5,6"
sports,instruments-store-sports-prd-central-element-323112,af-backfill-20260507-002914.parquet,148770,0,148770,0,7
sports,instruments-store-sports-prd-central-element-323112,fs-backfill-20260507-010724.parquet,147164,0,147164,0,7
sports,instruments-store-sports-prd-central-element-323112,af-backfill-20260505-105528.parquet,134212,0,134212,0,6
sports,instruments-store-sports-prd-central-element-323112,manifest-canonicalize-league-ids.20260506-120021.bak.parquet,108969,0,108969,0,"5,6"
sports,instruments-store-sports-prd-central-element-323112,local-55602-8d93.parquet,104113,0,104113,0,6
sports,instruments-store-sports-prd-central-element-323112,weather-backfill-20260429-105525.parquet,100542,0,100542,0,6
sports,instruments-store-sports-prd-central-element-323112,manifest-canonicalize-league-ids.parquet,100386,0,100386,0,6
sports,instruments-store-sports-prd-central-element-323112,af-backfill-20260504-183526.20260506-120021.bak.parquet,98951,0,98951,0,6
sports,instruments-store-sports-prd-central-element-323112,weather-backfill-20260504-160617.parquet,86418,0,86418,0,6
sports,instruments-store-sports-prd-central-element-323112,weather-backfill-20260504-225316.parquet,81669,0,81669,0,6
sports,instruments-store-sports-prd-central-element-323112,sfi-backfill-20260501-102703.parquet,76063,0,76063,0,6
sports,instruments-store-sports-prd-central-element-323112,af-backfill-20260504-232814.20260506-120021.bak.parquet,75973,0,75973,0,6
sports,instruments-store-sports-prd-central-element-323112,fs-backfill-20260501-014139.parquet,75786,0,75786,0,6
sports,instruments-store-sports-prd-central-element-323112,fs-backfill-20260501-102703.parquet,75706,0,75706,0,6
sports,instruments-store-sports-prd-central-element-323112,af-backfill-20260504-183526.parquet,75382,0,75382,0,6
sports,instruments-store-sports-prd-central-element-323112,weather-backfill-20260504-183642.parquet,71568,0,71568,0,6
sports,instruments-store-sports-prd-central-element-323112,weather-backfill-20260507-010923.parquet,71389,0,71389,0,7
sports,instruments-store-sports-prd-central-element-323112,sfi-backfill-20260507-010938.parquet,71368,0,71368,0,7
defi,instruments-store-defi-prd-central-element-323112,_legacy_seed.parquet,69674,0,69674,0,4
sports,instruments-store-sports-prd-central-element-323112,recover-fixtures-flip-20260506-165630.parquet,69149,0,69149,0,"5,6"
sports,instruments-store-sports-prd-central-element-323112,local-67763-68a4.parquet,65294,0,65294,0,6
sports,instruments-store-sports-prd-central-element-323112,af-backfill-20260504-232814.parquet,54369,0,54369,0,6
tradfi,market-data-tick-tradfi-prd-central-element-323112,expected-universe-enum-tradfi-20260507-154607.parquet,35033,0,0,35033,(empty)
sports,instruments-store-sports-prd-central-element-323112,fixtures-recovery-20260506-165630.parquet,34583,0,34583,0,6
sports,instruments-store-sports-prd-central-element-323112,fill-missing-player-stats-20260506-082808.parquet,27057,0,27057,0,6
cefi,market-data-tick-cefi-prd-central-element-323112,cefi-bitget-futures-2025-light-20260506-180338.parquet,27010,0,27010,0,6
sports,instruments-store-sports-prd-central-element-323112,fs-backfill-20260501-154804.parquet,24703,0,24703,0,6
sports,instruments-store-sports-prd-central-element-323112,fs-backfill-20260429-105528.parquet,23196,0,23196,0,6
sports,instruments-store-sports-prd-central-element-323112,af-backfill-20260501-012419.20260506-120021.bak.parquet,23130,0,23130,0,6
sports,instruments-store-sports-prd-central-element-323112,fs-backfill-20260501-165342.parquet,22015,0,22015,0,6
cefi,instruments-store-cefi-prd-central-element-323112,_legacy_seed.parquet,21952,0,21952,0,4
tradfi,market-data-tick-tradfi-prd-central-element-323112,tradfi-bf-es-opt-adhoc-adhoc-20260505-183009.parquet,21330,0,21330,0,6
sports,instruments-store-sports-prd-central-element-323112,af-backfill-20260501-012419.parquet,19097,0,19097,0,6
cefi,market-data-tick-cefi-prd-central-element-323112,cefi-bitget-futures-2025-light-20260504-145438.parquet,18263,0,18263,0,6
tradfi,market-data-tick-tradfi-prd-central-element-323112,_legacy_seed.parquet,18149,0,18149,0,"4,6"
cefi,market-data-tick-cefi-prd-central-element-323112,cefi-kraken-spot-2020-heavy-20260504-145820.parquet,17568,0,17568,0,6
cefi,market-data-tick-cefi-prd-central-element-323112,cefi-kraken-spot-2024-heavy-20260504-160650.parquet,17568,0,17568,0,6
cefi,market-data-tick-cefi-prd-central-element-323112,cefi-kraken-spot-2021-heavy-20260504-145838.parquet,17520,0,17520,0,6
cefi,market-data-tick-cefi-prd-central-element-323112,cefi-kraken-spot-2022-heavy-20260504-145853.parquet,17520,0,17520,0,6
cefi,market-data-tick-cefi-prd-central-element-323112,cefi-kraken-spot-2023-heavy-20260504-145910.parquet,17520,0,17520,0,6
cefi,market-data-tick-cefi-prd-central-element-323112,cefi-kraken-spot-2025-heavy-20260504-160701.parquet,17520,0,17520,0,6
sports,market-data-tick-sports-prd-central-element-323112,_legacy_seed.parquet,17288,0,17288,0,4
cefi,market-data-tick-cefi-prd-central-element-323112,cefi-bitget-futures-2025-heavy-20260507-195544.parquet,17105,0,17105,0,7
cefi,market-data-tick-cefi-prd-central-element-323112,cefi-bitget-spot-2025-heavy-20260507-195441.parquet,16430,0,16430,0,7
tradfi,market-data-tick-tradfi-prd-central-element-323112,tradfi-bf-es-opt-fill-20260505-123434.parquet,15503,0,15503,0,6
cefi,market-data-tick-cefi-prd-central-element-323112,cefi-kraken-spot-2023-heavy-20260507-195735.parquet,15061,0,15061,0,7
cefi,market-data-tick-cefi-prd-central-element-323112,cefi-kraken-spot-2020-heavy-20260501-184923.parquet,15006,0,15006,0,6
cefi,market-data-tick-cefi-prd-central-element-323112,cefi-kraken-spot-2024-heavy-20260501-185027.parquet,15006,0,15006,0,6
cefi,market-data-tick-cefi-prd-central-element-323112,cefi-kraken-spot-2021-heavy-20260501-184942.parquet,14965,0,14965,0,6
cefi,market-data-tick-cefi-prd-central-element-323112,cefi-kraken-spot-2022-heavy-20260501-184956.parquet,14965,0,14965,0,6
cefi,market-data-tick-cefi-prd-central-element-323112,cefi-kraken-spot-2023-heavy-20260501-185011.parquet,14965,0,14965,0,6
cefi,market-data-tick-cefi-prd-central-element-323112,cefi-kraken-spot-2025-heavy-20260501-185042.parquet,14965,0,14965,0,6
prediction,market-data-tick-pred-prd-central-element-323112,_legacy_seed.parquet,14298,0,14298,0,"4,5"
sports,instruments-store-sports-prd-central-element-323112,sfi-backfill-20260504-183611.parquet,14160,0,14160,0,6
cefi,market-data-tick-cefi-prd-central-element-323112,cefi-kraken-spot-2024-heavy-20260507-195758.parquet,14045,0,14045,0,7
sports,instruments-store-sports-prd-central-element-323112,af-backfill-20260506-213127.parquet,13945,0,13945,0,6
cefi,market-data-tick-cefi-prd-central-element-323112,cefi-kraken-spot-2025-heavy-20260507-195816.parquet,13719,0,13719,0,7
cefi,market-data-tick-cefi-prd-central-element-323112,cefi-bitget-futures-2025-heavy-20260506-180322.parquet,13575,0,13575,0,6
sports,instruments-store-sports-prd-central-element-323112,expected-universe-enum-sports-20260507-154819.parquet,13176,0,0,13176,(empty)
cefi,market-data-tick-cefi-prd-central-element-323112,cefi-kraken-spot-2022-heavy-20260507-195719.parquet,12985,0,12985,0,7
sports,instruments-store-sports-prd-central-element-323112,fs-backfill-20260430-171133.parquet,12315,0,12315,0,6
sports,instruments-store-sports-prd-central-element-323112,tm-backfill-20260501-102707.parquet,12035,0,12035,0,6
defi,market-data-tick-defi-prd-central-element-323112,mtds-vault-share-price-20260508-010050.parquet,11600,0,11600,0,7
sports,market-data-tick-sports-prd-central-element-323112,mdps-sports-bucket-20260505-230519.parquet,11463,0,11463,0,6
tradfi,instruments-store-tradfi-prd-central-element-323112,_legacy_seed.parquet,11301,0,11301,0,4
cefi,market-data-tick-cefi-prd-central-element-323112,cefi-bitfinex-spot-2023-heavy-20260507-194844.parquet,11245,0,11245,0,7
sports,market-data-tick-sports-prd-central-element-323112,mdps-sports-bucket-20260505-230155.parquet,11097,0,11097,0,6
sports,market-data-tick-sports-prd-central-element-323112,mdps-sports-bucket-20260505-230833.parquet,11097,0,11097,0,6
cefi,market-data-tick-cefi-prd-central-element-323112,cefi-bitfinex-spot-2025-heavy-20260507-194916.parquet,11032,0,11032,0,7
cefi,market-data-tick-cefi-prd-central-element-323112,cefi-bitget-futures-2025-heavy-20260501-184819.parquet,10960,0,10960,0,6
cefi,market-data-tick-cefi-prd-central-element-323112,cefi-bitget-spot-2025-heavy-20260501-184717.parquet,10954,0,10954,0,6
cefi,market-data-tick-cefi-prd-central-element-323112,cefi-bitfinex-spot-2022-heavy-20260507-194828.parquet,10940,0,10940,0,7
cefi,market-data-tick-cefi-prd-central-element-323112,cefi-bitfinex-spot-2024-heavy-20260507-194859.parquet,10871,0,10871,0,7
sports,instruments-store-sports-prd-central-element-323112,us-backfill-20260507-010653.parquet,10795,0,10795,0,7
cefi,market-data-tick-cefi-prd-central-element-323112,cefi-hyperliquid-2024-light.parquet,10614,0,10614,0,6
cefi,market-data-tick-cefi-prd-central-element-323112,cefi-hyperliquid-2025-light.parquet,10585,0,10585,0,6
sports,market-data-tick-sports-prd-central-element-323112,mdps-sports-bucket-20260505-230533.parquet,10565,0,10565,0,6
cefi,market-data-tick-cefi-prd-central-element-323112,cefi-bitfinex-spot-2021-heavy-20260507-194813.parquet,10356,0,10356,0,7
cefi,market-data-tick-cefi-prd-central-element-323112,cefi-okx-swap-2024-light-20260506-121357.parquet,10248,0,10248,0,6
sports,instruments-store-sports-prd-central-element-323112,sfi-backfill-20260501-012417.parquet,10225,0,10225,0,6
cefi,market-data-tick-cefi-prd-central-element-323112,cefi-okx-swap-2021-light-20260506-121357.parquet,10220,0,10220,0,6
cefi,market-data-tick-cefi-prd-central-element-323112,cefi-okx-swap-2021-light.parquet,10220,0,10220,0,6
cefi,market-data-tick-cefi-prd-central-element-323112,cefi-okx-swap-2022-light-20260506-121357.parquet,10220,0,10220,0,6
cefi,market-data-tick-cefi-prd-central-element-323112,cefi-okx-swap-2022-light.parquet,10220,0,10220,0,6
cefi,market-data-tick-cefi-prd-central-element-323112,cefi-okx-swap-2023-light-20260506-121357.parquet,10220,0,10220,0,6
cefi,market-data-tick-cefi-prd-central-element-323112,cefi-okx-swap-2025-light-20260506-121357.parquet,10220,0,10220,0,6
cefi,market-data-tick-cefi-prd-central-element-323112,cefi-okx-swap-2024-light.parquet,10208,0,10208,0,6
cefi,market-data-tick-cefi-prd-central-element-323112,cefi-okx-swap-2023-light.parquet,10204,0,10204,0,6
cefi,market-data-tick-cefi-prd-central-element-323112,cefi-okx-swap-2025-light.parquet,10204,0,10204,0,6
sports,market-data-tick-sports-prd-central-element-323112,mdps-sports-bucket-20260505-230545.parquet,10133,0,10133,0,6
defi,market-data-tick-defi-prd-central-element-323112,_legacy_seed.parquet,10000,0,10000,0,6
cefi,market-data-tick-cefi-prd-central-element-323112,cefi-bitget-futures-2025-heavy-20260504-145020.parquet,9860,0,9860,0,6
cefi,market-data-tick-cefi-prd-central-element-323112,cefi-hyperliquid-2025-light-20260506-121357.parquet,9851,0,9851,0,6
cefi,market-data-tick-cefi-prd-central-element-323112,cefi-bitget-futures-2025-light-20260501-184837.parquet,9752,0,9752,0,6
cefi,market-data-tick-cefi-prd-central-element-323112,cefi-bitfinex-futures-2024-light-20260506-175553.parquet,9516,0,9516,0,6
cefi,market-data-tick-cefi-prd-central-element-323112,cefi-bitfinex-futures-2022-light-20260506-175434.parquet,9490,0,9490,0,6
cefi,market-data-tick-cefi-prd-central-element-323112,cefi-bitfinex-futures-2023-light-20260506-175517.parquet,9490,0,9490,0,6
cefi,market-data-tick-cefi-prd-central-element-323112,cefi-bitfinex-futures-2025-light-20260506-175639.parquet,9490,0,9490,0,6
cefi,market-data-tick-cefi-prd-central-element-323112,cefi-bitget-futures-2026-heavy-20260506-180358.parquet,9450,0,9450,0,6
sports,instruments-store-sports-prd-central-element-323112,sfi-backfill-20260505-120759.parquet,9391,0,9391,0,6
cefi,market-data-tick-cefi-prd-central-element-323112,cefi-bitfinex-futures-2023-heavy-20260506-175455.parquet,9315,0,9315,0,6
cefi,market-data-tick-cefi-prd-central-element-323112,cefi-bitget-futures-2026-light-20260506-180414.parquet,9249,0,9249,0,6
sports,market-data-tick-sports-prd-central-element-323112,mdps-sports-bucket-20260505-230556.parquet,9228,0,9228,0,6
cefi,market-data-tick-cefi-prd-central-element-323112,cefi-kraken-spot-2020-heavy-20260507-195643.parquet,9145,0,9145,0,7
cefi,market-data-tick-cefi-prd-central-element-323112,cefi-bitfinex-futures-2020-light-20260501-184325.parquet,9061,0,9061,0,6
sports,market-data-tick-sports-prd-central-element-323112,mdps-sports-bucket-20260505-230139.parquet,8967,0,8967,0,6
sports,market-data-tick-sports-prd-central-element-323112,mdps-sports-bucket-20260505-230820.parquet,8967,0,8967,0,6
cefi,market-data-tick-cefi-prd-central-element-323112,cefi-bitfinex-futures-2025-light-20260501-184607.parquet,8733,0,8733,0,6
cefi,market-data-tick-cefi-prd-central-element-323112,cefi-kraken-futures-2021-light-20260501-185212.parquet,8692,0,8692,0,6
cefi,market-data-tick-cefi-prd-central-element-323112,cefi-bitfinex-futures-2021-light-20260501-184358.parquet,8569,0,8569,0,6
cefi,market-data-tick-cefi-prd-central-element-323112,cefi-kraken-futures-2023-light-20260501-185337.parquet,8569,0,8569,0,6
sports,market-data-tick-sports-prd-central-element-323112,canonical-migration-sports-20260505-205547.parquet,8501,0,8501,0,6
sports,market-data-tick-sports-prd-central-element-323112,mdps-sports-bucket-20260505-230611.parquet,8489,0,8489,0,6
cefi,market-data-tick-cefi-prd-central-element-323112,cefi-kraken-futures-2020-light-20260501-185131.parquet,8405,0,8405,0,6
cefi,market-data-tick-cefi-prd-central-element-323112,cefi-bitfinex-futures-2025-heavy-20260506-175611.parquet,8370,0,8370,0,6
cefi,market-data-tick-cefi-prd-central-element-323112,cefi-bitfinex-futures-2022-light-20260501-184432.parquet,8323,0,8323,0,6
sports,market-data-tick-sports-prd-central-element-323112,mdps-sports-bucket-20260505-230124.parquet,8318,0,8318,0,6
cefi,market-data-tick-cefi-prd-central-element-323112,cefi-hyperliquid-l2book-20260504-211006.parquet,8219,0,8219,0,6
cefi,market-data-tick-cefi-prd-central-element-323112,cefi-kraken-futures-2024-light-20260501-185414.parquet,8159,0,8159,0,6
cefi,market-data-tick-cefi-prd-central-element-323112,cefi-bitfinex-futures-2023-light-20260501-184504.parquet,8118,0,8118,0,6
cefi,market-data-tick-cefi-prd-central-element-323112,cefi-kraken-futures-2022-light-20260501-185251.parquet,8118,0,8118,0,6
cefi,market-data-tick-cefi-prd-central-element-323112,cefi-kraken-futures-2025-light-20260501-185448.parquet,8077,0,8077,0,6
cefi,market-data-tick-cefi-prd-central-element-323112,cefi-bitget-futures-2025-light-20260507-195601.parquet,7987,0,7987,0,7
cefi,market-data-tick-cefi-prd-central-element-323112,cefi-bitfinex-futures-2024-light-20260501-184536.parquet,7790,0,7790,0,6
cefi,market-data-tick-cefi-prd-central-element-323112,cefi-bitfinex-futures-2024-light-20260504-145321.parquet,7650,0,7650,0,6
cefi,market-data-tick-cefi-prd-central-element-323112,cefi-bitfinex-futures-2023-heavy-20260501-184447.parquet,7622,0,7622,0,6
tradfi,market-data-tick-tradfi-prd-central-element-323112,blank-reason-recon-tradfi-20260507-175606.parquet,7603,0,7603,0,6
cefi,market-data-tick-cefi-prd-central-element-323112,cefi-deribit-2020-light-155459.parquet,7323,0,7323,0,6
cefi,market-data-tick-cefi-prd-central-element-323112,cefi-hyperliquid-2024-light-20260506-121357.parquet,7318,0,7318,0,6
cefi,market-data-tick-cefi-prd-central-element-323112,cefi-hyperliquid-funding-20260504-203437.parquet,7317,0,7317,0,6
cefi,market-data-tick-cefi-prd-central-element-323112,cefi-deribit-2023-light-155550.parquet,7301,0,7301,0,6
cefi,market-data-tick-cefi-prd-central-element-323112,cefi-deribit-2022-light-155533.parquet,7300,0,7300,0,6
cefi,market-data-tick-cefi-prd-central-element-323112,cefi-deribit-2025-light-155627.parquet,7300,0,7300,0,6
cefi,market-data-tick-cefi-prd-central-element-323112,cefi-bitfinex-futures-2025-light-20260504-145340.parquet,7265,0,7265,0,6
cefi,market-data-tick-cefi-prd-central-element-323112,cefi-deribit-2020-heavy-155459.parquet,6957,0,6957,0,6
cefi,market-data-tick-cefi-prd-central-element-323112,cefi-deribit-2023-heavy-155550.parquet,6939,0,6939,0,6
cefi,market-data-tick-cefi-prd-central-element-323112,cefi-deribit-2022-heavy-155533.parquet,6938,0,6938,0,6
cefi,market-data-tick-cefi-prd-central-element-323112,cefi-deribit-2021-heavy-155516.parquet,6936,0,6936,0,6
cefi,market-data-tick-cefi-prd-central-element-323112,cefi-bitfinex-spot-2020-heavy-20260507-194756.parquet,6887,0,6887,0,7
cefi,market-data-tick-cefi-prd-central-element-323112,cefi-bitfinex-futures-2023-light-20260504-150111.parquet,6886,0,6886,0,6
cefi,market-data-tick-cefi-prd-central-element-323112,cefi-bitfinex-futures-2022-light-20260504-150058.parquet,6585,0,6585,0,6
cefi,market-data-tick-cefi-prd-central-element-323112,cefi-bitfinex-spot-2022-heavy-20260506-160148.parquet,6550,0,6550,0,6
cefi,market-data-tick-cefi-prd-central-element-323112,cefi-bitfinex-spot-2025-heavy-20260506-160237.parquet,6450,0,6450,0,6
cefi,market-data-tick-cefi-prd-central-element-323112,cefi-bitget-futures-2025-light-20260507-151017.parquet,6424,0,6424,0,7
cefi,market-data-tick-cefi-prd-central-element-323112,cefi-bitget-futures-2026-light-20260507-151046.parquet,6424,0,6424,0,7
cefi,market-data-tick-cefi-prd-central-element-323112,cefi-bitfinex-spot-2023-heavy-20260501-184210.parquet,6405,0,6405,0,6
cefi,market-data-tick-cefi-prd-central-element-323112,cefi-bitfinex-futures-2022-heavy-20260506-175414.parquet,6156,0,6156,0,6
cefi,market-data-tick-cefi-prd-central-element-323112,cefi-bitfinex-futures-2026-light-20260504-145405.parquet,6150,0,6150,0,6
cefi,market-data-tick-cefi-prd-central-element-323112,cefi-bitget-futures-2026-light-20260504-145457.parquet,6150,0,6150,0,6
cefi,market-data-tick-cefi-prd-central-element-323112,cefi-deribit-2019-light-20260505-152418.parquet,6091,0,6091,0,6
cefi,market-data-tick-cefi-prd-central-element-323112,cefi-bitfinex-spot-2021-heavy-20260506-160127.parquet,6050,0,6050,0,6
cefi,market-data-tick-cefi-prd-central-element-323112,cefi-kraken-spot-2026-heavy-20260504-160715.parquet,5904,0,5904,0,6
cefi,market-data-tick-cefi-prd-central-element-323112,cefi-bitfinex-spot-2026-heavy-20260506-160254.parquet,5749,0,5749,0,6
sports,market-data-tick-sports-prd-central-element-323112,mdps-sports-bucket-20260505-230706.parquet,5690,0,5690,0,6
cefi,market-data-tick-cefi-prd-central-element-323112,cefi-bitget-futures-2026-heavy-20260507-195616.parquet,5685,0,5685,0,7
cefi,market-data-tick-cefi-prd-central-element-323112,cefi-bitfinex-futures-2024-heavy-20260507-195243.parquet,5648,0,5648,0,7
sports,instruments-store-sports-prd-central-element-323112,fs-backfill-20260501-012417.parquet,5511,0,5511,0,6
cefi,market-data-tick-cefi-prd-central-element-323112,cefi-bitfinex-futures-2021-heavy-20260506-175334.parquet,5475,0,5475,0,6
cefi,market-data-tick-cefi-prd-central-element-323112,cefi-bitfinex-spot-2023-heavy-20260504-165838.parquet,5388,0,5388,0,6
cefi,market-data-tick-cefi-prd-central-element-323112,cefi-bitfinex-futures-2022-heavy-20260507-195054.parquet,5353,0,5353,0,7
sports,market-data-tick-sports-prd-central-element-323112,mdps-sports-bucket-20260505-230625.parquet,5337,0,5337,0,6
tradfi,market-data-tick-tradfi-prd-central-element-323112,tradfi-bf-es-opt-2023-20260505-085252.parquet,5330,0,5330,0,6
sports,instruments-store-sports-prd-central-element-323112,tm-backfill-20260429-105528.parquet,5324,0,5324,0,6
sports,market-data-tick-sports-prd-central-element-323112,mdps-sports-bucket-20260505-230722.parquet,5225,0,5225,0,6
sports,market-data-tick-sports-prd-central-element-323112,mdps-sports-bucket-20260505-230749.parquet,5199,0,5199,0,6
sports,market-data-tick-sports-prd-central-element-323112,mdps-sports-bucket-20260505-230655.parquet,5166,0,5166,0,6
cefi,market-data-tick-cefi-prd-central-element-323112,cefi-kraken-spot-2026-heavy-20260507-195832.parquet,5113,0,5113,0,7
cefi,market-data-tick-cefi-prd-central-element-323112,cefi-bitfinex-futures-2021-light-20260506-175354.parquet,5110,0,5110,0,6
defi,market-data-tick-defi-prd-central-element-323112,mtds-vault-share-price-20260504-130913.parquet,5035,0,5035,0,6
sports,market-data-tick-sports-prd-central-element-323112,mdps-sports-bucket-20260505-230638.parquet,5017,0,5017,0,6
tradfi,market-data-tick-tradfi-prd-central-element-323112,tradfi-bf-es-opt-2024-20260505-085252.parquet,5011,0,5011,0,6
cefi,market-data-tick-cefi-prd-central-element-323112,cefi-kraken-spot-2023-heavy-20260507-011201.parquet,5000,0,5000,0,7
cefi,market-data-tick-cefi-prd-central-element-323112,cefi-kraken-spot-2026-heavy-20260501-185058.parquet,4920,0,4920,0,6
tradfi,market-data-tick-tradfi-prd-central-element-323112,tradfi-bf-es-opt-2025-20260505-085252.parquet,4890,0,4890,0,6
cefi,market-data-tick-cefi-prd-central-element-323112,cefi-kraken-futures-2023-light-20260504-150215.parquet,4879,0,4879,0,6
cefi,market-data-tick-cefi-prd-central-element-323112,cefi-coinbase-spot-tbbo-20260504-202940.parquet,4872,0,4872,0,6
cefi,market-data-tick-cefi-prd-central-element-323112,cefi-kraken-futures-2025-light-20260504-145535.parquet,4793,0,4793,0,6
sports,instruments-store-sports-prd-central-element-323112,fs-backfill-20260505-141058.parquet,4791,0,4791,0,6
cefi,market-data-tick-cefi-prd-central-element-323112,cefi-bitget-spot-2026-heavy-20260507-195456.parquet,4651,0,4651,0,7
cefi,market-data-tick-cefi-prd-central-element-323112,cefi-bitfinex-futures-2025-heavy-20260507-195321.parquet,4618,0,4618,0,7
sports,instruments-store-sports-prd-central-element-323112,af-backfill-20260506-135454.parquet,4514,0,4514,0,6
cefi,market-data-tick-cefi-prd-central-element-323112,cefi-pacifica-solana-ohlcv-20260507-013501.parquet,4500,0,4500,0,7
cefi,market-data-tick-cefi-prd-central-element-323112,cefi-pacifica-solana-ohlcv-20260507-015423.parquet,4497,0,4497,0,7
cefi,market-data-tick-cefi-prd-central-element-323112,cefi-kraken-spot-2022-heavy-20260507-011145.parquet,4450,0,4450,0,7
cefi,market-data-tick-cefi-prd-central-element-323112,cefi-pacifica-solana-ohlcv-20260507-022425.parquet,4442,0,4442,0,7
cefi,market-data-tick-cefi-prd-central-element-323112,cefi-kraken-futures-2021-light-20260504-150140.parquet,4320,0,4320,0,6
cefi,market-data-tick-cefi-prd-central-element-323112,cefi-bitfinex-futures-2022-light-20260504-194217.parquet,4285,0,4285,0,6
cefi,market-data-tick-cefi-prd-central-element-323112,cefi-deribit-2024-heavy-155609.parquet,4125,0,4125,0,6
cefi,market-data-tick-cefi-prd-central-element-323112,cefi-bitfinex-futures-2024-light-20260507-195301.parquet,4120,0,4120,0,7
cefi,market-data-tick-cefi-prd-central-element-323112,cefi-bitget-futures-2024-heavy-20260506-180237.parquet,4050,0,4050,0,6
cefi,market-data-tick-cefi-prd-central-element-323112,cefi-bitfinex-futures-2025-light-20260507-195340.parquet,4049,0,4049,0,7
sports,instruments-store-sports-prd-central-element-323112,tm-backfill-20260504-183629.parquet,4003,0,4003,0,6
cefi,market-data-tick-cefi-prd-central-element-323112,cefi-bitget-futures-2024-light-20260506-180258.parquet,3996,0,3996,0,6
cefi,market-data-tick-cefi-prd-central-element-323112,cefi-bitfinex-futures-2025-light-20260504-194403.parquet,3985,0,3985,0,6
cefi,market-data-tick-cefi-prd-central-element-323112,cefi-bitget-futures-2024-light-20260507-150945.parquet,3942,0,3942,0,7
cefi,market-data-tick-cefi-prd-central-element-323112,cefi-kraken-spot-2020-heavy-20260507-011110.parquet,3900,0,3900,0,7
cefi,market-data-tick-cefi-prd-central-element-323112,cefi-kraken-spot-2021-heavy-20260507-011128.parquet,3900,0,3900,0,7
cefi,market-data-tick-cefi-prd-central-element-323112,cefi-bitfinex-futures-2022-light-20260507-195114.parquet,3838,0,3838,0,7
cefi,market-data-tick-cefi-prd-central-element-323112,cefi-bitfinex-futures-2024-light-20260504-194327.parquet,3834,0,3834,0,6
cefi,market-data-tick-cefi-prd-central-element-323112,cefi-bitfinex-futures-2023-light-20260507-195149.parquet,3785,0,3785,0,7
cefi,market-data-tick-cefi-prd-central-element-323112,cefi-bitget-futures-2026-heavy-20260501-184853.parquet,3646,0,3646,0,6
cefi,market-data-tick-cefi-prd-central-element-323112,cefi-bitget-spot-2026-heavy-20260501-184731.parquet,3606,0,3606,0,6
sports,market-data-tick-sports-prd-central-element-323112,mdps-sports-bucket-20260505-230224.parquet,3432,0,3432,0,6
sports,market-data-tick-sports-prd-central-element-323112,mdps-sports-bucket-20260505-230846.parquet,3432,0,3432,0,6
cefi,market-data-tick-cefi-prd-central-element-323112,cefi-deribit-2020-light.parquet,3405,0,3405,0,6
cefi,market-data-tick-cefi-prd-central-element-323112,cefi-bitfinex-futures-2026-heavy-20260506-175701.parquet,3400,0,3400,0,6
cefi,market-data-tick-cefi-prd-central-element-323112,cefi-bitget-futures-2026-heavy-20260504-145038.parquet,3349,0,3349,0,6
cefi,market-data-tick-cefi-prd-central-element-323112,cefi-deribit-2022-light.parquet,3344,0,3344,0,6
sports,market-data-tick-sports-prd-central-element-323112,mdps-sports-bucket-20260505-230734.parquet,3324,0,3324,0,6
cefi,market-data-tick-cefi-prd-central-element-323112,cefi-bitfinex-spot-2023-heavy-20260506-160206.parquet,3300,0,3300,0,6
cefi,market-data-tick-cefi-prd-central-element-323112,cefi-bitfinex-spot-2024-heavy-20260506-160221.parquet,3300,0,3300,0,6
cefi,market-data-tick-cefi-prd-central-element-323112,cefi-bitfinex-futures-2020-heavy-20260506-175257.parquet,3283,0,3283,0,6
cefi,market-data-tick-cefi-prd-central-element-323112,cefi-deribit-2024-light-20260505-152418.parquet,3278,0,3278,0,6
cefi,market-data-tick-cefi-prd-central-element-323112,cefi-hyperliquid-trades-20260504-203452.parquet,3261,0,3261,0,6
cefi,market-data-tick-cefi-prd-central-element-323112,cefi-bitfinex-futures-2021-light-20260504-194141.parquet,3260,0,3260,0,6
cefi,market-data-tick-cefi-prd-central-element-323112,cefi-bitfinex-futures-2026-light-20260506-175721.parquet,3250,0,3250,0,6
cefi,market-data-tick-cefi-prd-central-element-323112,cefi-kraken-spot-2021-heavy-20260507-195703.parquet,3192,0,3192,0,7
prediction,instruments-store-pred-prd-central-element-323112,_legacy_seed.parquet,3170,0,3170,0,4
cefi,market-data-tick-cefi-prd-central-element-323112,cefi-deribit-2023-light.parquet,3147,0,3147,0,6
cefi,market-data-tick-cefi-prd-central-element-323112,cefi-kraken-futures-2020-heavy-20260501-185115.parquet,3146,0,3146,0,6
sports,market-data-tick-sports-prd-central-element-323112,mdps-sports-bucket-20260505-230804.parquet,3119,0,3119,0,6
cefi,market-data-tick-cefi-prd-central-element-323112,cefi-hyperliquid-2026-light-20260506-121357.parquet,3103,0,3103,0,6
cefi,market-data-tick-cefi-prd-central-element-323112,cefi-hyperliquid-2026-light.parquet,3098,0,3098,0,6
sports,instruments-store-sports-prd-central-element-323112,sfi-backfill-20260430-024913.parquet,3053,0,3053,0,6
cefi,market-data-tick-cefi-prd-central-element-323112,cefi-bitget-futures-2026-light-20260501-184908.parquet,3036,0,3036,0,6
cefi,market-data-tick-cefi-prd-central-element-323112,cefi-bitfinex-spot-2020-heavy-20260506-160108.parquet,2997,0,2997,0,6
cefi,market-data-tick-cefi-prd-central-element-323112,cefi-okx-swap-2026-light-20260506-121357.parquet,2996,0,2996,0,6
cefi,market-data-tick-cefi-prd-central-element-323112,cefi-okx-swap-2026-light-20260506-150808.parquet,2996,0,2996,0,6
cefi,market-data-tick-cefi-prd-central-element-323112,cefi-okx-swap-2026-light.parquet,2988,0,2988,0,6
cefi,market-data-tick-cefi-prd-central-element-323112,cefi-kraken-futures-2024-light-20260504-165927.parquet,2964,0,2964,0,6
cefi,market-data-tick-cefi-prd-central-element-323112,cefi-kraken-futures-2026-light-20260504-145551.parquet,2929,0,2929,0,6
cefi,market-data-tick-cefi-prd-central-element-323112,cefi-bitfinex-futures-2020-light-20260506-175316.parquet,2928,0,2928,0,6
cefi,market-data-tick-cefi-prd-central-element-323112,cefi-kraken-futures-2020-light-20260506-175803.parquet,2928,0,2928,0,6
cefi,market-data-tick-cefi-prd-central-element-323112,cefi-kraken-futures-2024-light-20260506-180051.parquet,2928,0,2928,0,6
cefi,market-data-tick-cefi-prd-central-element-323112,cefi-kraken-futures-2025-light-20260506-180132.parquet,2922,0,2922,0,6
cefi,market-data-tick-cefi-prd-central-element-323112,cefi-kraken-futures-2021-light-20260506-175844.parquet,2920,0,2920,0,6
cefi,market-data-tick-cefi-prd-central-element-323112,cefi-kraken-futures-2022-light-20260506-175927.parquet,2920,0,2920,0,6
cefi,market-data-tick-cefi-prd-central-element-323112,cefi-kraken-futures-2023-light-20260506-180006.parquet,2920,0,2920,0,6
cefi,market-data-tick-cefi-prd-central-element-323112,cefi-kraken-spot-2024-heavy-20260507-011218.parquet,2800,0,2800,0,7
cefi,market-data-tick-cefi-prd-central-element-323112,cefi-bitfinex-futures-2021-heavy-20260507-195026.parquet,2792,0,2792,0,7
cefi,market-data-tick-cefi-prd-central-element-323112,cefi-bitfinex-futures-2023-light-20260507-150714.parquet,2775,0,2775,0,7
cefi,market-data-tick-cefi-prd-central-element-323112,cefi-bitfinex-futures-2020-heavy-20260501-184309.parquet,2772,0,2772,0,6
cefi,market-data-tick-cefi-prd-central-element-323112,cefi-bitfinex-futures-2024-light-20260507-150741.parquet,2725,0,2725,0,7
cefi,market-data-tick-cefi-prd-central-element-323112,cefi-bitfinex-futures-2025-light-20260507-150809.parquet,2725,0,2725,0,7
cefi,market-data-tick-cefi-prd-central-element-323112,cefi-bitget-futures-2024-light-20260504-145422.parquet,2701,0,2701,0,6
cefi,market-data-tick-cefi-prd-central-element-323112,cefi-bitfinex-futures-2026-light-20260507-150836.parquet,2675,0,2675,0,7
cefi,market-data-tick-cefi-prd-central-element-323112,cefi-kraken-futures-2026-light-20260501-185525.parquet,2665,0,2665,0,6
cefi,market-data-tick-cefi-prd-central-element-323112,cefi-bitfinex-futures-2022-light-20260507-150640.parquet,2575,0,2575,0,7
cefi,market-data-tick-cefi-prd-central-element-323112,cefi-deribit-2026-light-155648.parquet,2439,0,2439,0,6
cefi,instruments-store-cefi-prd-central-element-323112,cefi-instr-deribit-20260505-152424.parquet,2424,0,2424,0,6
cefi,market-data-tick-cefi-prd-central-element-323112,cefi-mr-20260429-184942-262.parquet,2423,0,2423,0,6
cefi,market-data-tick-cefi-prd-central-element-323112,cefi-bitget-futures-2024-heavy-20260507-195512.parquet,2395,0,2395,0,7
cefi,market-data-tick-cefi-prd-central-element-323112,cefi-bitfinex-futures-2026-light-20260501-184642.parquet,2378,0,2378,0,6
cefi,market-data-tick-cefi-prd-central-element-323112,cefi-mr-20260429-184942-269.parquet,2360,0,2360,0,6
cefi,market-data-tick-cefi-prd-central-element-323112,cefi-deribit-2021-light.parquet,2349,0,2349,0,6
cefi,market-data-tick-cefi-prd-central-element-323112,cefi-mr-20260429-184942-314.parquet,2301,0,2301,0,6
cefi,market-data-tick-cefi-prd-central-element-323112,cefi-kraken-futures-2022-light-20260504-194616.parquet,2280,0,2280,0,6
prediction,market-data-tick-pred-prd-central-element-323112,expected-universe-enum-prediction-20260507-155030.parquet,2280,0,0,2280,(empty)
cefi,market-data-tick-cefi-prd-central-element-323112,cefi-mr-20260429-184942-316.parquet,2237,0,2237,0,6
cefi,market-data-tick-cefi-prd-central-element-323112,cefi-aster-fullbackfill-20260504-210048.parquet,2233,0,2233,0,6
cefi,market-data-tick-cefi-prd-central-element-323112,cefi-kraken-futures-2020-light-20260504-194510.parquet,2232,0,2232,0,6
cefi,market-data-tick-cefi-prd-central-element-323112,cefi-mr-20260429-184942-249.parquet,2227,0,2227,0,6
cefi,instruments-store-cefi-prd-central-element-323112,cefi-instr-binance-futures-20260504-183326.parquet,2226,0,2226,0,6
cefi,market-data-tick-cefi-prd-central-element-323112,cefi-bitget-futures-2026-light-20260507-195629.parquet,2218,0,2218,0,7
tradfi,market-data-tick-tradfi-prd-central-element-323112,tradfi-etf-20260430-152114.parquet,2211,0,2211,0,6
cefi,market-data-tick-cefi-prd-central-element-323112,cefi-mr-20260429-184942-268.parquet,2209,0,2209,0,6
cefi,market-data-tick-cefi-prd-central-element-323112,cefi-mr-20260429-124301-15.parquet,2198,0,2198,0,6
cefi,market-data-tick-cefi-prd-central-element-323112,cefi-mr-20260429-124301-18.parquet,2198,0,2198,0,6
cefi,market-data-tick-cefi-prd-central-element-323112,cefi-mr-20260429-124301-2.parquet,2198,0,2198,0,6
cefi,market-data-tick-cefi-prd-central-element-323112,cefi-mr-20260429-124301-20.parquet,2198,0,2198,0,6
cefi,market-data-tick-cefi-prd-central-element-323112,cefi-mr-20260429-124301-21.parquet,2198,0,2198,0,6
cefi,market-data-tick-cefi-prd-central-element-323112,cefi-mr-20260429-124301-23.parquet,2198,0,2198,0,6
cefi,market-data-tick-cefi-prd-central-element-323112,cefi-mr-20260429-124301-24.parquet,2198,0,2198,0,6
cefi,market-data-tick-cefi-prd-central-element-323112,cefi-mr-20260429-124301-27.parquet,2198,0,2198,0,6
cefi,market-data-tick-cefi-prd-central-element-323112,cefi-mr-20260429-124301-3.parquet,2198,0,2198,0,6
cefi,market-data-tick-cefi-prd-central-element-323112,cefi-mr-20260429-124301-5.parquet,2198,0,2198,0,6
cefi,market-data-tick-cefi-prd-central-element-323112,cefi-mr-20260429-124301-6.parquet,2198,0,2198,0,6
cefi,market-data-tick-cefi-prd-central-element-323112,cefi-mr-20260429-124301-8.parquet,2198,0,2198,0,6
cefi,market-data-tick-cefi-prd-central-element-323112,cefi-mr-20260429-124301-9.parquet,2198,0,2198,0,6
cefi,market-data-tick-cefi-prd-central-element-323112,cefi-kraken-futures-2020-heavy-20260506-175739.parquet,2197,0,2197,0,6
cefi,market-data-tick-cefi-prd-central-element-323112,cefi-mr-20260429-124301-29.parquet,2195,0,2195,0,6
cefi,market-data-tick-cefi-prd-central-element-323112,cefi-mr-20260429-184942-252.parquet,2192,0,2192,0,6
cefi,market-data-tick-cefi-prd-central-element-323112,cefi-bitfinex-futures-2021-light-20260507-195039.parquet,2191,0,2191,0,7
cefi,market-data-tick-cefi-prd-central-element-323112,cefi-mr-20260429-124301-30.parquet,2191,0,2191,0,6
cefi,market-data-tick-cefi-prd-central-element-323112,cefi-mr-20260429-124301-33.parquet,2191,0,2191,0,6
cefi,market-data-tick-cefi-prd-central-element-323112,cefi-mr-20260429-124301-35.parquet,2191,0,2191,0,6
cefi,market-data-tick-cefi-prd-central-element-323112,cefi-mr-20260429-124301-32.parquet,2190,0,2190,0,6
cefi,market-data-tick-cefi-prd-central-element-323112,cefi-mr-20260429-124301-36.parquet,2190,0,2190,0,6
cefi,market-data-tick-cefi-prd-central-element-323112,cefi-mr-20260429-124301-38.parquet,2190,0,2190,0,6
cefi,instruments-store-cefi-prd-central-element-323112,cefi-instr-binance-spot-20260504-183350.parquet,2186,0,2186,0,6
cefi,market-data-tick-cefi-prd-central-element-323112,cefi-mr-20260429-124301-39.parquet,2185,0,2185,0,6
cefi,market-data-tick-cefi-prd-central-element-323112,cefi-mr-20260429-184942-277.parquet,2178,0,2178,0,6
cefi,market-data-tick-cefi-prd-central-element-323112,cefi-mr-20260429-124301-41.parquet,2177,0,2177,0,6
cefi,market-data-tick-cefi-prd-central-element-323112,cefi-mr-20260429-124301-42.parquet,2177,0,2177,0,6
cefi,market-data-tick-cefi-prd-central-element-323112,cefi-mr-20260429-124301-45.parquet,2177,0,2177,0,6
cefi,market-data-tick-cefi-prd-central-element-323112,cefi-mr-20260429-124301-47.parquet,2177,0,2177,0,6
cefi,instruments-store-cefi-prd-central-element-323112,cefi-instr-bybit-20260504-183443.parquet,2175,0,2175,0,6
cefi,market-data-tick-cefi-prd-central-element-323112,cefi-kraken-futures-2022-light-20260504-150154.parquet,2160,0,2160,0,6
cefi,market-data-tick-cefi-prd-central-element-323112,cefi-mr-20260429-184942-251.parquet,2159,0,2159,0,6
cefi,market-data-tick-cefi-prd-central-element-323112,cefi-mr-20260429-184942-208.parquet,2157,0,2157,0,6
cefi,market-data-tick-cefi-prd-central-element-323112,cefi-mr-20260429-184942-238.parquet,2156,0,2156,0,6
cefi,market-data-tick-cefi-prd-central-element-323112,cefi-lighter-zksync-ohlcv-20260507-024226.parquet,2155,0,2155,0,7
cefi,market-data-tick-cefi-prd-central-element-323112,cefi-kraken-spot-2026-heavy-20260507-011254.parquet,2150,0,2150,0,7
cefi,market-data-tick-cefi-prd-central-element-323112,cefi-kraken-futures-2021-heavy-20260507-195925.parquet,2140,0,2140,0,7
cefi,instruments-store-cefi-prd-central-element-323112,cefi-instr-bitfinex-spot-20260504-183401.parquet,2139,0,2139,0,6
cefi,market-data-tick-cefi-prd-central-element-323112,cefi-kraken-futures-2024-heavy-20260507-200122.parquet,2129,0,2129,0,7
cefi,market-data-tick-cefi-prd-central-element-323112,cefi-kraken-futures-2022-heavy-20260507-195954.parquet,2124,0,2124,0,7
cefi,market-data-tick-cefi-prd-central-element-323112,cefi-mr-20260429-184942-253.parquet,2119,0,2119,0,6
cefi,market-data-tick-cefi-prd-central-element-323112,cefi-mr-20260429-184942-313.parquet,2095,0,2095,0,6
cefi,market-data-tick-cefi-prd-central-element-323112,cefi-aster-fullbackfill-20260504-204903.parquet,2086,0,2086,0,6
cefi,market-data-tick-cefi-prd-central-element-323112,cefi-mr-20260429-184942-286.parquet,2084,0,2084,0,6
cefi,market-data-tick-cefi-prd-central-element-323112,cefi-mr-20260429-184942-211.parquet,2081,0,2081,0,6
cefi,market-data-tick-cefi-prd-central-element-323112,cefi-kraken-futures-2025-heavy-20260507-200151.parquet,2066,0,2066,0,7
cefi,market-data-tick-cefi-prd-central-element-323112,cefi-mr-20260429-184942-236.parquet,2058,0,2058,0,6
cefi,market-data-tick-cefi-prd-central-element-323112,cefi-mr-20260429-184942-247.parquet,2032,0,2032,0,6
cefi,market-data-tick-cefi-prd-central-element-323112,cefi-kraken-futures-2023-heavy-20260507-200043.parquet,2023,0,2023,0,7
cefi,market-data-tick-cefi-prd-central-element-323112,cefi-kraken-futures-2024-light-20260504-194727.parquet,2017,0,2017,0,6
cefi,market-data-tick-cefi-prd-central-element-323112,cefi-mr-20260429-184942-245.parquet,2017,0,2017,0,6
cefi,market-data-tick-cefi-prd-central-element-323112,cefi-mr-20260429-184942-207.parquet,1998,0,1998,0,6
cefi,market-data-tick-cefi-prd-central-element-323112,cefi-mr-20260429-184942-230.parquet,1987,0,1987,0,6
cefi,market-data-tick-cefi-prd-central-element-323112,cefi-mr-20260429-184942-240.parquet,1981,0,1981,0,6
cefi,market-data-tick-cefi-prd-central-element-323112,cefi-mr-20260429-184942-227.parquet,1976,0,1976,0,6
cefi,market-data-tick-cefi-prd-central-element-323112,cefi-mr-20260429-184942-248.parquet,1975,0,1975,0,6
cefi,market-data-tick-cefi-prd-central-element-323112,cefi-pacifica-solana-ohlcv-20260507-024226.parquet,1969,0,1969,0,7
cefi,market-data-tick-cefi-prd-central-element-323112,cefi-mr-20260429-184942-266.parquet,1964,0,1964,0,6
cefi,market-data-tick-cefi-prd-central-element-323112,cefi-mr-20260429-184942-299.parquet,1950,0,1950,0,6
cefi,market-data-tick-cefi-prd-central-element-323112,cefi-mr-20260429-184942-244.parquet,1939,0,1939,0,6
cefi,market-data-tick-cefi-prd-central-element-323112,cefi-mr-20260429-141334-17.parquet,1908,0,1908,0,6
cefi,market-data-tick-cefi-prd-central-element-323112,cefi-mr-20260429-184942-232.parquet,1908,0,1908,0,6
cefi,market-data-tick-cefi-prd-central-element-323112,cefi-mr-20260429-184942-282.parquet,1908,0,1908,0,6
cefi,market-data-tick-cefi-prd-central-element-323112,cefi-mr-20260429-184942-246.parquet,1899,0,1899,0,6
cefi,market-data-tick-cefi-prd-central-element-323112,cefi-mr-20260429-184942-273.parquet,1893,0,1893,0,6
cefi,market-data-tick-cefi-prd-central-element-323112,cefi-mr-20260429-184942-235.parquet,1886,0,1886,0,6
cefi,market-data-tick-cefi-prd-central-element-323112,cefi-mr-20260429-124301-11.parquet,1884,0,1884,0,6
cefi,market-data-tick-cefi-prd-central-element-323112,cefi-mr-20260429-124301-22.parquet,1884,0,1884,0,6
cefi,market-data-tick-cefi-prd-central-element-323112,cefi-mr-20260429-124301-28.parquet,1884,0,1884,0,6
cefi,market-data-tick-cefi-prd-central-element-323112,cefi-mr-20260429-184942-279.parquet,1883,0,1883,0,6
cefi,market-data-tick-cefi-prd-central-element-323112,cefi-bitget-spot-2024-heavy-20260507-195427.parquet,1872,0,1872,0,7
cefi,market-data-tick-cefi-prd-central-element-323112,cefi-mr-20260429-184942-263.parquet,1872,0,1872,0,6
cefi,market-data-tick-cefi-prd-central-element-323112,cefi-mr-20260429-124301-40.parquet,1868,0,1868,0,6
cefi,market-data-tick-cefi-prd-central-element-323112,cefi-mr-20260429-124301-43.parquet,1865,0,1865,0,6
cefi,market-data-tick-cefi-prd-central-element-323112,cefi-mr-20260429-184942-254.parquet,1860,0,1860,0,6
cefi,market-data-tick-cefi-prd-central-element-323112,cefi-mr-20260429-184942-283.parquet,1851,0,1851,0,6
cefi,market-data-tick-cefi-prd-central-element-323112,cefi-mr-20260429-184942-287.parquet,1848,0,1848,0,6
cefi,market-data-tick-cefi-prd-central-element-323112,cefi-mr-20260429-184942-301.parquet,1842,0,1842,0,6
sports,instruments-store-sports-prd-central-element-323112,us-backfill-20260501-154833.parquet,1825,0,1825,0,6
cefi,market-data-tick-cefi-prd-central-element-323112,cefi-mr-20260429-184942-261.parquet,1824,0,1824,0,6
cefi,market-data-tick-cefi-prd-central-element-323112,cefi-mr-20260429-184942-271.parquet,1819,0,1819,0,6
cefi,market-data-tick-cefi-prd-central-element-323112,cefi-mr-20260429-184942-220.parquet,1816,0,1816,0,6
cefi,market-data-tick-cefi-prd-central-element-323112,cefi-mr-20260429-184942-223.parquet,1814,0,1814,0,6
sports,instruments-store-sports-prd-central-element-323112,us-backfill-20260429-105528.parquet,1814,0,1814,0,6
cefi,market-data-tick-cefi-prd-central-element-323112,cefi-mr-20260429-184942-274.parquet,1810,0,1810,0,6
cefi,market-data-tick-cefi-prd-central-element-323112,cefi-mr-20260429-184942-284.parquet,1805,0,1805,0,6
cefi,market-data-tick-cefi-prd-central-element-323112,cefi-mr-20260429-184942-109.parquet,1801,0,1801,0,6
cefi,market-data-tick-cefi-prd-central-element-323112,cefi-bitfinex-futures-2020-light-20260504-194107.parquet,1788,0,1788,0,6
cefi,market-data-tick-cefi-prd-central-element-323112,cefi-mr-20260429-184942-243.parquet,1783,0,1783,0,6
cefi,market-data-tick-cefi-prd-central-element-323112,cefi-kraken-futures-2020-light-20260504-150125.parquet,1782,0,1782,0,6
cefi,market-data-tick-cefi-prd-central-element-323112,cefi-mr-20260429-184942-226.parquet,1775,0,1775,0,6
cefi,market-data-tick-cefi-prd-central-element-323112,cefi-mr-20260429-184942-264.parquet,1775,0,1775,0,6
cefi,market-data-tick-cefi-prd-central-element-323112,cefi-mr-20260429-184942-229.parquet,1773,0,1773,0,6
cefi,market-data-tick-cefi-prd-central-element-323112,cefi-mr-20260429-184942-224.parquet,1771,0,1771,0,6
cefi,instruments-store-cefi-prd-central-element-323112,cefi-instr-upbit-20260504-183626.parquet,1769,0,1769,0,6
cefi,market-data-tick-cefi-prd-central-element-323112,cefi-mr-20260429-184942-206.parquet,1768,0,1768,0,6
cefi,market-data-tick-cefi-prd-central-element-323112,cefi-bitfinex-futures-2025-heavy-20260501-184553.parquet,1764,0,1764,0,6
cefi,market-data-tick-cefi-prd-central-element-323112,cefi-mr-20260429-184942-275.parquet,1762,0,1762,0,6
cefi,market-data-tick-cefi-prd-central-element-323112,cefi-mr-20260429-184942-233.parquet,1757,0,1757,0,6
cefi,market-data-tick-cefi-prd-central-element-323112,cefi-mr-20260429-124301-87.parquet,1743,0,1743,0,6
cefi,market-data-tick-cefi-prd-central-element-323112,cefi-mr-20260429-184942-204.parquet,1735,0,1735,0,6
sports,instruments-store-sports-prd-central-element-323112,tm-backfill-20260501-012419.parquet,1732,0,1732,0,6
cefi,market-data-tick-cefi-prd-central-element-323112,cefi-lighter-zksync-ohlcv-20260507-013501.parquet,1730,0,1730,0,7
cefi,market-data-tick-cefi-prd-central-element-323112,cefi-mr-20260429-184942-302.parquet,1727,0,1727,0,6
cefi,market-data-tick-cefi-prd-central-element-323112,cefi-lighter-zksync-ohlcv-20260507-015423.parquet,1717,0,1717,0,7
cefi,market-data-tick-cefi-prd-central-element-323112,cefi-kraken-futures-2021-light-20260507-195941.parquet,1706,0,1706,0,7
cefi,market-data-tick-cefi-prd-central-element-323112,cefi-bitfinex-futures-2024-heavy-20260506-175534.parquet,1701,0,1701,0,6
cefi,market-data-tick-cefi-prd-central-element-323112,cefi-mr-20260429-184942-228.parquet,1697,0,1697,0,6
cefi,market-data-tick-cefi-prd-central-element-323112,cefi-mr-20260429-184942-294.parquet,1687,0,1687,0,6
cefi,market-data-tick-cefi-prd-central-element-323112,cefi-kraken-futures-2020-light-20260507-195902.parquet,1674,0,1674,0,7
cefi,market-data-tick-cefi-prd-central-element-323112,cefi-mr-20260429-184942-225.parquet,1674,0,1674,0,6
cefi,market-data-tick-cefi-prd-central-element-323112,cefi-mr-20260429-184942-221.parquet,1660,0,1660,0,6
cefi,market-data-tick-cefi-prd-central-element-323112,cefi-mr-20260429-184942-292.parquet,1658,0,1658,0,6
cefi,market-data-tick-cefi-prd-central-element-323112,cefi-bitget-futures-2024-light-20260501-184803.parquet,1656,0,1656,0,6
cefi,market-data-tick-cefi-prd-central-element-323112,cefi-mr-20260429-184942-222.parquet,1652,0,1652,0,6
cefi,market-data-tick-cefi-prd-central-element-323112,cefi-kraken-spot-2020-heavy-20260507-151100.parquet,1650,0,1650,0,7
cefi,market-data-tick-cefi-prd-central-element-323112,cefi-kraken-futures-2021-light-20260504-194544.parquet,1640,0,1640,0,6
cefi,market-data-tick-cefi-prd-central-element-323112,cefi-mr-20260429-184942-237.parquet,1632,0,1632,0,6
cefi,market-data-tick-cefi-prd-central-element-323112,cefi-mr-20260429-184942-267.parquet,1631,0,1631,0,6
cefi,market-data-tick-cefi-prd-central-element-323112,cefi-bitget-futures-2024-heavy-20260501-184749.parquet,1628,0,1628,0,6
cefi,market-data-tick-cefi-prd-central-element-323112,cefi-bitget-spot-2024-heavy-20260501-184659.parquet,1621,0,1621,0,6
cefi,market-data-tick-cefi-prd-central-element-323112,cefi-mr-20260429-184942-298.parquet,1613,0,1613,0,6
tradfi,market-data-tick-tradfi-prd-central-element-323112,tradfi-bf-es-opt-2026-20260505-085252.parquet,1610,0,1610,0,6
cefi,market-data-tick-cefi-prd-central-element-323112,cefi-kraken-spot-2025-heavy-20260507-011237.parquet,1600,0,1600,0,7
cefi,market-data-tick-cefi-prd-central-element-323112,cefi-mr-20260429-184942-210.parquet,1595,0,1595,0,6
cefi,market-data-tick-cefi-prd-central-element-323112,cefi-mr-20260429-184942-250.parquet,1594,0,1594,0,6
cefi,market-data-tick-cefi-prd-central-element-323112,cefi-kraken-futures-2022-light-20260507-200019.parquet,1589,0,1589,0,7
cefi,market-data-tick-cefi-prd-central-element-323112,cefi-mr-20260429-184942-213.parquet,1578,0,1578,0,6
cefi,market-data-tick-cefi-prd-central-element-323112,cefi-mr-20260429-124301-16.parquet,1570,0,1570,0,6
cefi,market-data-tick-cefi-prd-central-element-323112,cefi-mr-20260429-124301-19.parquet,1570,0,1570,0,6
cefi,market-data-tick-cefi-prd-central-element-323112,cefi-mr-20260429-124301-25.parquet,1570,0,1570,0,6
cefi,market-data-tick-cefi-prd-central-element-323112,cefi-mr-20260429-124301-4.parquet,1570,0,1570,0,6
cefi,market-data-tick-cefi-prd-central-element-323112,cefi-mr-20260429-124301-7.parquet,1569,0,1569,0,6
cefi,market-data-tick-cefi-prd-central-element-323112,cefi-mr-20260429-124301-10.parquet,1568,0,1568,0,6
cefi,market-data-tick-cefi-prd-central-element-323112,cefi-mr-20260429-124301-31.parquet,1565,0,1565,0,6
cefi,market-data-tick-cefi-prd-central-element-323112,cefi-kraken-futures-2023-heavy-20260504-150010.parquet,1564,0,1564,0,6
cefi,market-data-tick-cefi-prd-central-element-323112,cefi-mr-20260429-124301-37.parquet,1564,0,1564,0,6
cefi,market-data-tick-cefi-prd-central-element-323112,cefi-kraken-futures-2020-heavy-20260507-195847.parquet,1560,0,1560,0,7
cefi,market-data-tick-cefi-prd-central-element-323112,opt-deribit-2022.parquet,1551,0,1551,0,6
cefi,market-data-tick-cefi-prd-central-element-323112,cefi-mr-20260429-124301-51.parquet,1550,0,1550,0,6
cefi,market-data-tick-cefi-prd-central-element-323112,cefi-mr-20260429-124301-57.parquet,1549,0,1549,0,6
cefi,market-data-tick-cefi-prd-central-element-323112,cefi-mr-20260429-184942-272.parquet,1530,0,1530,0,6
cefi,market-data-tick-cefi-prd-central-element-323112,cefi-mr-20260429-184942-278.parquet,1520,0,1520,0,6
cefi,market-data-tick-cefi-prd-central-element-323112,cefi-mr-20260429-184942-64.parquet,1520,0,1520,0,6
cefi,market-data-tick-cefi-prd-central-element-323112,cefi-mr-20260429-184942-285.parquet,1519,0,1519,0,6
cefi,market-data-tick-cefi-prd-central-element-323112,cefi-mr-20260429-184942-265.parquet,1518,0,1518,0,6
cefi,market-data-tick-cefi-prd-central-element-323112,cefi-mr-20260429-184942-281.parquet,1516,0,1516,0,6
cefi,market-data-tick-cefi-prd-central-element-323112,cefi-kraken-futures-2023-light-20260507-200105.parquet,1512,0,1512,0,7
cefi,market-data-tick-cefi-prd-central-element-323112,cefi-mr-20260429-184942-260.parquet,1508,0,1508,0,6
cefi,market-data-tick-cefi-prd-central-element-323112,cefi-mr-20260429-184942-175.parquet,1499,0,1499,0,6
cefi,market-data-tick-cefi-prd-central-element-323112,cefi-mr-20260429-184942-293.parquet,1499,0,1499,0,6
cefi,market-data-tick-cefi-prd-central-element-323112,cefi-bitfinex-futures-2023-light-20260504-194255.parquet,1494,0,1494,0,6
cefi,market-data-tick-cefi-prd-central-element-323112,cefi-mr-20260429-184942-289.parquet,1484,0,1484,0,6
cefi,market-data-tick-cefi-prd-central-element-323112,cefi-kraken-futures-2024-light-20260507-200137.parquet,1480,0,1480,0,7
cefi,market-data-tick-cefi-prd-central-element-323112,cefi-mr-20260429-184942-134.parquet,1474,0,1474,0,6
cefi,market-data-tick-cefi-prd-central-element-323112,cefi-mr-20260429-184942-148.parquet,1472,0,1472,0,6
cefi,market-data-tick-cefi-prd-central-element-323112,cefi-bitfinex-futures-2021-light-20260507-150614.parquet,1469,0,1469,0,7
cefi,market-data-tick-cefi-prd-central-element-323112,cefi-mr-20260429-184942-315.parquet,1468,0,1468,0,6
cefi,market-data-tick-cefi-prd-central-element-323112,cefi-kraken-futures-2025-light-20260504-194802.parquet,1464,0,1464,0,6
cefi,market-data-tick-cefi-prd-central-element-323112,opt-deribit-2023.parquet,1463,0,1463,0,6
tradfi,market-data-tick-tradfi-prd-central-element-323112,tradfi-bf-ibit-20260505-123352.parquet,1461,0,1461,0,6
cefi,market-data-tick-cefi-prd-central-element-323112,cefi-bitget-futures-2024-heavy-20260504-144956.parquet,1458,0,1458,0,6
cefi,market-data-tick-cefi-prd-central-element-323112,cefi-mr-20260429-184942-231.parquet,1449,0,1449,0,6
cefi,market-data-tick-cefi-prd-central-element-323112,cefi-mr-20260429-184942-216.parquet,1440,0,1440,0,6
cefi,market-data-tick-cefi-prd-central-element-323112,cefi-bitfinex-futures-2021-heavy-20260501-184340.parquet,1432,0,1432,0,6
cefi,market-data-tick-cefi-prd-central-element-323112,cefi-kraken-futures-2023-light-20260504-194652.parquet,1432,0,1432,0,6
cefi,market-data-tick-cefi-prd-central-element-323112,cefi-mr-20260429-184942-137.parquet,1430,0,1430,0,6
cefi,market-data-tick-cefi-prd-central-element-323112,cefi-mr-20260429-184942-218.parquet,1428,0,1428,0,6
cefi,market-data-tick-cefi-prd-central-element-323112,cefi-mr-20260429-184942-166.parquet,1427,0,1427,0,6
cefi,market-data-tick-cefi-prd-central-element-323112,cefi-mr-20260429-184942-136.parquet,1423,0,1423,0,6
sports,instruments-store-sports-prd-central-element-323112,af-backfill-20260506-233931.parquet,1421,0,1421,0,7
cefi,market-data-tick-cefi-prd-central-element-323112,cefi-mr-20260429-154202-55.parquet,1416,0,1416,0,6
cefi,market-data-tick-cefi-prd-central-element-323112,cefi-mr-20260429-141334-90.parquet,1413,0,1413,0,6
cefi,market-data-tick-cefi-prd-central-element-323112,cefi-mr-20260429-124301-72.parquet,1403,0,1403,0,6
cefi,market-data-tick-cefi-prd-central-element-323112,cefi-mr-20260429-184942-291.parquet,1400,0,1400,0,6
cefi,market-data-tick-cefi-prd-central-element-323112,cefi-mr-20260429-124301-90.parquet,1396,0,1396,0,6
cefi,market-data-tick-cefi-prd-central-element-323112,cefi-mr-20260429-124301-84.parquet,1395,0,1395,0,6
cefi,market-data-tick-cefi-prd-central-element-323112,cefi-mr-20260429-124301-78.parquet,1394,0,1394,0,6
cefi,market-data-tick-cefi-prd-central-element-323112,cefi-mr-20260429-124301-83.parquet,1394,0,1394,0,6
cefi,market-data-tick-cefi-prd-central-element-323112,cefi-mr-20260429-124301-99.parquet,1392,0,1392,0,6
cefi,market-data-tick-cefi-prd-central-element-323112,cefi-mr-20260429-124301-96.parquet,1391,0,1391,0,6
cefi,market-data-tick-cefi-prd-central-element-323112,cefi-mr-20260429-124301-98.parquet,1391,0,1391,0,6
cefi,market-data-tick-cefi-prd-central-element-323112,cefi-mr-20260429-184942-203.parquet,1383,0,1383,0,6
cefi,market-data-tick-cefi-prd-central-element-323112,cefi-bitfinex-futures-2026-heavy-20260507-195355.parquet,1377,0,1377,0,7
cefi,market-data-tick-cefi-prd-central-element-323112,cefi-mr-20260429-124301-123.parquet,1376,0,1376,0,6
cefi,market-data-tick-cefi-prd-central-element-323112,cefi-mr-20260429-184942-181.parquet,1368,0,1368,0,6
cefi,market-data-tick-cefi-prd-central-element-323112,cefi-mr-20260429-184942-310.parquet,1359,0,1359,0,6
cefi,market-data-tick-cefi-prd-central-element-323112,cefi-mr-20260429-124301-153.parquet,1355,0,1355,0,6
cefi,market-data-tick-cefi-prd-central-element-323112,cefi-kraken-futures-2025-light-20260507-200205.parquet,1349,0,1349,0,7
cefi,market-data-tick-cefi-prd-central-element-323112,cefi-mr-20260429-124301-168.parquet,1345,0,1345,0,6
cefi,market-data-tick-cefi-prd-central-element-323112,cefi-kraken-spot-2026-heavy-20260504-145133.parquet,1344,0,1344,0,6
cefi,market-data-tick-cefi-prd-central-element-323112,opt-deribit-2020.parquet,1342,0,1342,0,6
tradfi,market-data-tick-tradfi-prd-central-element-323112,tradfi-bf-es-light-2024-20260430-032735.parquet,1332,0,1332,0,6
cefi,market-data-tick-cefi-prd-central-element-323112,cefi-mr-20260429-184942-290.parquet,1326,0,1326,0,6
tradfi,market-data-tick-tradfi-prd-central-element-323112,tradfi-bf-es-light-2023-20260430-032718.parquet,1325,0,1325,0,6
cefi,market-data-tick-cefi-prd-central-element-323112,cefi-deribit-2024-light-155609.parquet,1320,0,1320,0,6
cefi,market-data-tick-cefi-prd-central-element-323112,cefi-mr-20260429-184942-145.parquet,1319,0,1319,0,6
cefi,market-data-tick-cefi-prd-central-element-323112,cefi-mr-20260429-184942-219.parquet,1318,0,1318,0,6
cefi,market-data-tick-cefi-prd-central-element-323112,cefi-mr-20260429-184942-239.parquet,1282,0,1282,0,6
cefi,market-data-tick-cefi-prd-central-element-323112,cefi-mr-20260429-184942-234.parquet,1275,0,1275,0,6
cefi,market-data-tick-cefi-prd-central-element-323112,cefi-mr-20260429-141334-14.parquet,1272,0,1272,0,6
cefi,market-data-tick-cefi-prd-central-element-323112,cefi-mr-20260429-141334-26.parquet,1272,0,1272,0,6
cefi,market-data-tick-cefi-prd-central-element-323112,cefi-mr-20260429-184942-200.parquet,1268,0,1268,0,6
tradfi,market-data-tick-tradfi-prd-central-element-323112,tradfi-bf-es-light-2025-20260430-032751.parquet,1265,0,1265,0,6
cefi,market-data-tick-cefi-prd-central-element-323112,cefi-mr-20260429-141334-34.parquet,1264,0,1264,0,6
cefi,market-data-tick-cefi-prd-central-element-323112,cefi-mr-20260429-141334-44.parquet,1260,0,1260,0,6
tradfi,market-data-tick-tradfi-prd-central-element-323112,tradfi-bf-btc-2024-20260505-085252.parquet,1259,0,1259,0,6
tradfi,market-data-tick-tradfi-prd-central-element-323112,tradfi-bf-es-light-2022-20260430-032700.parquet,1259,0,1259,0,6
cefi,market-data-tick-cefi-prd-central-element-323112,cefi-mr-20260429-124301-13.parquet,1256,0,1256,0,6
cefi,market-data-tick-cefi-prd-central-element-323112,cefi-mr-20260429-124301-14.parquet,1256,0,1256,0,6
cefi,market-data-tick-cefi-prd-central-element-323112,cefi-mr-20260429-124301-26.parquet,1256,0,1256,0,6
cefi,market-data-tick-cefi-prd-central-element-323112,cefi-mr-20260429-141334-50.parquet,1256,0,1256,0,6
cefi,market-data-tick-cefi-prd-central-element-323112,cefi-mr-20260429-124301-12.parquet,1255,0,1255,0,6
cefi,market-data-tick-cefi-prd-central-element-323112,cefi-mr-20260429-124301-330.parquet,1255,0,1255,0,6
cefi,market-data-tick-cefi-prd-central-element-323112,cefi-mr-20260429-141334-54.parquet,1254,0,1254,0,6
cefi,market-data-tick-cefi-prd-central-element-323112,cefi-mr-20260429-184942-139.parquet,1253,0,1253,0,6
tradfi,market-data-tick-tradfi-prd-central-element-323112,tradfi-bf-es-2024-20260505-085252.parquet,1251,0,1251,0,6
cefi,market-data-tick-cefi-prd-central-element-323112,cefi-kraken-spot-2024-heavy-20260504-145103.parquet,1248,0,1248,0,6
cefi,market-data-tick-cefi-prd-central-element-323112,cefi-kraken-spot-2025-heavy-20260504-145117.parquet,1248,0,1248,0,6
cefi,market-data-tick-cefi-prd-central-element-323112,cefi-mr-20260429-124301-44.parquet,1244,0,1244,0,6
cefi,market-data-tick-cefi-prd-central-element-323112,cefi-mr-20260429-124301-48.parquet,1244,0,1244,0,6
tradfi,market-data-tick-tradfi-prd-central-element-323112,tradfi-bf-mes-2024-20260505-123352.parquet,1244,0,1244,0,6
cefi,market-data-tick-cefi-prd-central-element-323112,cefi-mr-20260429-124301-46.parquet,1243,0,1243,0,6
cefi,market-data-tick-cefi-prd-central-element-323112,cefi-mr-20260429-124301-50.parquet,1240,0,1240,0,6
cefi,market-data-tick-cefi-prd-central-element-323112,cefi-mr-20260429-124301-53.parquet,1240,0,1240,0,6
cefi,market-data-tick-cefi-prd-central-element-323112,cefi-mr-20260429-124301-56.parquet,1240,0,1240,0,6
cefi,market-data-tick-cefi-prd-central-element-323112,cefi-mr-20260429-124301-54.parquet,1233,0,1233,0,6
tradfi,market-data-tick-tradfi-prd-central-element-323112,tradfi-bf-es-2023-20260505-085252.parquet,1232,0,1232,0,6
tradfi,market-data-tick-tradfi-prd-central-element-323112,tradfi-bf-eth-2024-20260505-085252.parquet,1227,0,1227,0,6
sports,instruments-store-sports-prd-central-element-323112,tm-backfill-20260505-135343.parquet,1220,0,1220,0,6
tradfi,market-data-tick-tradfi-prd-central-element-323112,tradfi-bf-btc-2023-20260505-085252.parquet,1205,0,1205,0,6
cefi,market-data-tick-cefi-prd-central-element-323112,cefi-mr-20260429-184942-135.parquet,1201,0,1201,0,6
cefi,market-data-tick-cefi-prd-central-element-323112,cefi-bitget-spot-2026-heavy-20260507-150917.parquet,1200,0,1200,0,7
tradfi,market-data-tick-tradfi-prd-central-element-323112,tradfi-bf-mes-2023-20260505-123352.parquet,1199,0,1199,0,6
cefi,market-data-tick-cefi-prd-central-element-323112,cefi-mr-20260429-184942-295.parquet,1195,0,1195,0,6
cefi,market-data-tick-cefi-prd-central-element-323112,cefi-mr-20260429-184942-209.parquet,1190,0,1190,0,6
sports,instruments-store-sports-prd-central-element-323112,sfi-backfill-20260429-105525.parquet,1190,0,1190,0,6
cefi,market-data-tick-cefi-prd-central-element-323112,cefi-mr-20260429-184942-288.parquet,1189,0,1189,0,6
tradfi,market-data-tick-tradfi-prd-central-element-323112,tradfi-bf-mes-2025-20260505-123352.parquet,1183,0,1183,0,6
tradfi,market-data-tick-tradfi-prd-central-element-323112,tradfi-bf-es-2021-20260505-085252.parquet,1180,0,1180,0,6
cefi,market-data-tick-cefi-prd-central-element-323112,cefi-mr-20260429-154202-69.parquet,1179,0,1179,0,6
cefi,market-data-tick-cefi-prd-central-element-323112,cefi-mr-20260429-141334-312.parquet,1177,0,1177,0,6
tradfi,market-data-tick-tradfi-prd-central-element-323112,tradfi-bf-eth-2023-20260505-085252.parquet,1177,0,1177,0,6
cefi,market-data-tick-cefi-prd-central-element-323112,cefi-mr-20260429-141334-295.parquet,1175,0,1175,0,6
tradfi,market-data-tick-tradfi-prd-central-element-323112,tradfi-bf-btc-2025-20260505-085252.parquet,1175,0,1175,0,6
tradfi,market-data-tick-tradfi-prd-central-element-323112,tradfi-bf-es-2025-20260505-085252.parquet,1174,0,1174,0,6
cefi,market-data-tick-cefi-prd-central-element-323112,cefi-mr-20260429-141334-306.parquet,1172,0,1172,0,6
cefi,market-data-tick-cefi-prd-central-element-323112,cefi-mr-20260429-124301-312.parquet,1170,0,1170,0,6
cefi,market-data-tick-cefi-prd-central-element-323112,cefi-mr-20260429-124301-288.parquet,1167,0,1167,0,6
cefi,market-data-tick-cefi-prd-central-element-323112,cefi-mr-20260429-141334-324.parquet,1167,0,1167,0,6
cefi,market-data-tick-cefi-prd-central-element-323112,cefi-mr-20260429-141334-309.parquet,1165,0,1165,0,6
cefi,market-data-tick-cefi-prd-central-element-323112,cefi-bitfinex-futures-2024-light-20260507-185051.parquet,1164,0,1164,0,7
tradfi,market-data-tick-tradfi-prd-central-element-323112,tradfi-bf-es-2020-20260505-085252.parquet,1164,0,1164,0,6
tradfi,market-data-tick-tradfi-prd-central-element-323112,tradfi-bf-eth-2022-20260505-085252.parquet,1164,0,1164,0,6
cefi,market-data-tick-cefi-prd-central-element-323112,cefi-mr-20260429-141334-276.parquet,1163,0,1163,0,6
cefi,market-data-tick-cefi-prd-central-element-323112,cefi-mr-20260429-124301-255.parquet,1162,0,1162,0,6
cefi,market-data-tick-cefi-prd-central-element-323112,cefi-mr-20260429-154202-159.parquet,1161,0,1161,0,6
tradfi,market-data-tick-tradfi-prd-central-element-323112,tradfi-bf-eth-2025-20260505-085252.parquet,1160,0,1160,0,6
cefi,market-data-tick-cefi-prd-central-element-323112,cefi-mr-20260429-184942-205.parquet,1155,0,1155,0,6
tradfi,market-data-tick-tradfi-prd-central-element-323112,tradfi-bf-btc-2022-20260505-085252.parquet,1153,0,1153,0,6
tradfi,market-data-tick-tradfi-prd-central-element-323112,tradfi-bf-es-2022-20260505-085252.parquet,1150,0,1150,0,6
cefi,market-data-tick-cefi-prd-central-element-323112,cefi-bitfinex-futures-2023-heavy-20260507-195135.parquet,1146,0,1146,0,7
tradfi,market-data-tick-tradfi-prd-central-element-323112,tradfi-bf-mes-2022-20260505-123352.parquet,1142,0,1142,0,6
cefi,market-data-tick-cefi-prd-central-element-323112,cefi-mr-20260429-154202-60.parquet,1134,0,1134,0,6
cefi,market-data-tick-cefi-prd-central-element-323112,cefi-mr-20260429-184942-180.parquet,1133,0,1133,0,6
cefi,market-data-tick-cefi-prd-central-element-323112,cefi-mr-20260429-184942-309.parquet,1130,0,1130,0,6
tradfi,market-data-tick-tradfi-prd-central-element-323112,mdps-tradfi-2020-20260505-203928.parquet,1130,0,1130,0,6
cefi,market-data-tick-cefi-prd-central-element-323112,cefi-mr-20260429-154202-305.parquet,1126,0,1126,0,6
cefi,market-data-tick-cefi-prd-central-element-323112,cefi-mr-20260429-184942-202.parquet,1123,0,1123,0,6
cefi,market-data-tick-cefi-prd-central-element-323112,cefi-mr-20260429-184942-217.parquet,1121,0,1121,0,6
tradfi,market-data-tick-tradfi-prd-central-element-323112,mdps-tradfi-2021-20260506-125828.parquet,1120,0,1120,0,6
cefi,market-data-tick-cefi-prd-central-element-323112,cefi-bitfinex-futures-2025-light-20260507-185124.parquet,1119,0,1119,0,7
cefi,market-data-tick-cefi-prd-central-element-323112,cefi-lighter-zksync-ohlcv-20260507-022425.parquet,1109,0,1109,0,7
tradfi,market-data-tick-tradfi-prd-central-element-323112,tradfi-bf-mes-2020-20260505-123352.parquet,1107,0,1107,0,6
tradfi,market-data-tick-tradfi-prd-central-element-323112,tradfi-bf-etha-20260505-123352.parquet,1106,0,1106,0,6
cefi,market-data-tick-cefi-prd-central-element-323112,cefi-mr-20260429-184942-214.parquet,1105,0,1105,0,6
cefi,market-data-tick-cefi-prd-central-element-323112,cefi-mr-20260429-184942-184.parquet,1103,0,1103,0,6
cefi,market-data-tick-cefi-prd-central-element-323112,cefi-mr-20260429-184942-183.parquet,1100,0,1100,0,6
cefi,market-data-tick-cefi-prd-central-element-323112,cefi-mr-20260429-184942-130.parquet,1097,0,1097,0,6
cefi,market-data-tick-cefi-prd-central-element-323112,cefi-mr-20260429-184942-172.parquet,1097,0,1097,0,6
cefi,market-data-tick-cefi-prd-central-element-323112,cefi-mr-20260429-184942-185.parquet,1097,0,1097,0,6
cefi,market-data-tick-cefi-prd-central-element-323112,cefi-mr-20260429-184942-193.parquet,1097,0,1097,0,6
tradfi,market-data-tick-tradfi-prd-central-element-323112,tradfi-bf-mes-2021-20260505-123352.parquet,1094,0,1094,0,6
cefi,market-data-tick-cefi-prd-central-element-323112,cefi-mr-20260429-184942-201.parquet,1090,0,1090,0,6
cefi,market-data-tick-cefi-prd-central-element-323112,cefi-bitfinex-futures-2023-light-20260507-185008.parquet,1086,0,1086,0,7
cefi,market-data-tick-cefi-prd-central-element-323112,cefi-mr-20260429-124301-1.parquet,1084,0,1084,0,6
cefi,market-data-tick-cefi-prd-central-element-323112,cefi-mr-20260429-184942-133.parquet,1083,0,1083,0,6
cefi,market-data-tick-cefi-prd-central-element-323112,cefi-mr-20260429-184942-178.parquet,1074,0,1074,0,6
sports,instruments-store-sports-prd-central-element-323112,af-backfill-20260507-000606.parquet,1074,0,1074,0,7
cefi,market-data-tick-cefi-prd-central-element-323112,cefi-bitfinex-futures-2026-light-20260507-185157.parquet,1072,0,1072,0,7
cefi,market-data-tick-cefi-prd-central-element-323112,cefi-mr-20260429-141334-69.parquet,1071,0,1071,0,6
cefi,market-data-tick-cefi-prd-central-element-323112,cefi-mr-20260429-184942-182.parquet,1068,0,1068,0,6
cefi,market-data-tick-cefi-prd-central-element-323112,cefi-mr-20260429-184942-124.parquet,1067,0,1067,0,6
cefi,market-data-tick-cefi-prd-central-element-323112,cefi-mr-20260429-141334-75.parquet,1065,0,1065,0,6
cefi,market-data-tick-cefi-prd-central-element-323112,cefi-mr-20260429-184942-189.parquet,1063,0,1063,0,6
cefi,market-data-tick-cefi-prd-central-element-323112,cefi-mr-20260429-124301-65.parquet,1062,0,1062,0,6
cefi,market-data-tick-cefi-prd-central-element-323112,cefi-mr-20260429-141334-72.parquet,1062,0,1062,0,6
cefi,market-data-tick-cefi-prd-central-element-323112,cefi-mr-20260429-124301-63.parquet,1061,0,1061,0,6
cefi,market-data-tick-cefi-prd-central-element-323112,cefi-mr-20260429-141334-77.parquet,1060,0,1060,0,6
cefi,market-data-tick-cefi-prd-central-element-323112,cefi-mr-20260429-141334-82.parquet,1060,0,1060,0,6
cefi,market-data-tick-cefi-prd-central-element-323112,cefi-mr-20260429-124301-66.parquet,1059,0,1059,0,6
cefi,market-data-tick-cefi-prd-central-element-323112,cefi-mr-20260429-124301-68.parquet,1059,0,1059,0,6
cefi,market-data-tick-cefi-prd-central-element-323112,cefi-mr-20260429-141334-78.parquet,1059,0,1059,0,6
cefi,market-data-tick-cefi-prd-central-element-323112,cefi-mr-20260429-141334-80.parquet,1059,0,1059,0,6
cefi,market-data-tick-cefi-prd-central-element-323112,cefi-mr-20260429-141334-81.parquet,1059,0,1059,0,6
cefi,market-data-tick-cefi-prd-central-element-323112,cefi-mr-20260429-141334-84.parquet,1059,0,1059,0,6
cefi,market-data-tick-cefi-prd-central-element-323112,cefi-mr-20260429-141334-89.parquet,1059,0,1059,0,6
cefi,market-data-tick-cefi-prd-central-element-323112,cefi-mr-20260429-141334-96.parquet,1058,0,1058,0,6
cefi,market-data-tick-cefi-prd-central-element-323112,cefi-mr-20260429-141334-94.parquet,1057,0,1057,0,6
cefi,market-data-tick-cefi-prd-central-element-323112,cefi-bitfinex-futures-2022-light-20260507-184927.parquet,1055,0,1055,0,7
cefi,market-data-tick-cefi-prd-central-element-323112,cefi-mr-20260429-141334-98.parquet,1055,0,1055,0,6
cefi,market-data-tick-cefi-prd-central-element-323112,cefi-mr-20260429-141334-99.parquet,1055,0,1055,0,6
cefi,market-data-tick-cefi-prd-central-element-323112,cefi-mr-20260429-124301-71.parquet,1054,0,1054,0,6
cefi,market-data-tick-cefi-prd-central-element-323112,cefi-mr-20260429-124301-75.parquet,1053,0,1053,0,6
cefi,market-data-tick-cefi-prd-central-element-323112,cefi-mr-20260429-124301-74.parquet,1047,0,1047,0,6
cefi,market-data-tick-cefi-prd-central-element-323112,cefi-mr-20260429-124301-80.parquet,1047,0,1047,0,6
cefi,market-data-tick-cefi-prd-central-element-323112,cefi-mr-20260429-124301-81.parquet,1047,0,1047,0,6
cefi,market-data-tick-cefi-prd-central-element-323112,cefi-mr-20260429-124301-92.parquet,1047,0,1047,0,6
cefi,market-data-tick-cefi-prd-central-element-323112,cefi-mr-20260429-124301-89.parquet,1046,0,1046,0,6
cefi,market-data-tick-cefi-prd-central-element-323112,cefi-mr-20260429-124301-88.parquet,1045,0,1045,0,6
cefi,market-data-tick-cefi-prd-central-element-323112,cefi-mr-20260429-184942-149.parquet,1045,0,1045,0,6
cefi,market-data-tick-cefi-prd-central-element-323112,cefi-mr-20260429-124301-102.parquet,1044,0,1044,0,6
cefi,market-data-tick-cefi-prd-central-element-323112,cefi-mr-20260429-124301-104.parquet,1044,0,1044,0,6
cefi,market-data-tick-cefi-prd-central-element-323112,cefi-mr-20260429-124301-105.parquet,1044,0,1044,0,6
cefi,market-data-tick-cefi-prd-central-element-323112,cefi-mr-20260429-124301-107.parquet,1044,0,1044,0,6
cefi,market-data-tick-cefi-prd-central-element-323112,cefi-mr-20260429-124301-108.parquet,1044,0,1044,0,6
cefi,market-data-tick-cefi-prd-central-element-323112,cefi-mr-20260429-124301-93.parquet,1044,0,1044,0,6
cefi,market-data-tick-cefi-prd-central-element-323112,cefi-mr-20260429-124301-94.parquet,1044,0,1044,0,6
cefi,market-data-tick-cefi-prd-central-element-323112,cefi-mr-20260429-124301-95.parquet,1044,0,1044,0,6
cefi,market-data-tick-cefi-prd-central-element-323112,cefi-mr-20260429-141334-120.parquet,1043,0,1043,0,6
cefi,market-data-tick-cefi-prd-central-element-323112,cefi-mr-20260429-124301-111.parquet,1040,0,1040,0,6
cefi,market-data-tick-cefi-prd-central-element-323112,cefi-mr-20260429-184942-151.parquet,1038,0,1038,0,6
cefi,market-data-tick-cefi-prd-central-element-323112,cefi-mr-20260429-184942-187.parquet,1034,0,1034,0,6
cefi,market-data-tick-cefi-prd-central-element-323112,cefi-mr-20260429-184942-190.parquet,1033,0,1033,0,6
cefi,market-data-tick-cefi-prd-central-element-323112,cefi-mr-20260429-124301-116.parquet,1032,0,1032,0,6
cefi,market-data-tick-cefi-prd-central-element-323112,cefi-mr-20260429-124301-117.parquet,1032,0,1032,0,6
cefi,market-data-tick-cefi-prd-central-element-323112,cefi-mr-20260429-124301-119.parquet,1032,0,1032,0,6
cefi,market-data-tick-cefi-prd-central-element-323112,cefi-mr-20260429-124301-120.parquet,1032,0,1032,0,6
cefi,market-data-tick-cefi-prd-central-element-323112,cefi-mr-20260429-124301-122.parquet,1032,0,1032,0,6
cefi,market-data-tick-cefi-prd-central-element-323112,cefi-mr-20260429-184942-198.parquet,1031,0,1031,0,6
tradfi,market-data-tick-tradfi-prd-central-element-323112,tradfi-bf-es-opt-light-2023-20260430-032931.parquet,1031,0,1031,0,6
cefi,market-data-tick-cefi-prd-central-element-323112,cefi-mr-20260429-124301-135.parquet,1029,0,1029,0,6
cefi,market-data-tick-cefi-prd-central-element-323112,cefi-mr-20260429-124301-132.parquet,1027,0,1027,0,6
cefi,market-data-tick-cefi-prd-central-element-323112,cefi-mr-20260429-124301-138.parquet,1026,0,1026,0,6
cefi,market-data-tick-cefi-prd-central-element-323112,cefi-mr-20260429-124301-141.parquet,1023,0,1023,0,6
cefi,market-data-tick-cefi-prd-central-element-323112,cefi-mr-20260429-124301-146.parquet,1023,0,1023,0,6
cefi,market-data-tick-cefi-prd-central-element-323112,cefi-mr-20260429-141334-191.parquet,1023,0,1023,0,6
cefi,market-data-tick-cefi-prd-central-element-323112,cefi-mr-20260429-124301-144.parquet,1022,0,1022,0,6
tradfi,market-data-tick-tradfi-prd-central-element-323112,tradfi-bf-es-opt-light-2024-20260430-032951.parquet,1022,0,1022,0,6
cefi,market-data-tick-cefi-prd-central-element-323112,cefi-mr-20260429-141334-195.parquet,1021,0,1021,0,6
cefi,market-data-tick-cefi-prd-central-element-323112,cefi-mr-20260429-154202-75.parquet,1020,0,1020,0,6
cefi,market-data-tick-cefi-prd-central-element-323112,cefi-mr-20260429-184942-311.parquet,1020,0,1020,0,6
cefi,market-data-tick-cefi-prd-central-element-323112,cefi-mr-20260429-141334-147.parquet,1018,0,1018,0,6
cefi,market-data-tick-cefi-prd-central-element-323112,cefi-mr-20260429-124301-152.parquet,1017,0,1017,0,6
cefi,market-data-tick-cefi-prd-central-element-323112,cefi-mr-20260429-124301-155.parquet,1017,0,1017,0,6
cefi,market-data-tick-cefi-prd-central-element-323112,cefi-mr-20260429-124301-156.parquet,1016,0,1016,0,6
cefi,market-data-tick-cefi-prd-central-element-323112,cefi-mr-20260429-124301-158.parquet,1014,0,1014,0,6
cefi,market-data-tick-cefi-prd-central-element-323112,cefi-mr-20260429-124301-159.parquet,1014,0,1014,0,6
cefi,market-data-tick-cefi-prd-central-element-323112,cefi-mr-20260429-124301-165.parquet,1014,0,1014,0,6
cefi,market-data-tick-cefi-prd-central-element-323112,cefi-mr-20260429-124301-162.parquet,1013,0,1013,0,6
cefi,market-data-tick-cefi-prd-central-element-323112,cefi-mr-20260429-124301-170.parquet,1011,0,1011,0,6
cefi,market-data-tick-cefi-prd-central-element-323112,cefi-mr-20260429-141334-168.parquet,1010,0,1010,0,6
cefi,market-data-tick-cefi-prd-central-element-323112,cefi-bitget-futures-2026-light-20260507-185430.parquet,1009,0,1009,0,7
cefi,market-data-tick-cefi-prd-central-element-323112,cefi-mr-20260429-124301-171.parquet,1009,0,1009,0,6
cefi,market-data-tick-cefi-prd-central-element-323112,cefi-mr-20260429-141334-150.parquet,1006,0,1006,0,6
cefi,market-data-tick-cefi-prd-central-element-323112,cefi-mr-20260429-124301-177.parquet,1005,0,1005,0,6
cefi,market-data-tick-cefi-prd-central-element-323112,cefi-mr-20260429-124301-192.parquet,1002,0,1002,0,6
cefi,market-data-tick-cefi-prd-central-element-323112,cefi-mr-20260429-184942-199.parquet,1002,0,1002,0,6
cefi,market-data-tick-cefi-prd-central-element-323112,cefi-bitget-spot-2025-heavy-20260507-150903.parquet,1000,0,1000,0,7
cefi,market-data-tick-cefi-prd-central-element-323112,cefi-kraken-futures-2026-light-20260506-180207.parquet,1000,0,1000,0,6
cefi,market-data-tick-cefi-prd-central-element-323112,cefi-mr-20260429-184942-304.parquet,1000,0,1000,0,6
cefi,market-data-tick-cefi-prd-central-element-323112,cefi-mr-20260429-154202-111.parquet,998,0,998,0,6
cefi,market-data-tick-cefi-prd-central-element-323112,cefi-bitfinex-futures-2020-light-20260507-195009.parquet,993,0,993,0,7
cefi,market-data-tick-cefi-prd-central-element-323112,cefi-mr-20260429-184942-62.parquet,992,0,992,0,6
cefi,market-data-tick-cefi-prd-central-element-323112,cefi-mr-20260429-154202-88.parquet,990,0,990,0,6
cefi,market-data-tick-cefi-prd-central-element-323112,cefi-mr-20260429-184942-317.parquet,983,0,983,0,6
sports,instruments-store-sports-prd-central-element-323112,af-backfill-20260507-015315.parquet,979,0,979,0,7
cefi,market-data-tick-cefi-prd-central-element-323112,cefi-mr-20260429-184942-319.parquet,978,0,978,0,6
cefi,market-data-tick-cefi-prd-central-element-323112,cefi-mr-20260429-154202-107.parquet,973,0,973,0,6
cefi,market-data-tick-cefi-prd-central-element-323112,cefi-mr-20260429-154202-158.parquet,971,0,971,0,6
cefi,market-data-tick-cefi-prd-central-element-323112,opt-deribit-2021.parquet,968,0,968,0,6
cefi,market-data-tick-cefi-prd-central-element-323112,cefi-mr-20260429-184942-188.parquet,965,0,965,0,6
cefi,market-data-tick-cefi-prd-central-element-323112,cefi-mr-20260429-154202-119.parquet,962,0,962,0,6
cefi,market-data-tick-cefi-prd-central-element-323112,cefi-mr-20260429-141334-13.parquet,953,0,953,0,6
cefi,market-data-tick-cefi-prd-central-element-323112,cefi-mr-20260429-154202-90.parquet,950,0,950,0,6
cefi,market-data-tick-cefi-prd-central-element-323112,cefi-mr-20260429-154202-72.parquet,946,0,946,0,6
cefi,market-data-tick-cefi-prd-central-element-323112,cefi-bitfinex-futures-2026-heavy-20260501-184623.parquet,945,0,945,0,6
cefi,market-data-tick-cefi-prd-central-element-323112,cefi-mr-20260429-141334-46.parquet,945,0,945,0,6
cefi,market-data-tick-cefi-prd-central-element-323112,cefi-mr-20260429-141334-49.parquet,944,0,944,0,6
cefi,market-data-tick-cefi-prd-central-element-323112,cefi-mr-20260429-141334-12.parquet,942,0,942,0,6
cefi,market-data-tick-cefi-prd-central-element-323112,cefi-mr-20260429-141334-53.parquet,940,0,940,0,6
cefi,market-data-tick-cefi-prd-central-element-323112,cefi-mr-20260429-124301-34.parquet,939,0,939,0,6
cefi,market-data-tick-cefi-prd-central-element-323112,cefi-mr-20260429-141334-56.parquet,938,0,938,0,6
cefi,market-data-tick-cefi-prd-central-element-323112,cefi-mr-20260429-154202-49.parquet,936,0,936,0,6
cefi,market-data-tick-cefi-prd-central-element-323112,cefi-mr-20260429-184942-106.parquet,932,0,932,0,6
cefi,market-data-tick-cefi-prd-central-element-323112,cefi-mr-20260429-124301-59.parquet,930,0,930,0,6
cefi,market-data-tick-cefi-prd-central-element-323112,cefi-mr-20260429-124301-52.parquet,929,0,929,0,6
cefi,market-data-tick-cefi-prd-central-element-323112,cefi-mr-20260429-141334-57.parquet,928,0,928,0,6
cefi,market-data-tick-cefi-prd-central-element-323112,cefi-mr-20260429-154202-80.parquet,919,0,919,0,6
cefi,market-data-tick-cefi-prd-central-element-323112,cefi-mr-20260429-154202-120.parquet,917,0,917,0,6
cefi,market-data-tick-cefi-prd-central-element-323112,cefi-mr-20260429-184942-280.parquet,917,0,917,0,6
cefi,market-data-tick-cefi-prd-central-element-323112,cefi-mr-20260429-154202-86.parquet,916,0,916,0,6
cefi,market-data-tick-cefi-prd-central-element-323112,cefi-mr-20260429-184942-73.parquet,910,0,910,0,6
cefi,market-data-tick-cefi-prd-central-element-323112,cefi-mr-20260429-154202-58.parquet,905,0,905,0,6
cefi,market-data-tick-cefi-prd-central-element-323112,cefi-mr-20260429-184942-157.parquet,902,0,902,0,6
cefi,market-data-tick-cefi-prd-central-element-323112,cefi-mr-20260429-154202-123.parquet,897,0,897,0,6
cefi,market-data-tick-cefi-prd-central-element-323112,cefi-mr-20260429-154202-59.parquet,896,0,896,0,6
cefi,market-data-tick-cefi-prd-central-element-323112,cefi-mr-20260429-154202-114.parquet,895,0,895,0,6
cefi,market-data-tick-cefi-prd-central-element-323112,cefi-mr-20260429-154202-54.parquet,894,0,894,0,6
cefi,market-data-tick-cefi-prd-central-element-323112,cefi-kraken-futures-2020-light-20260507-151300.parquet,890,0,890,0,7
cefi,market-data-tick-cefi-prd-central-element-323112,cefi-mr-20260429-184942-212.parquet,888,0,888,0,6
cefi,market-data-tick-cefi-prd-central-element-323112,cefi-mr-20260429-184942-129.parquet,886,0,886,0,6
cefi,market-data-tick-cefi-prd-central-element-323112,cefi-mr-20260429-184942-276.parquet,882,0,882,0,6
cefi,market-data-tick-cefi-prd-central-element-323112,cefi-mr-20260429-184942-142.parquet,880,0,880,0,6
cefi,market-data-tick-cefi-prd-central-element-323112,cefi-mr-20260429-184942-85.parquet,879,0,879,0,6
cefi,market-data-tick-cefi-prd-central-element-323112,cefi-mr-20260429-184942-322.parquet,878,0,878,0,6
cefi,market-data-tick-cefi-prd-central-element-323112,cefi-mr-20260429-184942-152.parquet,877,0,877,0,6
cefi,market-data-tick-cefi-prd-central-element-323112,cefi-mr-20260429-184942-179.parquet,867,0,867,0,6
cefi,market-data-tick-cefi-prd-central-element-323112,cefi-bitget-spot-2026-heavy-20260507-185244.parquet,865,0,865,0,7
cefi,market-data-tick-cefi-prd-central-element-323112,cefi-mr-20260429-184942-163.parquet,863,0,863,0,6
tradfi,market-data-tick-tradfi-prd-central-element-323112,mtds-ohlcv-gapfill-20260505-201335.parquet,859,0,859,0,6
cefi,market-data-tick-cefi-prd-central-element-323112,cefi-bitfinex-futures-2026-light-20260507-195411.parquet,857,0,857,0,7
cefi,market-data-tick-cefi-prd-central-element-323112,cefi-mr-20260429-184942-131.parquet,856,0,856,0,6
cefi,market-data-tick-cefi-prd-central-element-323112,cefi-mr-20260429-184942-241.parquet,855,0,855,0,6
cefi,market-data-tick-cefi-prd-central-element-323112,cefi-bitfinex-futures-2020-light-20260507-150547.parquet,854,0,854,0,7
cefi,market-data-tick-cefi-prd-central-element-323112,cefi-mr-20260429-184942-308.parquet,854,0,854,0,6
cefi,market-data-tick-cefi-prd-central-element-323112,cefi-mr-20260429-184942-118.parquet,852,0,852,0,6
cefi,market-data-tick-cefi-prd-central-element-323112,cefi-kraken-futures-2020-heavy-20260504-165912.parquet,851,0,851,0,6
cefi,market-data-tick-cefi-prd-central-element-323112,cefi-mr-20260429-184942-79.parquet,847,0,847,0,6
cefi,market-data-tick-cefi-prd-central-element-323112,cefi-mr-20260429-184942-97.parquet,846,0,846,0,6
cefi,instruments-store-cefi-prd-central-element-323112,cefi-instr-hyperliquid-20260504-183523.parquet,844,0,844,0,6
cefi,market-data-tick-cefi-prd-central-element-323112,cefi-mr-20260429-184942-303.parquet,843,0,843,0,6
cefi,market-data-tick-cefi-prd-central-element-323112,cefi-mr-20260429-184942-156.parquet,837,0,837,0,6
cefi,market-data-tick-cefi-prd-central-element-323112,cefi-mr-20260429-184942-176.parquet,834,0,834,0,6
cefi,market-data-tick-cefi-prd-central-element-323112,cefi-mr-20260429-184942-110.parquet,833,0,833,0,6
cefi,market-data-tick-cefi-prd-central-element-323112,cefi-mr-20260429-184942-174.parquet,833,0,833,0,6
cefi,market-data-tick-cefi-prd-central-element-323112,cefi-mr-20260429-184942-126.parquet,826,0,826,0,6
cefi,market-data-tick-cefi-prd-central-element-323112,cefi-kraken-futures-2023-light-20260507-151457.parquet,822,0,822,0,7
cefi,market-data-tick-cefi-prd-central-element-323112,cefi-mr-20260429-184942-160.parquet,822,0,822,0,6
cefi,market-data-tick-cefi-prd-central-element-323112,cefi-mr-20260429-184942-112.parquet,820,0,820,0,6
cefi,market-data-tick-cefi-prd-central-element-323112,cefi-mr-20260429-184942-103.parquet,811,0,811,0,6
cefi,market-data-tick-cefi-prd-central-element-323112,cefi-mr-20260429-184942-100.parquet,809,0,809,0,6
cefi,market-data-tick-cefi-prd-central-element-323112,cefi-mr-20260429-184942-154.parquet,809,0,809,0,6
cefi,market-data-tick-cefi-prd-central-element-323112,cefi-mr-20260429-141334-256.parquet,803,0,803,0,6
cefi,market-data-tick-cefi-prd-central-element-323112,cefi-bitfinex-spot-2023-heavy-20260507-150434.parquet,800,0,800,0,7
cefi,market-data-tick-cefi-prd-central-element-323112,cefi-mr-20260429-184942-169.parquet,800,0,800,0,6
cefi,market-data-tick-cefi-prd-central-element-323112,cefi-mr-20260429-184942-186.parquet,800,0,800,0,6
cefi,market-data-tick-cefi-prd-central-element-323112,cefi-mr-20260429-184942-191.parquet,800,0,800,0,6
cefi,market-data-tick-cefi-prd-central-element-323112,cefi-mr-20260429-184942-58.parquet,792,0,792,0,6
tradfi,market-data-tick-tradfi-prd-central-element-323112,mtds-ohlcv-gapfill-mbt-20260505-214643.parquet,792,0,792,0,6
cefi,market-data-tick-cefi-prd-central-element-323112,cefi-bitget-futures-2025-light-20260507-185356.parquet,791,0,791,0,7
cefi,market-data-tick-cefi-prd-central-element-323112,cefi-mr-20260429-154202-327.parquet,789,0,789,0,6
cefi,market-data-tick-cefi-prd-central-element-323112,cefi-mr-20260429-184942-115.parquet,788,0,788,0,6
cefi,market-data-tick-cefi-prd-central-element-323112,cefi-mr-20260429-141334-255.parquet,787,0,787,0,6
cefi,market-data-tick-cefi-prd-central-element-323112,cefi-mr-20260429-154202-117.parquet,787,0,787,0,6
cefi,market-data-tick-cefi-prd-central-element-323112,cefi-mr-20260429-141334-311.parquet,786,0,786,0,6
cefi,market-data-tick-cefi-prd-central-element-323112,cefi-mr-20260429-141334-289.parquet,785,0,785,0,6
cefi,market-data-tick-cefi-prd-central-element-323112,cefi-mr-20260429-184942-74.parquet,785,0,785,0,6
cefi,market-data-tick-cefi-prd-central-element-323112,cefi-mr-20260429-124301-306.parquet,783,0,783,0,6
cefi,market-data-tick-cefi-prd-central-element-323112,cefi-mr-20260429-184942-161.parquet,783,0,783,0,6
cefi,market-data-tick-cefi-prd-central-element-323112,cefi-mr-20260429-141334-327.parquet,782,0,782,0,6
cefi,market-data-tick-cefi-prd-central-element-323112,cefi-mr-20260429-154202-272.parquet,781,0,781,0,6
cefi,market-data-tick-cefi-prd-central-element-323112,cefi-mr-20260429-184942-140.parquet,781,0,781,0,6
sports,instruments-store-sports-prd-central-element-323112,sfi-backfill-20260505-084113.parquet,781,0,781,0,6
cefi,market-data-tick-cefi-prd-central-element-323112,cefi-mr-20260429-124301-293.parquet,780,0,780,0,6
cefi,market-data-tick-cefi-prd-central-element-323112,cefi-mr-20260429-141334-320.parquet,780,0,780,0,6
cefi,market-data-tick-cefi-prd-central-element-323112,cefi-mr-20260429-141334-267.parquet,779,0,779,0,6
cefi,market-data-tick-cefi-prd-central-element-323112,cefi-mr-20260429-124301-304.parquet,778,0,778,0,6
cefi,market-data-tick-cefi-prd-central-element-323112,cefi-mr-20260429-124301-276.parquet,777,0,777,0,6
cefi,market-data-tick-cefi-prd-central-element-323112,cefi-mr-20260429-124301-285.parquet,777,0,777,0,6
cefi,market-data-tick-cefi-prd-central-element-323112,cefi-mr-20260429-141334-318.parquet,777,0,777,0,6
cefi,market-data-tick-cefi-prd-central-element-323112,cefi-mr-20260429-184942-121.parquet,777,0,777,0,6
cefi,market-data-tick-cefi-prd-central-element-323112,cefi-mr-20260429-184942-93.parquet,776,0,776,0,6
cefi,market-data-tick-cefi-prd-central-element-323112,cefi-mr-20260429-124301-303.parquet,775,0,775,0,6
cefi,market-data-tick-cefi-prd-central-element-323112,cefi-mr-20260429-141334-319.parquet,775,0,775,0,6
cefi,market-data-tick-cefi-prd-central-element-323112,cefi-mr-20260429-141334-308.parquet,774,0,774,0,6
cefi,market-data-tick-cefi-prd-central-element-323112,cefi-mr-20260429-184942-196.parquet,766,0,766,0,6
cefi,market-data-tick-cefi-prd-central-element-323112,cefi-mr-20260429-184942-194.parquet,765,0,765,0,6
cefi,market-data-tick-cefi-prd-central-element-323112,cefi-mr-20260429-184942-197.parquet,765,0,765,0,6
cefi,market-data-tick-cefi-prd-central-element-323112,cefi-bitfinex-spot-2022-heavy-20260501-184154.parquet,759,0,759,0,6
cefi,market-data-tick-cefi-prd-central-element-323112,cefi-kraken-futures-2021-light-20260507-151332.parquet,752,0,752,0,7
cefi,market-data-tick-cefi-prd-central-element-323112,cefi-kraken-futures-2025-light-20260507-151703.parquet,752,0,752,0,7
cefi,market-data-tick-cefi-prd-central-element-323112,cefi-bitfinex-spot-2020-heavy-20260507-150340.parquet,750,0,750,0,7
cefi,market-data-tick-cefi-prd-central-element-323112,cefi-bitget-spot-2024-heavy-20260507-150850.parquet,750,0,750,0,7
cefi,market-data-tick-cefi-prd-central-element-323112,cefi-deribit-2025-light-20260506-191740.parquet,748,0,748,0,6
cefi,market-data-tick-cefi-prd-central-element-323112,cefi-mr-20260429-154202-290.parquet,748,0,748,0,6
cefi,market-data-tick-cefi-prd-central-element-323112,cefi-kraken-futures-2022-light-20260507-151414.parquet,746,0,746,0,7
cefi,market-data-tick-cefi-prd-central-element-323112,cefi-bitget-futures-2024-light-20260507-185325.parquet,745,0,745,0,7
cefi,market-data-tick-cefi-prd-central-element-323112,cefi-kraken-futures-2024-light-20260507-151603.parquet,740,0,740,0,7
cefi,market-data-tick-cefi-prd-central-element-323112,cefi-bitget-spot-2025-heavy-20260504-144923.parquet,732,0,732,0,6
cefi,market-data-tick-cefi-prd-central-element-323112,cefi-coinbase-spot-2020-ada-usd--20260506-212742.parquet,732,0,732,0,6
cefi,market-data-tick-cefi-prd-central-element-323112,cefi-coinbase-spot-2020-avax-usd--20260506-212742.parquet,732,0,732,0,6
cefi,market-data-tick-cefi-prd-central-element-323112,cefi-coinbase-spot-2020-doge-usd--20260506-212742.parquet,732,0,732,0,6
cefi,market-data-tick-cefi-prd-central-element-323112,cefi-coinbase-spot-2020-sol-usd--20260506-212742.parquet,732,0,732,0,6
cefi,market-data-tick-cefi-prd-central-element-323112,cefi-coinbase-spot-2024-ada-usd--20260506-212742.parquet,732,0,732,0,6
cefi,market-data-tick-cefi-prd-central-element-323112,cefi-coinbase-spot-2021-ada-usd--20260506-212742.parquet,730,0,730,0,6
cefi,market-data-tick-cefi-prd-central-element-323112,cefi-coinbase-spot-2021-avax-usd--20260506-212742.parquet,730,0,730,0,6
cefi,market-data-tick-cefi-prd-central-element-323112,cefi-coinbase-spot-2021-doge-usd--20260506-212742.parquet,730,0,730,0,6
cefi,market-data-tick-cefi-prd-central-element-323112,cefi-coinbase-spot-2021-xrp-usd--20260506-212742.parquet,730,0,730,0,6
cefi,market-data-tick-cefi-prd-central-element-323112,cefi-coinbase-spot-2022-ada-usd--20260506-212742.parquet,730,0,730,0,6
cefi,market-data-tick-cefi-prd-central-element-323112,cefi-coinbase-spot-2022-link-usd--20260506-212742.parquet,730,0,730,0,6
cefi,market-data-tick-cefi-prd-central-element-323112,cefi-coinbase-spot-2022-xrp-usd--20260506-212742.parquet,730,0,730,0,6
cefi,market-data-tick-cefi-prd-central-element-323112,cefi-coinbase-spot-2023-ada-usd--20260506-212742.parquet,730,0,730,0,6
cefi,market-data-tick-cefi-prd-central-element-323112,cefi-coinbase-spot-2023-avax-usd--20260506-212742.parquet,730,0,730,0,6
cefi,market-data-tick-cefi-prd-central-element-323112,cefi-coinbase-spot-2023-xrp-usd--20260506-212742.parquet,730,0,730,0,6
cefi,market-data-tick-cefi-prd-central-element-323112,cefi-coinbase-spot-2025-avax-usd--20260506-212742.parquet,730,0,730,0,6
cefi,market-data-tick-cefi-prd-central-element-323112,cefi-bitfinex-futures-2026-heavy-20260504-144849.parquet,729,0,729,0,6
cefi,market-data-tick-cefi-prd-central-element-323112,cefi-mr-20260429-141334-212.parquet,728,0,728,0,6
cefi,market-data-tick-cefi-prd-central-element-323112,cefi-mr-20260429-141334-215.parquet,728,0,728,0,6
cefi,market-data-tick-cefi-prd-central-element-323112,cefi-mr-20260429-184942-127.parquet,723,0,723,0,6
cefi,market-data-tick-cefi-prd-central-element-323112,cefi-mr-20260429-141334-216.parquet,721,0,721,0,6
cefi,market-data-tick-cefi-prd-central-element-323112,cefi-coinbase-spot-2020-xrp-usd--20260506-212742.parquet,720,0,720,0,6
cefi,market-data-tick-cefi-prd-central-element-323112,cefi-mr-20260429-154202-217.parquet,718,0,718,0,6
cefi,market-data-tick-cefi-prd-central-element-323112,cefi-mr-20260429-154202-65.parquet,718,0,718,0,6
cefi,market-data-tick-cefi-prd-central-element-323112,cefi-mr-20260429-154202-281.parquet,717,0,717,0,6
cefi,market-data-tick-cefi-prd-central-element-323112,cefi-mr-20260429-154202-296.parquet,717,0,717,0,6
cefi,market-data-tick-cefi-prd-central-element-323112,cefi-mr-20260429-154202-319.parquet,717,0,717,0,6
cefi,market-data-tick-cefi-prd-central-element-323112,cefi-mr-20260429-141334-65.parquet,716,0,716,0,6
cefi,market-data-tick-cefi-prd-central-element-323112,cefi-mr-20260429-154202-70.parquet,716,0,716,0,6
cefi,market-data-tick-cefi-prd-central-element-323112,cefi-mr-20260429-124301-209.parquet,714,0,714,0,6
cefi,market-data-tick-cefi-prd-central-element-323112,cefi-mr-20260429-124301-231.parquet,714,0,714,0,6
cefi,market-data-tick-cefi-prd-central-element-323112,cefi-mr-20260429-141334-66.parquet,714,0,714,0,6
cefi,market-data-tick-cefi-prd-central-element-323112,cefi-mr-20260429-141334-67.parquet,714,0,714,0,6
cefi,market-data-tick-cefi-prd-central-element-323112,cefi-mr-20260429-141334-70.parquet,714,0,714,0,6
cefi,market-data-tick-cefi-prd-central-element-323112,cefi-mr-20260429-141334-68.parquet,713,0,713,0,6
cefi,market-data-tick-cefi-prd-central-element-323112,cefi-mr-20260429-141334-219.parquet,712,0,712,0,6
cefi,market-data-tick-cefi-prd-central-element-323112,cefi-kraken-futures-2026-light-20260507-151755.parquet,710,0,710,0,7
cefi,market-data-tick-cefi-prd-central-element-323112,cefi-mr-20260429-141334-74.parquet,710,0,710,0,6
cefi,market-data-tick-cefi-prd-central-element-323112,cefi-mr-20260429-154202-62.parquet,710,0,710,0,6
cefi,market-data-tick-cefi-prd-central-element-323112,cefi-mr-20260429-154202-67.parquet,710,0,710,0,6
cefi,market-data-tick-cefi-prd-central-element-323112,cefi-mr-20260429-141334-76.parquet,709,0,709,0,6
cefi,market-data-tick-cefi-prd-central-element-323112,cefi-mr-20260429-141334-71.parquet,708,0,708,0,6
cefi,market-data-tick-cefi-prd-central-element-323112,cefi-mr-20260429-154202-68.parquet,708,0,708,0,6
cefi,market-data-tick-cefi-prd-central-element-323112,cefi-mr-20260429-154202-91.parquet,707,0,707,0,6
cefi,market-data-tick-cefi-prd-central-element-323112,cefi-mr-20260429-124301-67.parquet,706,0,706,0,6
cefi,market-data-tick-cefi-prd-central-element-323112,cefi-mr-20260429-124301-70.parquet,706,0,706,0,6
cefi,market-data-tick-cefi-prd-central-element-323112,cefi-mr-20260429-141334-83.parquet,706,0,706,0,6
cefi,market-data-tick-cefi-prd-central-element-323112,cefi-mr-20260429-141334-86.parquet,706,0,706,0,6
cefi,market-data-tick-cefi-prd-central-element-323112,cefi-mr-20260429-141334-87.parquet,706,0,706,0,6
cefi,market-data-tick-cefi-prd-central-element-323112,cefi-mr-20260429-154202-87.parquet,706,0,706,0,6
cefi,market-data-tick-cefi-prd-central-element-323112,cefi-mr-20260429-154202-98.parquet,706,0,706,0,6
cefi,market-data-tick-cefi-prd-central-element-323112,cefi-mr-20260429-141334-85.parquet,705,0,705,0,6
cefi,market-data-tick-cefi-prd-central-element-323112,cefi-mr-20260429-141334-92.parquet,705,0,705,0,6
cefi,market-data-tick-cefi-prd-central-element-323112,cefi-mr-20260429-154202-76.parquet,705,0,705,0,6
cefi,market-data-tick-cefi-prd-central-element-323112,cefi-mr-20260429-154202-84.parquet,705,0,705,0,6
cefi,market-data-tick-cefi-prd-central-element-323112,cefi-mr-20260429-141334-101.parquet,704,0,704,0,6
cefi,market-data-tick-cefi-prd-central-element-323112,cefi-mr-20260429-141334-104.parquet,704,0,704,0,6
cefi,market-data-tick-cefi-prd-central-element-323112,cefi-mr-20260429-141334-105.parquet,704,0,704,0,6
cefi,market-data-tick-cefi-prd-central-element-323112,cefi-mr-20260429-141334-107.parquet,704,0,704,0,6
cefi,market-data-tick-cefi-prd-central-element-323112,cefi-mr-20260429-141334-108.parquet,704,0,704,0,6
cefi,market-data-tick-cefi-prd-central-element-323112,cefi-mr-20260429-141334-91.parquet,704,0,704,0,6
cefi,market-data-tick-cefi-prd-central-element-323112,cefi-mr-20260429-141334-97.parquet,704,0,704,0,6
cefi,market-data-tick-cefi-prd-central-element-323112,cefi-mr-20260429-141334-102.parquet,703,0,703,0,6
cefi,market-data-tick-cefi-prd-central-element-323112,cefi-mr-20260429-141334-93.parquet,703,0,703,0,6
cefi,market-data-tick-cefi-prd-central-element-323112,cefi-mr-20260429-124301-76.parquet,702,0,702,0,6
cefi,market-data-tick-cefi-prd-central-element-323112,cefi-mr-20260429-124301-77.parquet,702,0,702,0,6
cefi,market-data-tick-cefi-prd-central-element-323112,cefi-mr-20260429-141334-95.parquet,702,0,702,0,6
cefi,market-data-tick-cefi-prd-central-element-323112,cefi-bitfinex-spot-2022-heavy-20260507-150413.parquet,700,0,700,0,7
cefi,market-data-tick-cefi-prd-central-element-323112,cefi-mr-20260429-154202-95.parquet,700,0,700,0,6
cefi,market-data-tick-cefi-prd-central-element-323112,cefi-mr-20260429-124301-73.parquet,699,0,699,0,6
cefi,market-data-tick-cefi-prd-central-element-323112,cefi-mr-20260429-124301-79.parquet,698,0,698,0,6
cefi,market-data-tick-cefi-prd-central-element-323112,cefi-mr-20260429-124301-82.parquet,698,0,698,0,6
cefi,market-data-tick-cefi-prd-central-element-323112,cefi-mr-20260429-124301-85.parquet,698,0,698,0,6
cefi,market-data-tick-cefi-prd-central-element-323112,cefi-mr-20260429-124301-86.parquet,698,0,698,0,6
cefi,market-data-tick-cefi-prd-central-element-323112,cefi-mr-20260429-141334-73.parquet,697,0,697,0,6
cefi,market-data-tick-cefi-prd-central-element-323112,cefi-mr-20260429-124301-100.parquet,696,0,696,0,6
cefi,market-data-tick-cefi-prd-central-element-323112,cefi-mr-20260429-124301-101.parquet,696,0,696,0,6
cefi,market-data-tick-cefi-prd-central-element-323112,cefi-mr-20260429-124301-106.parquet,696,0,696,0,6
cefi,market-data-tick-cefi-prd-central-element-323112,cefi-mr-20260429-141334-111.parquet,696,0,696,0,6
cefi,market-data-tick-cefi-prd-central-element-323112,cefi-mr-20260429-141334-116.parquet,696,0,696,0,6
cefi,market-data-tick-cefi-prd-central-element-323112,cefi-mr-20260429-141334-117.parquet,696,0,696,0,6
cefi,market-data-tick-cefi-prd-central-element-323112,cefi-mr-20260429-141334-119.parquet,696,0,696,0,6
cefi,market-data-tick-cefi-prd-central-element-323112,cefi-mr-20260429-141334-122.parquet,696,0,696,0,6
cefi,market-data-tick-cefi-prd-central-element-323112,cefi-mr-20260429-141334-125.parquet,696,0,696,0,6
cefi,market-data-tick-cefi-prd-central-element-323112,cefi-mr-20260429-141334-126.parquet,696,0,696,0,6
cefi,market-data-tick-cefi-prd-central-element-323112,cefi-mr-20260429-124301-103.parquet,695,0,695,0,6
cefi,market-data-tick-cefi-prd-central-element-323112,cefi-mr-20260429-141334-128.parquet,694,0,694,0,6
cefi,market-data-tick-cefi-prd-central-element-323112,cefi-mr-20260429-124301-91.parquet,693,0,693,0,6
cefi,market-data-tick-cefi-prd-central-element-323112,cefi-mr-20260429-124301-134.parquet,692,0,692,0,6
cefi,market-data-tick-cefi-prd-central-element-323112,cefi-mr-20260429-141334-113.parquet,691,0,691,0,6
cefi,market-data-tick-cefi-prd-central-element-323112,cefi-mr-20260429-141334-164.parquet,691,0,691,0,6
cefi,market-data-tick-cefi-prd-central-element-323112,cefi-mr-20260429-154202-321.parquet,691,0,691,0,6
cefi,market-data-tick-cefi-prd-central-element-323112,cefi-mr-20260429-141334-123.parquet,690,0,690,0,6
cefi,market-data-tick-cefi-prd-central-element-323112,cefi-mr-20260429-154202-126.parquet,689,0,689,0,6
cefi,market-data-tick-cefi-prd-central-element-323112,cefi-mr-20260429-154202-128.parquet,689,0,689,0,6
cefi,market-data-tick-cefi-prd-central-element-323112,cefi-mr-20260429-154202-129.parquet,689,0,689,0,6
cefi,market-data-tick-cefi-prd-central-element-323112,cefi-mr-20260429-124301-112.parquet,688,0,688,0,6
cefi,market-data-tick-cefi-prd-central-element-323112,cefi-mr-20260429-124301-113.parquet,688,0,688,0,6
cefi,market-data-tick-cefi-prd-central-element-323112,cefi-mr-20260429-124301-115.parquet,688,0,688,0,6
cefi,market-data-tick-cefi-prd-central-element-323112,cefi-mr-20260429-124301-118.parquet,688,0,688,0,6
cefi,market-data-tick-cefi-prd-central-element-323112,cefi-mr-20260429-124301-121.parquet,688,0,688,0,6
cefi,market-data-tick-cefi-prd-central-element-323112,cefi-mr-20260429-124301-125.parquet,688,0,688,0,6
cefi,market-data-tick-cefi-prd-central-element-323112,cefi-mr-20260429-124301-126.parquet,688,0,688,0,6
cefi,market-data-tick-cefi-prd-central-element-323112,cefi-mr-20260429-141334-179.parquet,688,0,688,0,6
cefi,market-data-tick-cefi-prd-central-element-323112,cefi-mr-20260429-124301-114.parquet,687,0,687,0,6
cefi,market-data-tick-cefi-prd-central-element-323112,cefi-mr-20260429-124301-127.parquet,687,0,687,0,6
cefi,market-data-tick-cefi-prd-central-element-323112,cefi-mr-20260429-141334-146.parquet,687,0,687,0,6
cefi,market-data-tick-cefi-prd-central-element-323112,cefi-mr-20260429-141334-171.parquet,687,0,687,0,6
cefi,market-data-tick-cefi-prd-central-element-323112,cefi-mr-20260429-141334-176.parquet,687,0,687,0,6
cefi,market-data-tick-cefi-prd-central-element-323112,cefi-mr-20260429-154202-143.parquet,687,0,687,0,6
cefi,market-data-tick-cefi-prd-central-element-323112,cefi-mr-20260429-124301-128.parquet,686,0,686,0,6
cefi,market-data-tick-cefi-prd-central-element-323112,cefi-mr-20260429-124301-131.parquet,686,0,686,0,6
cefi,market-data-tick-cefi-prd-central-element-323112,cefi-mr-20260429-141334-138.parquet,686,0,686,0,6
cefi,market-data-tick-cefi-prd-central-element-323112,cefi-mr-20260429-141334-173.parquet,686,0,686,0,6
cefi,market-data-tick-cefi-prd-central-element-323112,cefi-mr-20260429-141334-177.parquet,686,0,686,0,6
cefi,market-data-tick-cefi-prd-central-element-323112,cefi-mr-20260429-141334-183.parquet,686,0,686,0,6
cefi,market-data-tick-cefi-prd-central-element-323112,cefi-mr-20260429-124301-137.parquet,685,0,685,0,6
cefi,market-data-tick-cefi-prd-central-element-323112,cefi-mr-20260429-141334-143.parquet,685,0,685,0,6
defi,market-data-tick-defi-prd-central-element-323112,blank-reason-recon-defi-20260507-175522.parquet,685,0,685,0,6
cefi,market-data-tick-cefi-prd-central-element-323112,cefi-bitfinex-spot-2022-heavy-20260504-145634.parquet,684,0,684,0,6
cefi,market-data-tick-cefi-prd-central-element-323112,cefi-mr-20260429-124301-140.parquet,684,0,684,0,6
cefi,market-data-tick-cefi-prd-central-element-323112,cefi-mr-20260429-141334-149.parquet,684,0,684,0,6
cefi,market-data-tick-cefi-prd-central-element-323112,cefi-mr-20260429-141334-152.parquet,684,0,684,0,6
cefi,market-data-tick-cefi-prd-central-element-323112,cefi-mr-20260429-141334-155.parquet,684,0,684,0,6
cefi,market-data-tick-cefi-prd-central-element-323112,cefi-mr-20260429-141334-185.parquet,684,0,684,0,6
cefi,market-data-tick-cefi-prd-central-element-323112,cefi-mr-20260429-141334-192.parquet,684,0,684,0,6
cefi,market-data-tick-cefi-prd-central-element-323112,cefi-mr-20260429-154202-176.parquet,684,0,684,0,6
cefi,market-data-tick-cefi-prd-central-element-323112,cefi-mr-20260429-141334-141.parquet,683,0,683,0,6
cefi,market-data-tick-cefi-prd-central-element-323112,cefi-mr-20260429-141334-158.parquet,683,0,683,0,6
cefi,market-data-tick-cefi-prd-central-element-323112,cefi-mr-20260429-141334-189.parquet,683,0,683,0,6
cefi,market-data-tick-cefi-prd-central-element-323112,cefi-mr-20260429-124301-143.parquet,682,0,682,0,6
cefi,market-data-tick-cefi-prd-central-element-323112,cefi-mr-20260429-124301-147.parquet,682,0,682,0,6
cefi,market-data-tick-cefi-prd-central-element-323112,cefi-mr-20260429-141334-194.parquet,682,0,682,0,6
cefi,market-data-tick-cefi-prd-central-element-323112,cefi-mr-20260429-141334-196.parquet,682,0,682,0,6
cefi,market-data-tick-cefi-prd-central-element-323112,cefi-mr-20260429-141334-197.parquet,682,0,682,0,6
cefi,market-data-tick-cefi-prd-central-element-323112,cefi-mr-20260429-141334-198.parquet,682,0,682,0,6
cefi,market-data-tick-cefi-prd-central-element-323112,cefi-mr-20260429-141334-159.parquet,681,0,681,0,6
cefi,market-data-tick-cefi-prd-central-element-323112,cefi-mr-20260429-141334-161.parquet,681,0,681,0,6
cefi,market-data-tick-cefi-prd-central-element-323112,cefi-mr-20260429-124301-142.parquet,680,0,680,0,6
cefi,market-data-tick-cefi-prd-central-element-323112,cefi-mr-20260429-124301-148.parquet,680,0,680,0,6
cefi,market-data-tick-cefi-prd-central-element-323112,cefi-mr-20260429-141334-167.parquet,680,0,680,0,6
cefi,market-data-tick-cefi-prd-central-element-323112,cefi-mr-20260429-141334-174.parquet,680,0,680,0,6
cefi,market-data-tick-cefi-prd-central-element-323112,cefi-mr-20260429-141334-156.parquet,679,0,679,0,6
cefi,market-data-tick-cefi-prd-central-element-323112,cefi-mr-20260429-141334-180.parquet,679,0,679,0,6
cefi,market-data-tick-cefi-prd-central-element-323112,cefi-mr-20260429-124301-154.parquet,678,0,678,0,6
cefi,market-data-tick-cefi-prd-central-element-323112,cefi-mr-20260429-141334-157.parquet,678,0,678,0,6
cefi,market-data-tick-cefi-prd-central-element-323112,cefi-mr-20260429-141334-186.parquet,678,0,678,0,6
cefi,market-data-tick-cefi-prd-central-element-323112,cefi-mr-20260429-124301-149.parquet,677,0,677,0,6
cefi,market-data-tick-cefi-prd-central-element-323112,cefi-mr-20260429-141334-170.parquet,677,0,677,0,6
cefi,market-data-tick-cefi-prd-central-element-323112,cefi-mr-20260429-124301-150.parquet,676,0,676,0,6
cefi,market-data-tick-cefi-prd-central-element-323112,cefi-mr-20260429-124301-161.parquet,676,0,676,0,6
cefi,market-data-tick-cefi-prd-central-element-323112,cefi-mr-20260429-124301-164.parquet,676,0,676,0,6
cefi,market-data-tick-cefi-prd-central-element-323112,cefi-mr-20260429-124301-167.parquet,676,0,676,0,6
cefi,market-data-tick-cefi-prd-central-element-323112,cefi-mr-20260429-154202-147.parquet,676,0,676,0,6
cefi,market-data-tick-cefi-prd-central-element-323112,cefi-mr-20260429-154202-177.parquet,676,0,676,0,6
cefi,market-data-tick-cefi-prd-central-element-323112,cefi-mr-20260429-124301-169.parquet,675,0,675,0,6
cefi,market-data-tick-cefi-prd-central-element-323112,cefi-mr-20260429-154202-63.parquet,675,0,675,0,6
cefi,market-data-tick-cefi-prd-central-element-323112,cefi-mr-20260429-124301-163.parquet,674,0,674,0,6
cefi,market-data-tick-cefi-prd-central-element-323112,cefi-mr-20260429-124301-160.parquet,673,0,673,0,6
cefi,market-data-tick-cefi-prd-central-element-323112,cefi-mr-20260429-184942-65.parquet,671,0,671,0,6
cefi,market-data-tick-cefi-prd-central-element-323112,cefi-mr-20260429-124301-173.parquet,670,0,670,0,6
cefi,market-data-tick-cefi-prd-central-element-323112,cefi-mr-20260429-124301-180.parquet,670,0,670,0,6
cefi,market-data-tick-cefi-prd-central-element-323112,cefi-mr-20260429-124301-183.parquet,670,0,670,0,6
cefi,market-data-tick-cefi-prd-central-element-323112,cefi-mr-20260429-154202-83.parquet,669,0,669,0,6
cefi,market-data-tick-cefi-prd-central-element-323112,cefi-mr-20260429-124301-186.parquet,668,0,668,0,6
cefi,market-data-tick-cefi-prd-central-element-323112,cefi-mr-20260429-124301-194.parquet,668,0,668,0,6
cefi,market-data-tick-cefi-prd-central-element-323112,cefi-mr-20260429-124301-195.parquet,668,0,668,0,6
cefi,market-data-tick-cefi-prd-central-element-323112,cefi-mr-20260429-124301-197.parquet,668,0,668,0,6
cefi,market-data-tick-cefi-prd-central-element-323112,cefi-mr-20260429-124301-201.parquet,668,0,668,0,6
cefi,market-data-tick-cefi-prd-central-element-323112,cefi-mr-20260429-154202-164.parquet,668,0,668,0,6
cefi,market-data-tick-cefi-prd-central-element-323112,cefi-mr-20260429-154202-167.parquet,667,0,667,0,6
tradfi,market-data-tick-tradfi-prd-central-element-323112,mdps-tradfi-2026-20260505-203928.parquet,667,0,667,0,6
cefi,market-data-tick-cefi-prd-central-element-323112,cefi-mr-20260429-124301-200.parquet,666,0,666,0,6
cefi,market-data-tick-cefi-prd-central-element-323112,cefi-mr-20260429-154202-162.parquet,666,0,666,0,6
cefi,market-data-tick-cefi-prd-central-element-323112,cefi-mr-20260429-154202-94.parquet,666,0,666,0,6
cefi,market-data-tick-cefi-prd-central-element-323112,cefi-mr-20260429-124301-198.parquet,665,0,665,0,6
cefi,market-data-tick-cefi-prd-central-element-323112,cefi-mr-20260429-154202-77.parquet,664,0,664,0,6
tradfi,market-data-tick-tradfi-prd-central-element-323112,cme-events-q1-2026-20260502-130144.parquet,663,0,663,0,6
cefi,market-data-tick-cefi-prd-central-element-323112,cefi-mr-20260429-154202-108.parquet,662,0,662,0,6
cefi,market-data-tick-cefi-prd-central-element-323112,cefi-mr-20260429-154202-113.parquet,654,0,654,0,6
cefi,market-data-tick-cefi-prd-central-element-323112,cefi-mr-20260429-184942-105.parquet,649,0,649,0,6
cefi,market-data-tick-cefi-prd-central-element-323112,cefi-mr-20260429-184942-323.parquet,647,0,647,0,6
tradfi,market-data-tick-tradfi-prd-central-element-323112,tradfi-bf-es-opt-light-2022-20260430-032911.parquet,646,0,646,0,6
cefi,market-data-tick-cefi-prd-central-element-323112,cefi-mr-20260429-154202-174.parquet,644,0,644,0,6
cefi,market-data-tick-cefi-prd-central-element-323112,cefi-mr-20260429-154202-66.parquet,644,0,644,0,6
cefi,market-data-tick-cefi-prd-central-element-323112,cefi-mr-20260429-154202-173.parquet,641,0,641,0,6
cefi,market-data-tick-cefi-prd-central-element-323112,cefi-bitfinex-spot-2021-heavy-20260504-145621.parquet,640,0,640,0,6
cefi,market-data-tick-cefi-prd-central-element-323112,cefi-coinbase-spot-2023-doge-usd--20260506-212742.parquet,640,0,640,0,6
cefi,market-data-tick-cefi-prd-central-element-323112,cefi-mr-20260429-141334-47.parquet,640,0,640,0,6
cefi,market-data-tick-cefi-prd-central-element-323112,cefi-mr-20260429-184942-66.parquet,638,0,638,0,6
cefi,market-data-tick-cefi-prd-central-element-323112,cefi-mr-20260429-154202-150.parquet,637,0,637,0,6
cefi,market-data-tick-cefi-prd-central-element-323112,cefi-mr-20260429-154202-96.parquet,637,0,637,0,6
cefi,market-data-tick-cefi-prd-central-element-323112,cefi-mr-20260429-184942-70.parquet,637,0,637,0,6
cefi,market-data-tick-cefi-prd-central-element-323112,cefi-mr-20260429-141334-1.parquet,636,0,636,0,6
cefi,market-data-tick-cefi-prd-central-element-323112,cefi-mr-20260429-141334-10.parquet,636,0,636,0,6
cefi,market-data-tick-cefi-prd-central-element-323112,cefi-mr-20260429-141334-11.parquet,636,0,636,0,6
cefi,market-data-tick-cefi-prd-central-element-323112,cefi-mr-20260429-141334-16.parquet,636,0,636,0,6
cefi,market-data-tick-cefi-prd-central-element-323112,cefi-mr-20260429-141334-18.parquet,636,0,636,0,6
cefi,market-data-tick-cefi-prd-central-element-323112,cefi-mr-20260429-141334-19.parquet,636,0,636,0,6
cefi,market-data-tick-cefi-prd-central-element-323112,cefi-mr-20260429-141334-25.parquet,636,0,636,0,6
cefi,market-data-tick-cefi-prd-central-element-323112,cefi-mr-20260429-141334-4.parquet,636,0,636,0,6
cefi,market-data-tick-cefi-prd-central-element-323112,cefi-mr-20260429-154202-165.parquet,636,0,636,0,6
cefi,market-data-tick-cefi-prd-central-element-323112,cefi-mr-20260429-154202-71.parquet,636,0,636,0,6
cefi,market-data-tick-cefi-prd-central-element-323112,cefi-mr-20260429-154202-81.parquet,636,0,636,0,6
cefi,market-data-tick-cefi-prd-central-element-323112,cefi-mr-20260429-154202-82.parquet,636,0,636,0,6
cefi,market-data-tick-cefi-prd-central-element-323112,cefi-mr-20260429-154202-97.parquet,636,0,636,0,6
tradfi,market-data-tick-tradfi-prd-central-element-323112,tradfi-bf-es-opt-light-2025-20260430-033006.parquet,636,0,636,0,6
cefi,market-data-tick-cefi-prd-central-element-323112,cefi-mr-20260429-141334-6.parquet,635,0,635,0,6
cefi,market-data-tick-cefi-prd-central-element-323112,cefi-mr-20260429-141334-7.parquet,635,0,635,0,6
cefi,market-data-tick-cefi-prd-central-element-323112,cefi-mr-20260429-154202-89.parquet,635,0,635,0,6
cefi,market-data-tick-cefi-prd-central-element-323112,cefi-mr-20260429-141334-30.parquet,634,0,634,0,6
cefi,market-data-tick-cefi-prd-central-element-323112,cefi-mr-20260429-141334-31.parquet,634,0,634,0,6
cefi,market-data-tick-cefi-prd-central-element-323112,cefi-mr-20260429-141334-37.parquet,634,0,634,0,6
cefi,market-data-tick-cefi-prd-central-element-323112,cefi-mr-20260429-154202-92.parquet,634,0,634,0,6
cefi,market-data-tick-cefi-prd-central-element-323112,cefi-mr-20260429-154202-99.parquet,634,0,634,0,6
cefi,market-data-tick-cefi-prd-central-element-323112,cefi-coinbase-spot-2023-link-usd--20260506-212742.parquet,632,0,632,0,6
cefi,market-data-tick-cefi-prd-central-element-323112,cefi-mr-20260429-141334-40.parquet,630,0,630,0,6
cefi,market-data-tick-cefi-prd-central-element-323112,cefi-mr-20260429-141334-45.parquet,630,0,630,0,6
cefi,market-data-tick-cefi-prd-central-element-323112,cefi-mr-20260429-141334-48.parquet,630,0,630,0,6
cefi,market-data-tick-cefi-prd-central-element-323112,cefi-mr-20260429-154202-52.parquet,630,0,630,0,6
cefi,market-data-tick-cefi-prd-central-element-323112,cefi-mr-20260429-154202-110.parquet,629,0,629,0,6
cefi,market-data-tick-cefi-prd-central-element-323112,cefi-mr-20260429-154202-61.parquet,629,0,629,0,6
cefi,market-data-tick-cefi-prd-central-element-323112,cefi-mr-20260429-141334-51.parquet,628,0,628,0,6
cefi,market-data-tick-cefi-prd-central-element-323112,cefi-mr-20260429-141334-52.parquet,628,0,628,0,6
cefi,market-data-tick-cefi-prd-central-element-323112,cefi-mr-20260429-141334-59.parquet,628,0,628,0,6
cefi,market-data-tick-cefi-prd-central-element-323112,cefi-mr-20260429-141334-60.parquet,628,0,628,0,6
cefi,market-data-tick-cefi-prd-central-element-323112,cefi-mr-20260429-141334-61.parquet,628,0,628,0,6
cefi,market-data-tick-cefi-prd-central-element-323112,cefi-mr-20260429-141334-62.parquet,628,0,628,0,6
tradfi,market-data-tick-tradfi-prd-central-element-323112,tradfi-bf-es-2023-ohlcv-20260505-114502.parquet,627,0,627,0,6
cefi,market-data-tick-cefi-prd-central-element-323112,cefi-mr-20260429-141334-55.parquet,626,0,626,0,6
cefi,market-data-tick-cefi-prd-central-element-323112,cefi-mr-20260429-154202-51.parquet,625,0,625,0,6
cefi,market-data-tick-cefi-prd-central-element-323112,cefi-mr-20260429-184942-318.parquet,625,0,625,0,6
cefi,market-data-tick-cefi-prd-central-element-323112,cefi-mr-20260429-154202-125.parquet,624,0,624,0,6
cefi,market-data-tick-cefi-prd-central-element-323112,cefi-mr-20260429-154202-48.parquet,623,0,623,0,6
tradfi,market-data-tick-tradfi-prd-central-element-323112,tradfi-bf-es-2024-ohlcv-20260505-114502.parquet,623,0,623,0,6
cefi,market-data-tick-cefi-prd-central-element-323112,cefi-mr-20260429-154202-116.parquet,622,0,622,0,6
cefi,market-data-tick-cefi-prd-central-element-323112,cefi-mr-20260429-154202-122.parquet,621,0,621,0,6
cefi,market-data-tick-cefi-prd-central-element-323112,cefi-mr-20260429-154202-132.parquet,621,0,621,0,6
cefi,market-data-tick-cefi-prd-central-element-323112,cefi-mr-20260429-154202-53.parquet,621,0,621,0,6
cefi,market-data-tick-cefi-prd-central-element-323112,cefi-mr-20260429-124301-60.parquet,620,0,620,0,6
cefi,market-data-tick-cefi-prd-central-element-323112,cefi-mr-20260429-124301-61.parquet,619,0,619,0,6
cefi,market-data-tick-cefi-prd-central-element-323112,cefi-bitfinex-futures-2021-light-20260507-184855.parquet,618,0,618,0,7
cefi,market-data-tick-cefi-prd-central-element-323112,cefi-mr-20260429-154202-57.parquet,618,0,618,0,6
cefi,market-data-tick-cefi-prd-central-element-323112,cefi-mr-20260429-154202-168.parquet,615,0,615,0,6
cefi,market-data-tick-cefi-prd-central-element-323112,cefi-mr-20260429-154202-146.parquet,614,0,614,0,6
tradfi,market-data-tick-tradfi-prd-central-element-323112,mtds-ohlcv-gapfill-mbt-20260505-231833.parquet,613,0,613,0,6
cefi,market-data-tick-cefi-prd-central-element-323112,cefi-mr-20260429-154202-153.parquet,612,0,612,0,6
cefi,market-data-tick-cefi-prd-central-element-323112,cefi-mr-20260429-154202-171.parquet,610,0,610,0,6
cefi,market-data-tick-cefi-prd-central-element-323112,cefi-mr-20260429-154202-144.parquet,609,0,609,0,6
cefi,market-data-tick-cefi-prd-central-element-323112,cefi-mr-20260429-154202-186.parquet,608,0,608,0,6
cefi,market-data-tick-cefi-prd-central-element-323112,cefi-mr-20260429-154202-192.parquet,608,0,608,0,6
cefi,market-data-tick-cefi-prd-central-element-323112,cefi-mr-20260429-154202-195.parquet,608,0,608,0,6
cefi,market-data-tick-cefi-prd-central-element-323112,cefi-mr-20260429-184942-63.parquet,606,0,606,0,6
cefi,market-data-tick-cefi-prd-central-element-323112,cefi-mr-20260429-154202-170.parquet,605,0,605,0,6
cefi,market-data-tick-cefi-prd-central-element-323112,cefi-mr-20260429-184942-67.parquet,605,0,605,0,6
cefi,market-data-tick-cefi-prd-central-element-323112,cefi-mr-20260429-154202-102.parquet,601,0,601,0,6
cefi,market-data-tick-cefi-prd-central-element-323112,cefi-mr-20260429-154202-105.parquet,601,0,601,0,6
cefi,market-data-tick-cefi-prd-central-element-323112,cefi-bitfinex-spot-2024-heavy-20260507-150450.parquet,600,0,600,0,7
cefi,market-data-tick-cefi-prd-central-element-323112,cefi-bitfinex-spot-2025-heavy-20260507-150503.parquet,600,0,600,0,7
cefi,market-data-tick-cefi-prd-central-element-323112,cefi-kraken-spot-2021-heavy-20260507-151112.parquet,600,0,600,0,7
cefi,market-data-tick-cefi-prd-central-element-323112,cefi-kraken-spot-2023-heavy-20260507-151141.parquet,600,0,600,0,7
cefi,market-data-tick-cefi-prd-central-element-323112,cefi-mr-20260429-154202-101.parquet,600,0,600,0,6
cefi,market-data-tick-cefi-prd-central-element-323112,cefi-mr-20260429-154202-104.parquet,600,0,600,0,6
tradfi,market-data-tick-tradfi-prd-central-element-323112,cme-events-q4-2025-20260502-130144.parquet,599,0,599,0,6
cefi,market-data-tick-cefi-prd-central-element-323112,cefi-mr-20260429-184942-162.parquet,598,0,598,0,6
cefi,market-data-tick-cefi-prd-central-element-323112,cefi-mr-20260429-184942-71.parquet,597,0,597,0,6
cefi,market-data-tick-cefi-prd-central-element-323112,cefi-mr-20260429-184942-92.parquet,597,0,597,0,6
cefi,market-data-tick-cefi-prd-central-element-323112,cefi-mr-20260429-154202-78.parquet,596,0,596,0,6
cefi,market-data-tick-cefi-prd-central-element-323112,cefi-mr-20260429-184942-306.parquet,596,0,596,0,6
cefi,market-data-tick-cefi-prd-central-element-323112,cefi-kraken-spot-2020-heavy-20260507-185447.parquet,595,0,595,0,7
cefi,market-data-tick-cefi-prd-central-element-323112,cefi-mr-20260429-184942-95.parquet,594,0,594,0,6
cefi,market-data-tick-cefi-prd-central-element-323112,cefi-mr-20260429-184942-255.parquet,592,0,592,0,6
cefi,market-data-tick-cefi-prd-central-element-323112,cefi-deribit-2026-heavy-155648.parquet,589,0,589,0,6
cefi,market-data-tick-cefi-prd-central-element-323112,cefi-mr-20260429-154202-56.parquet,587,0,587,0,6
cefi,market-data-tick-cefi-prd-central-element-323112,cefi-mr-20260429-154202-215.parquet,586,0,586,0,6
cefi,market-data-tick-cefi-prd-central-element-323112,cefi-mr-20260429-154202-138.parquet,582,0,582,0,6
cefi,market-data-tick-cefi-prd-central-element-323112,cefi-bitfinex-futures-2023-heavy-20260504-145800.parquet,581,0,581,0,6
cefi,market-data-tick-cefi-prd-central-element-323112,cefi-mr-20260429-184942-138.parquet,580,0,580,0,6
cefi,market-data-tick-cefi-prd-central-element-323112,cefi-mr-20260429-184942-113.parquet,577,0,577,0,6
cefi,market-data-tick-cefi-prd-central-element-323112,cefi-mr-20260429-154202-189.parquet,576,0,576,0,6
cefi,market-data-tick-cefi-prd-central-element-323112,cefi-bitget-spot-2025-heavy-20260507-185228.parquet,575,0,575,0,7
cefi,market-data-tick-cefi-prd-central-element-323112,cefi-mr-20260429-154202-141.parquet,575,0,575,0,6
cefi,market-data-tick-cefi-prd-central-element-323112,cefi-mr-20260429-184942-141.parquet,575,0,575,0,6
tradfi,market-data-tick-tradfi-prd-central-element-323112,tradfi-bf-es-2021-ohlcv-20260505-114502.parquet,573,0,573,0,6
tradfi,market-data-tick-tradfi-prd-central-element-323112,mtds-ohlcv-gapfill-met-20260505-214645.parquet,572,0,572,0,6
cefi,market-data-tick-cefi-prd-central-element-323112,cefi-mr-20260429-184942-150.parquet,571,0,571,0,6
tradfi,market-data-tick-tradfi-prd-central-element-323112,tradfi-bf-mes-2024-ohlcv-20260505-123900.parquet,570,0,570,0,6
cefi,market-data-tick-cefi-prd-central-element-323112,cefi-mr-20260429-184942-173.parquet,568,0,568,0,6
cefi,market-data-tick-cefi-prd-central-element-323112,cefi-mr-20260429-184942-177.parquet,568,0,568,0,6
tradfi,market-data-tick-tradfi-prd-central-element-323112,tradfi-bf-es-2025-ohlcv-20260505-114502.parquet,568,0,568,0,6
cefi,market-data-tick-cefi-prd-central-element-323112,cefi-bitfinex-futures-2022-heavy-20260501-184415.parquet,567,0,567,0,6
tradfi,market-data-tick-tradfi-prd-central-element-323112,tradfi-bf-es-2020-ohlcv-20260505-114502.parquet,566,0,566,0,6
cefi,market-data-tick-cefi-prd-central-element-323112,cefi-mr-20260429-184942-91.parquet,565,0,565,0,6
cefi,market-data-tick-cefi-prd-central-element-323112,cefi-mr-20260429-184942-102.parquet,564,0,564,0,6
cefi,market-data-tick-cefi-prd-central-element-323112,cefi-mr-20260429-184942-165.parquet,563,0,563,0,6
cefi,market-data-tick-cefi-prd-central-element-323112,cefi-mr-20260429-184942-215.parquet,563,0,563,0,6
cefi,market-data-tick-cefi-prd-central-element-323112,cefi-mr-20260429-184942-256.parquet,563,0,563,0,6
cefi,market-data-tick-cefi-prd-central-element-323112,cefi-mr-20260429-184942-82.parquet,563,0,563,0,6
cefi,market-data-tick-cefi-prd-central-element-323112,cefi-mr-20260429-184942-312.parquet,560,0,560,0,6
cefi,market-data-tick-cefi-prd-central-element-323112,cefi-bitfinex-futures-2022-heavy-20260504-165822.parquet,558,0,558,0,6
tradfi,market-data-tick-tradfi-prd-central-element-323112,tradfi-bf-mes-2023-ohlcv-20260505-123900.parquet,557,0,557,0,6
cefi,market-data-tick-cefi-prd-central-element-323112,cefi-bitfinex-futures-2021-heavy-20260504-194124.parquet,556,0,556,0,6
cefi,market-data-tick-cefi-prd-central-element-323112,cefi-kraken-futures-2026-heavy-20260507-200225.parquet,556,0,556,0,7
cefi,market-data-tick-cefi-prd-central-element-323112,cefi-mr-20260429-184942-108.parquet,556,0,556,0,6
cefi,market-data-tick-cefi-prd-central-element-323112,cefi-mr-20260429-184942-125.parquet,552,0,552,0,6
cefi,market-data-tick-cefi-prd-central-element-323112,cefi-bitfinex-spot-2021-heavy-20260507-150356.parquet,550,0,550,0,7
cefi,market-data-tick-cefi-prd-central-element-323112,cefi-bitfinex-spot-2026-heavy-20260507-150518.parquet,550,0,550,0,7
cefi,market-data-tick-cefi-prd-central-element-323112,cefi-kraken-spot-2022-heavy-20260507-151128.parquet,550,0,550,0,7
sports,instruments-store-sports-prd-central-element-323112,tm-backfill-20260505-105544.parquet,550,0,550,0,6
cefi,market-data-tick-cefi-prd-central-element-323112,cefi-bitget-futures-2024-light-20260507-195526.parquet,549,0,549,0,7
tradfi,market-data-tick-tradfi-prd-central-element-323112,tradfi-bf-es-2022-ohlcv-20260505-114502.parquet,549,0,549,0,6
cefi,market-data-tick-cefi-prd-central-element-323112,cefi-kraken-futures-2026-heavy-20260506-180151.parquet,548,0,548,0,6
cefi,market-data-tick-cefi-prd-central-element-323112,cefi-mr-20260429-184942-114.parquet,545,0,545,0,6
cefi,market-data-tick-cefi-prd-central-element-323112,cefi-mr-20260429-184942-144.parquet,543,0,543,0,6
cefi,market-data-tick-cefi-prd-central-element-323112,cefi-mr-20260429-184942-143.parquet,542,0,542,0,6
cefi,market-data-tick-cefi-prd-central-element-323112,cefi-mr-20260429-184942-147.parquet,540,0,540,0,6
cefi,market-data-tick-cefi-prd-central-element-323112,cefi-mr-20260429-184942-155.parquet,538,0,538,0,6
cefi,market-data-tick-cefi-prd-central-element-323112,cefi-mr-20260429-184942-76.parquet,536,0,536,0,6
cefi,market-data-tick-cefi-prd-central-element-323112,cefi-mr-20260429-184942-192.parquet,533,0,533,0,6
cefi,market-data-tick-cefi-prd-central-element-323112,cefi-mr-20260429-184942-296.parquet,526,0,526,0,6
cefi,market-data-tick-cefi-prd-central-element-323112,cefi-bitfinex-spot-2020-heavy-20260501-184122.parquet,518,0,518,0,6
tradfi,market-data-tick-tradfi-prd-central-element-323112,tradfi-bf-mes-2025-ohlcv-20260505-123900.parquet,518,0,518,0,6
cefi,market-data-tick-cefi-prd-central-element-323112,cefi-mr-20260429-184942-128.parquet,515,0,515,0,6
cefi,market-data-tick-cefi-prd-central-element-323112,cefi-mr-20260429-184942-132.parquet,515,0,515,0,6
cefi,market-data-tick-cefi-prd-central-element-323112,cefi-mr-20260429-184942-305.parquet,515,0,515,0,6
cefi,market-data-tick-cefi-prd-central-element-323112,cefi-mr-20260429-184942-61.parquet,515,0,515,0,6
tradfi,market-data-tick-tradfi-prd-central-element-323112,tradfi-bf-eth-2024-ohlcv-20260505-104543.parquet,512,0,512,0,6
cefi,market-data-tick-cefi-prd-central-element-323112,cefi-kraken-futures-2020-light-20260507-185707.parquet,509,0,509,0,7
tradfi,market-data-tick-tradfi-prd-central-element-323112,mtds-ohlcv-gapfill-mbt-late-20260505-231837.parquet,507,0,507,0,6
tradfi,market-data-tick-tradfi-prd-central-element-323112,tradfi-bf-mes-2020-ohlcv-20260505-123900.parquet,503,0,503,0,6
cefi,market-data-tick-cefi-prd-central-element-323112,cefi-coinbase-spot-2021-sol-usd--20260506-212742.parquet,502,0,502,0,6
cefi,instruments-store-cefi-prd-central-element-323112,cefi-instr-aster-20260504-183315.parquet,501,0,501,0,6
cefi,market-data-tick-cefi-prd-central-element-323112,cefi-mr-20260429-184942-171.parquet,499,0,499,0,6
tradfi,market-data-tick-tradfi-prd-central-element-323112,tradfi-bf-mes-2022-ohlcv-20260505-123900.parquet,497,0,497,0,6
cefi,instruments-store-cefi-prd-central-element-323112,cefi-instr-bitget-futures-20260504-183415.parquet,490,0,490,0,6
tradfi,market-data-tick-tradfi-prd-central-element-323112,tradfi-bf-btc-2024-ohlcv-20260505-104543.parquet,490,0,490,0,6
cefi,market-data-tick-cefi-prd-central-element-323112,cefi-kraken-futures-2022-light-20260507-185820.parquet,488,0,488,0,7
cefi,instruments-store-cefi-prd-central-element-323112,cefi-instr-bitget-spot-20260504-183429.parquet,486,0,486,0,6
cefi,market-data-tick-cefi-prd-central-element-323112,cefi-bitfinex-futures-2024-heavy-20260504-194310.parquet,484,0,484,0,6
tradfi,market-data-tick-tradfi-prd-central-element-323112,tradfi-bf-mes-2021-ohlcv-20260505-123900.parquet,482,0,482,0,6
cefi,market-data-tick-cefi-prd-central-element-323112,cefi-kraken-futures-2023-heavy-20260501-185315.parquet,481,0,481,0,6
cefi,market-data-tick-cefi-prd-central-element-323112,cefi-kraken-futures-2026-heavy-20260501-185505.parquet,481,0,481,0,6
cefi,market-data-tick-cefi-prd-central-element-323112,cefi-mr-20260429-184942-297.parquet,481,0,481,0,6
tradfi,market-data-tick-tradfi-prd-central-element-323112,tradfi-bf-btc-2023-ohlcv-20260505-104543.parquet,478,0,478,0,6
sports,instruments-store-sports-prd-central-element-323112,fs-backfill-20260504-183540.parquet,475,0,475,0,6
cefi,market-data-tick-cefi-prd-central-element-323112,cefi-kraken-futures-2026-heavy-20260504-145225.parquet,470,0,470,0,6
cefi,market-data-tick-cefi-prd-central-element-323112,cefi-mr-20260429-184942-195.parquet,466,0,466,0,6
cefi,market-data-tick-cefi-prd-central-element-323112,cefi-mr-20260429-184942-167.parquet,464,0,464,0,6
cefi,market-data-tick-cefi-prd-central-element-323112,cefi-kraken-futures-2021-light-20260507-185746.parquet,459,0,459,0,7
sports,instruments-store-sports-prd-central-element-323112,footystats-fwd-20260428-200156.parquet,457,0,457,0,6
cefi,market-data-tick-cefi-prd-central-element-323112,cefi-coinbase-spot-2022-doge-usd--20260506-212742.parquet,456,0,456,0,6
tradfi,market-data-tick-tradfi-prd-central-element-323112,tradfi-bf-eth-light-2025-20260430-032614.parquet,452,0,452,0,6
cefi,market-data-tick-cefi-prd-central-element-323112,cefi-kraken-futures-2023-heavy-20260506-175946.parquet,450,0,450,0,6
tradfi,market-data-tick-tradfi-prd-central-element-323112,tradfi-bf-eth-2023-ohlcv-20260505-104543.parquet,447,0,447,0,6
cefi,market-data-tick-cefi-prd-central-element-323112,cefi-bitfinex-futures-2020-heavy-20260504-194051.parquet,445,0,445,0,6
cefi,market-data-tick-cefi-prd-central-element-323112,cefi-bybit-2025-light-20260506-121357.parquet,444,0,444,0,6
cefi,market-data-tick-cefi-prd-central-element-323112,cefi-bybit-2026-light-20260506-121357.parquet,444,0,444,0,6
tradfi,market-data-tick-tradfi-prd-central-element-323112,mdps-tradfi-2025-20260507-135207.parquet,440,0,440,0,7
tradfi,market-data-tick-tradfi-prd-central-element-323112,tradfi-bf-btc-2025-ohlcv-20260505-104543.parquet,437,0,437,0,6
cefi,market-data-tick-cefi-prd-central-element-323112,cefi-coinbase-spot-2024-xrp-usd--20260506-212742.parquet,434,0,434,0,6
tradfi,market-data-tick-tradfi-prd-central-element-323112,tradfi-bf-etha-2024-20260505-085253.parquet,428,0,428,0,6
tradfi,market-data-tick-tradfi-prd-central-element-323112,tradfi-bf-ibit-2024-20260505-085252.parquet,428,0,428,0,6
cefi,market-data-tick-cefi-prd-central-element-323112,cefi-kraken-futures-2023-light-20260507-185852.parquet,427,0,427,0,7
tradfi,market-data-tick-tradfi-prd-central-element-323112,tradfi-bf-etha-light-2024-20260430-170303.parquet,427,0,427,0,6
cefi,market-data-tick-cefi-prd-central-element-323112,cefi-bitget-futures-2026-heavy-20260507-185414.parquet,425,0,425,0,7
cefi,market-data-tick-cefi-prd-central-element-323112,cefi-mr-20260429-112352-88.parquet,423,0,423,0,6
tradfi,market-data-tick-tradfi-prd-central-element-323112,tradfi-bf-ibit-light-2024-20260430-165404.parquet,423,0,423,0,6
cefi,market-data-tick-cefi-prd-central-element-323112,cefi-fwd-20260429-031023.parquet,422,0,422,0,6
cefi,market-data-tick-cefi-prd-central-element-323112,cefi-fwd-20260429-095443.parquet,422,0,422,0,6
cefi,market-data-tick-cefi-prd-central-element-323112,cefi-fwd-20260429-095445.parquet,422,0,422,0,6
cefi,market-data-tick-cefi-prd-central-element-323112,cefi-fwd-20260429-095447.parquet,422,0,422,0,6
cefi,market-data-tick-cefi-prd-central-element-323112,cefi-fwd-20260429-095449.parquet,422,0,422,0,6
cefi,market-data-tick-cefi-prd-central-element-323112,cefi-fwd-20260429-095451.parquet,422,0,422,0,6
tradfi,market-data-tick-tradfi-prd-central-element-323112,mtds-ohlcv-gapfill-met-20260505-231835.parquet,422,0,422,0,6
tradfi,market-data-tick-tradfi-prd-central-element-323112,tradfi-bf-btc-light-2025-20260430-032342.parquet,422,0,422,0,6
cefi,market-data-tick-cefi-prd-central-element-323112,cefi-kraken-futures-2024-light-20260507-185922.parquet,421,0,421,0,7
tradfi,market-data-tick-tradfi-prd-central-element-323112,tradfi-recent-ice-20260504-233149.parquet,420,0,420,0,6
cefi,market-data-tick-cefi-prd-central-element-323112,cefi-mr-20260429-112352-104.parquet,419,0,419,0,6
cefi,market-data-tick-cefi-prd-central-element-323112,cefi-mr-20260429-112352-140.parquet,419,0,419,0,6
cefi,market-data-tick-cefi-prd-central-element-323112,cefi-mr-20260429-112352-184.parquet,419,0,419,0,6
cefi,market-data-tick-cefi-prd-central-element-323112,cefi-mr-20260429-112352-187.parquet,419,0,419,0,6
cefi,market-data-tick-cefi-prd-central-element-323112,cefi-mr-20260429-112352-205.parquet,419,0,419,0,6
cefi,market-data-tick-cefi-prd-central-element-323112,cefi-mr-20260429-112352-208.parquet,419,0,419,0,6
cefi,market-data-tick-cefi-prd-central-element-323112,cefi-mr-20260429-112352-238.parquet,419,0,419,0,6
cefi,market-data-tick-cefi-prd-central-element-323112,cefi-mr-20260429-112352-241.parquet,419,0,419,0,6
cefi,market-data-tick-cefi-prd-central-element-323112,cefi-mr-20260429-112352-250.parquet,419,0,419,0,6
cefi,market-data-tick-cefi-prd-central-element-323112,cefi-mr-20260429-112352-252.parquet,419,0,419,0,6
cefi,market-data-tick-cefi-prd-central-element-323112,cefi-mr-20260429-112352-259.parquet,419,0,419,0,6
cefi,market-data-tick-cefi-prd-central-element-323112,cefi-mr-20260429-112352-273.parquet,419,0,419,0,6
cefi,market-data-tick-cefi-prd-central-element-323112,cefi-mr-20260429-112352-277.parquet,419,0,419,0,6
cefi,market-data-tick-cefi-prd-central-element-323112,cefi-mr-20260429-112352-280.parquet,419,0,419,0,6
cefi,market-data-tick-cefi-prd-central-element-323112,cefi-mr-20260429-112352-289.parquet,419,0,419,0,6
cefi,market-data-tick-cefi-prd-central-element-323112,cefi-mr-20260429-112352-291.parquet,419,0,419,0,6
cefi,market-data-tick-cefi-prd-central-element-323112,cefi-mr-20260429-112352-292.parquet,419,0,419,0,6
cefi,market-data-tick-cefi-prd-central-element-323112,cefi-mr-20260429-112352-316.parquet,419,0,419,0,6
cefi,market-data-tick-cefi-prd-central-element-323112,cefi-mr-20260429-112352-335.parquet,419,0,419,0,6
cefi,market-data-tick-cefi-prd-central-element-323112,cefi-mr-20260429-112352-36.parquet,419,0,419,0,6
cefi,market-data-tick-cefi-prd-central-element-323112,cefi-mr-20260429-112352-48.parquet,419,0,419,0,6
cefi,market-data-tick-cefi-prd-central-element-323112,cefi-mr-20260429-112352-55.parquet,419,0,419,0,6
cefi,market-data-tick-cefi-prd-central-element-323112,cefi-mr-20260429-112352-61.parquet,419,0,419,0,6
cefi,market-data-tick-cefi-prd-central-element-323112,cefi-mr-20260429-112352-70.parquet,419,0,419,0,6
cefi,market-data-tick-cefi-prd-central-element-323112,cefi-mr-20260429-112352-84.parquet,419,0,419,0,6
cefi,market-data-tick-cefi-prd-central-element-323112,cefi-mr-20260429-112352-85.parquet,419,0,419,0,6
cefi,market-data-tick-cefi-prd-central-element-323112,cefi-mr-20260429-112352-9.parquet,419,0,419,0,6
cefi,market-data-tick-cefi-prd-central-element-323112,cefi-mr-20260429-112352-90.parquet,419,0,419,0,6
cefi,market-data-tick-cefi-prd-central-element-323112,cefi-mr-20260429-112352-97.parquet,419,0,419,0,6
cefi,market-data-tick-cefi-prd-central-element-323112,cefi-mr-20260429-112352-103.parquet,418,0,418,0,6
cefi,market-data-tick-cefi-prd-central-element-323112,cefi-mr-20260429-112352-142.parquet,418,0,418,0,6
cefi,market-data-tick-cefi-prd-central-element-323112,cefi-mr-20260429-112352-166.parquet,418,0,418,0,6
cefi,market-data-tick-cefi-prd-central-element-323112,cefi-mr-20260429-112352-178.parquet,418,0,418,0,6
cefi,market-data-tick-cefi-prd-central-element-323112,cefi-mr-20260429-112352-196.parquet,418,0,418,0,6
cefi,market-data-tick-cefi-prd-central-element-323112,cefi-mr-20260429-112352-202.parquet,418,0,418,0,6
cefi,market-data-tick-cefi-prd-central-element-323112,cefi-mr-20260429-112352-220.parquet,418,0,418,0,6
cefi,market-data-tick-cefi-prd-central-element-323112,cefi-mr-20260429-112352-239.parquet,418,0,418,0,6
cefi,market-data-tick-cefi-prd-central-element-323112,cefi-mr-20260429-112352-46.parquet,418,0,418,0,6
cefi,market-data-tick-cefi-prd-central-element-323112,cefi-mr-20260429-112352-82.parquet,418,0,418,0,6
cefi,market-data-tick-cefi-prd-central-element-323112,cefi-mr-20260429-112352-1.parquet,417,0,417,0,6
cefi,market-data-tick-cefi-prd-central-element-323112,cefi-mr-20260429-112352-106.parquet,417,0,417,0,6
cefi,market-data-tick-cefi-prd-central-element-323112,cefi-mr-20260429-112352-112.parquet,417,0,417,0,6
cefi,market-data-tick-cefi-prd-central-element-323112,cefi-mr-20260429-112352-118.parquet,417,0,417,0,6
cefi,market-data-tick-cefi-prd-central-element-323112,cefi-mr-20260429-112352-12.parquet,417,0,417,0,6
cefi,market-data-tick-cefi-prd-central-element-323112,cefi-mr-20260429-112352-124.parquet,417,0,417,0,6
cefi,market-data-tick-cefi-prd-central-element-323112,cefi-mr-20260429-112352-13.parquet,417,0,417,0,6
cefi,market-data-tick-cefi-prd-central-element-323112,cefi-mr-20260429-112352-136.parquet,417,0,417,0,6
cefi,market-data-tick-cefi-prd-central-element-323112,cefi-mr-20260429-112352-148.parquet,417,0,417,0,6
cefi,market-data-tick-cefi-prd-central-element-323112,cefi-mr-20260429-112352-15.parquet,417,0,417,0,6
cefi,market-data-tick-cefi-prd-central-element-323112,cefi-mr-20260429-112352-154.parquet,417,0,417,0,6
cefi,market-data-tick-cefi-prd-central-element-323112,cefi-mr-20260429-112352-160.parquet,417,0,417,0,6
cefi,market-data-tick-cefi-prd-central-element-323112,cefi-mr-20260429-112352-172.parquet,417,0,417,0,6
cefi,market-data-tick-cefi-prd-central-element-323112,cefi-mr-20260429-112352-174.parquet,417,0,417,0,6
cefi,market-data-tick-cefi-prd-central-element-323112,cefi-mr-20260429-112352-180.parquet,417,0,417,0,6
cefi,market-data-tick-cefi-prd-central-element-323112,cefi-mr-20260429-112352-190.parquet,417,0,417,0,6
cefi,market-data-tick-cefi-prd-central-element-323112,cefi-mr-20260429-112352-191.parquet,417,0,417,0,6
cefi,market-data-tick-cefi-prd-central-element-323112,cefi-mr-20260429-112352-192.parquet,417,0,417,0,6
cefi,market-data-tick-cefi-prd-central-element-323112,cefi-mr-20260429-112352-232.parquet,417,0,417,0,6
cefi,market-data-tick-cefi-prd-central-element-323112,cefi-mr-20260429-112352-235.parquet,417,0,417,0,6
cefi,market-data-tick-cefi-prd-central-element-323112,cefi-mr-20260429-112352-24.parquet,417,0,417,0,6
cefi,market-data-tick-cefi-prd-central-element-323112,cefi-mr-20260429-112352-251.parquet,417,0,417,0,6
cefi,market-data-tick-cefi-prd-central-element-323112,cefi-mr-20260429-112352-253.parquet,417,0,417,0,6
cefi,market-data-tick-cefi-prd-central-element-323112,cefi-mr-20260429-112352-258.parquet,417,0,417,0,6
cefi,market-data-tick-cefi-prd-central-element-323112,cefi-mr-20260429-112352-262.parquet,417,0,417,0,6
cefi,market-data-tick-cefi-prd-central-element-323112,cefi-mr-20260429-112352-265.parquet,417,0,417,0,6
cefi,market-data-tick-cefi-prd-central-element-323112,cefi-mr-20260429-112352-274.parquet,417,0,417,0,6
cefi,market-data-tick-cefi-prd-central-element-323112,cefi-mr-20260429-112352-283.parquet,417,0,417,0,6
cefi,market-data-tick-cefi-prd-central-element-323112,cefi-mr-20260429-112352-33.parquet,417,0,417,0,6
cefi,market-data-tick-cefi-prd-central-element-323112,cefi-mr-20260429-112352-34.parquet,417,0,417,0,6
cefi,market-data-tick-cefi-prd-central-element-323112,cefi-mr-20260429-112352-37.parquet,417,0,417,0,6
cefi,market-data-tick-cefi-prd-central-element-323112,cefi-mr-20260429-112352-4.parquet,417,0,417,0,6
cefi,market-data-tick-cefi-prd-central-element-323112,cefi-mr-20260429-112352-40.parquet,417,0,417,0,6
cefi,market-data-tick-cefi-prd-central-element-323112,cefi-mr-20260429-112352-49.parquet,417,0,417,0,6
cefi,market-data-tick-cefi-prd-central-element-323112,cefi-mr-20260429-112352-52.parquet,417,0,417,0,6
cefi,market-data-tick-cefi-prd-central-element-323112,cefi-mr-20260429-112352-64.parquet,417,0,417,0,6
cefi,market-data-tick-cefi-prd-central-element-323112,cefi-mr-20260429-112352-76.parquet,417,0,417,0,6
cefi,market-data-tick-cefi-prd-central-element-323112,cefi-mr-20260429-112352-79.parquet,417,0,417,0,6
cefi,market-data-tick-cefi-prd-central-element-323112,cefi-mr-20260429-112352-87.parquet,417,0,417,0,6
cefi,market-data-tick-cefi-prd-central-element-323112,cefi-mr-20260429-112352-91.parquet,417,0,417,0,6
cefi,market-data-tick-cefi-prd-central-element-323112,cefi-mr-20260429-112352-109.parquet,416,0,416,0,6
cefi,market-data-tick-cefi-prd-central-element-323112,cefi-mr-20260429-112352-115.parquet,416,0,416,0,6
cefi,market-data-tick-cefi-prd-central-element-323112,cefi-mr-20260429-112352-127.parquet,416,0,416,0,6
cefi,market-data-tick-cefi-prd-central-element-323112,cefi-mr-20260429-112352-133.parquet,416,0,416,0,6
cefi,market-data-tick-cefi-prd-central-element-323112,cefi-mr-20260429-112352-145.parquet,416,0,416,0,6
cefi,market-data-tick-cefi-prd-central-element-323112,cefi-mr-20260429-112352-157.parquet,416,0,416,0,6
cefi,market-data-tick-cefi-prd-central-element-323112,cefi-mr-20260429-112352-16.parquet,416,0,416,0,6
cefi,market-data-tick-cefi-prd-central-element-323112,cefi-mr-20260429-112352-173.parquet,416,0,416,0,6
cefi,market-data-tick-cefi-prd-central-element-323112,cefi-mr-20260429-112352-175.parquet,416,0,416,0,6
cefi,market-data-tick-cefi-prd-central-element-323112,cefi-mr-20260429-112352-19.parquet,416,0,416,0,6
cefi,market-data-tick-cefi-prd-central-element-323112,cefi-mr-20260429-112352-217.parquet,416,0,416,0,6
cefi,market-data-tick-cefi-prd-central-element-323112,cefi-mr-20260429-112352-247.parquet,416,0,416,0,6
cefi,market-data-tick-cefi-prd-central-element-323112,cefi-mr-20260429-112352-25.parquet,416,0,416,0,6
cefi,market-data-tick-cefi-prd-central-element-323112,cefi-mr-20260429-112352-268.parquet,416,0,416,0,6
cefi,market-data-tick-cefi-prd-central-element-323112,cefi-mr-20260429-112352-27.parquet,416,0,416,0,6
cefi,market-data-tick-cefi-prd-central-element-323112,cefi-mr-20260429-112352-42.parquet,416,0,416,0,6
cefi,market-data-tick-cefi-prd-central-element-323112,cefi-mr-20260429-112352-73.parquet,416,0,416,0,6
cefi,market-data-tick-cefi-prd-central-element-323112,cefi-mr-20260429-112352-78.parquet,416,0,416,0,6
cefi,market-data-tick-cefi-prd-central-element-323112,cefi-mr-20260429-112352-100.parquet,415,0,415,0,6
cefi,market-data-tick-cefi-prd-central-element-323112,cefi-mr-20260429-112352-121.parquet,415,0,415,0,6
cefi,market-data-tick-cefi-prd-central-element-323112,cefi-mr-20260429-112352-214.parquet,415,0,415,0,6
cefi,market-data-tick-cefi-prd-central-element-323112,cefi-mr-20260429-112352-256.parquet,415,0,415,0,6
cefi,market-data-tick-cefi-prd-central-element-323112,cefi-mr-20260429-112352-294.parquet,415,0,415,0,6
cefi,market-data-tick-cefi-prd-central-element-323112,cefi-mr-20260429-112352-31.parquet,415,0,415,0,6
cefi,market-data-tick-cefi-prd-central-element-323112,cefi-mr-20260429-112352-58.parquet,415,0,415,0,6
tradfi,market-data-tick-tradfi-prd-central-element-323112,tradfi-bf-eth-2022-ohlcv-20260505-104543.parquet,415,0,415,0,6
cefi,market-data-tick-cefi-prd-central-element-323112,cefi-fwd-20260428-200706.parquet,414,0,414,0,6
cefi,market-data-tick-cefi-prd-central-element-323112,cefi-fwd-20260428-202851.parquet,414,0,414,0,6
cefi,market-data-tick-cefi-prd-central-element-323112,cefi-mr-20260429-112352-151.parquet,414,0,414,0,6
tradfi,market-data-tick-tradfi-prd-central-element-323112,tradfi-bf-eth-2025-ohlcv-20260505-104543.parquet,414,0,414,0,6
cefi,market-data-tick-cefi-prd-central-element-323112,cefi-mr-20260429-112352-28.parquet,413,0,413,0,6
cefi,market-data-tick-cefi-prd-central-element-323112,cefi-mr-20260429-112352-67.parquet,412,0,412,0,6
cefi,market-data-tick-cefi-prd-central-element-323112,cefi-mr-20260429-112352-72.parquet,412,0,412,0,6
tradfi,market-data-tick-tradfi-prd-central-element-323112,mtds-ohlcv-gapfill-met-late-20260505-231839.parquet,412,0,412,0,6
tradfi,market-data-tick-tradfi-prd-central-element-323112,tradfi-bf-eth-light-2022-20260430-032449.parquet,410,0,410,0,6
tradfi,market-data-tick-tradfi-prd-central-element-323112,tradfi-bf-btc-2022-ohlcv-20260505-104543.parquet,407,0,407,0,6
cefi,market-data-tick-cefi-prd-central-element-323112,cefi-mr-20260429-154202-267.parquet,405,0,405,0,6
cefi,market-data-tick-cefi-prd-central-element-323112,cefi-mr-20260429-124301-329.parquet,402,0,402,0,6
cefi,market-data-tick-cefi-prd-central-element-323112,cefi-mr-20260429-124301-290.parquet,401,0,401,0,6
tradfi,market-data-tick-tradfi-prd-central-element-323112,tradfi-bf-es-2026-20260505-085252.parquet,400,0,400,0,6
cefi,market-data-tick-cefi-prd-central-element-323112,cefi-mr-20260429-141334-315.parquet,399,0,399,0,6
cefi,market-data-tick-cefi-prd-central-element-323112,cefi-mr-20260429-141334-271.parquet,398,0,398,0,6
cefi,market-data-tick-cefi-prd-central-element-323112,cefi-bitfinex-futures-2025-heavy-20260504-194344.parquet,396,0,396,0,6
cefi,market-data-tick-cefi-prd-central-element-323112,cefi-bitget-spot-2024-heavy-20260507-185214.parquet,396,0,396,0,7
sports,instruments-store-sports-prd-central-element-323112,tm-backfill-20260505-084138.parquet,396,0,396,0,6
cefi,market-data-tick-cefi-prd-central-element-323112,cefi-mr-20260429-141334-273.parquet,395,0,395,0,6
cefi,market-data-tick-cefi-prd-central-element-323112,cefi-mr-20260429-141334-274.parquet,395,0,395,0,6
cefi,market-data-tick-cefi-prd-central-element-323112,cefi-mr-20260429-141334-278.parquet,395,0,395,0,6
cefi,market-data-tick-cefi-prd-central-element-323112,cefi-mr-20260429-141334-279.parquet,395,0,395,0,6
cefi,market-data-tick-cefi-prd-central-element-323112,cefi-mr-20260429-141334-305.parquet,395,0,395,0,6
cefi,market-data-tick-cefi-prd-central-element-323112,cefi-mr-20260429-154202-263.parquet,395,0,395,0,6
cefi,market-data-tick-cefi-prd-central-element-323112,cefi-mr-20260429-141334-298.parquet,394,0,394,0,6
cefi,market-data-tick-cefi-prd-central-element-323112,cefi-mr-20260429-141334-300.parquet,394,0,394,0,6
cefi,market-data-tick-cefi-prd-central-element-323112,cefi-mr-20260429-154202-260.parquet,394,0,394,0,6
cefi,market-data-tick-cefi-prd-central-element-323112,cefi-mr-20260429-154202-275.parquet,394,0,394,0,6
cefi,market-data-tick-cefi-prd-central-element-323112,cefi-mr-20260429-141334-270.parquet,393,0,393,0,6
cefi,market-data-tick-cefi-prd-central-element-323112,cefi-mr-20260429-154202-255.parquet,393,0,393,0,6
cefi,market-data-tick-cefi-prd-central-element-323112,cefi-mr-20260429-154202-257.parquet,393,0,393,0,6
cefi,market-data-tick-cefi-prd-central-element-323112,cefi-mr-20260429-154202-266.parquet,393,0,393,0,6
cefi,market-data-tick-cefi-prd-central-element-323112,cefi-mr-20260429-154202-276.parquet,393,0,393,0,6
cefi,market-data-tick-cefi-prd-central-element-323112,cefi-mr-20260429-141334-250.parquet,392,0,392,0,6
cefi,market-data-tick-cefi-prd-central-element-323112,cefi-mr-20260429-141334-258.parquet,392,0,392,0,6
cefi,market-data-tick-cefi-prd-central-element-323112,cefi-mr-20260429-154202-258.parquet,392,0,392,0,6
cefi,market-data-tick-cefi-prd-central-element-323112,cefi-mr-20260429-124301-324.parquet,391,0,391,0,6
tradfi,market-data-tick-tradfi-prd-central-element-323112,tradfi-bf-es-light-2026-20260430-032807.parquet,391,0,391,0,6
cefi,market-data-tick-cefi-prd-central-element-323112,cefi-mr-20260429-124301-254.parquet,390,0,390,0,6
cefi,market-data-tick-cefi-prd-central-element-323112,cefi-mr-20260429-124301-261.parquet,390,0,390,0,6
cefi,market-data-tick-cefi-prd-central-element-323112,cefi-mr-20260429-124301-292.parquet,390,0,390,0,6
cefi,market-data-tick-cefi-prd-central-element-323112,cefi-mr-20260429-124301-310.parquet,390,0,390,0,6
cefi,market-data-tick-cefi-prd-central-element-323112,cefi-mr-20260429-124301-311.parquet,390,0,390,0,6
cefi,market-data-tick-cefi-prd-central-element-323112,cefi-mr-20260429-124301-325.parquet,390,0,390,0,6
cefi,market-data-tick-cefi-prd-central-element-323112,cefi-mr-20260429-154202-270.parquet,390,0,390,0,6
cefi,market-data-tick-cefi-prd-central-element-323112,cefi-mr-20260429-154202-278.parquet,390,0,390,0,6
cefi,market-data-tick-cefi-prd-central-element-323112,cefi-mr-20260429-154202-304.parquet,390,0,390,0,6
cefi,market-data-tick-cefi-prd-central-element-323112,cefi-mr-20260429-154202-307.parquet,390,0,390,0,6
cefi,market-data-tick-cefi-prd-central-element-323112,cefi-mr-20260429-154202-309.parquet,390,0,390,0,6
cefi,market-data-tick-cefi-prd-central-element-323112,cefi-mr-20260429-154202-312.parquet,390,0,390,0,6
cefi,market-data-tick-cefi-prd-central-element-323112,cefi-mr-20260429-154202-315.parquet,390,0,390,0,6
cefi,market-data-tick-cefi-prd-central-element-323112,cefi-mr-20260429-154202-318.parquet,390,0,390,0,6
cefi,market-data-tick-cefi-prd-central-element-323112,cefi-mr-20260429-154202-324.parquet,390,0,390,0,6
cefi,market-data-tick-cefi-prd-central-element-323112,cefi-mr-20260429-124301-250.parquet,389,0,389,0,6
cefi,market-data-tick-cefi-prd-central-element-323112,cefi-mr-20260429-124301-280.parquet,389,0,389,0,6
cefi,market-data-tick-cefi-prd-central-element-323112,cefi-mr-20260429-124301-287.parquet,389,0,389,0,6
cefi,market-data-tick-cefi-prd-central-element-323112,cefi-mr-20260429-124301-297.parquet,389,0,389,0,6
cefi,market-data-tick-cefi-prd-central-element-323112,cefi-mr-20260429-124301-320.parquet,389,0,389,0,6
cefi,market-data-tick-cefi-prd-central-element-323112,cefi-mr-20260429-124301-326.parquet,389,0,389,0,6
cefi,market-data-tick-cefi-prd-central-element-323112,cefi-mr-20260429-141334-323.parquet,389,0,389,0,6
cefi,market-data-tick-cefi-prd-central-element-323112,cefi-mr-20260429-154202-306.parquet,389,0,389,0,6
cefi,market-data-tick-cefi-prd-central-element-323112,cefi-mr-20260429-154202-310.parquet,389,0,389,0,6
cefi,market-data-tick-cefi-prd-central-element-323112,cefi-kraken-spot-2023-heavy-20260507-185550.parquet,388,0,388,0,7
cefi,market-data-tick-cefi-prd-central-element-323112,cefi-mr-20260429-124301-259.parquet,388,0,388,0,6
cefi,market-data-tick-cefi-prd-central-element-323112,cefi-mr-20260429-124301-260.parquet,388,0,388,0,6
cefi,market-data-tick-cefi-prd-central-element-323112,cefi-mr-20260429-124301-264.parquet,388,0,388,0,6
cefi,market-data-tick-cefi-prd-central-element-323112,cefi-mr-20260429-124301-265.parquet,388,0,388,0,6
cefi,market-data-tick-cefi-prd-central-element-323112,cefi-mr-20260429-124301-282.parquet,388,0,388,0,6
cefi,market-data-tick-cefi-prd-central-element-323112,cefi-mr-20260429-124301-284.parquet,388,0,388,0,6
cefi,market-data-tick-cefi-prd-central-element-323112,cefi-mr-20260429-124301-300.parquet,388,0,388,0,6
cefi,market-data-tick-cefi-prd-central-element-323112,cefi-mr-20260429-141334-259.parquet,388,0,388,0,6
cefi,market-data-tick-cefi-prd-central-element-323112,cefi-mr-20260429-141334-265.parquet,388,0,388,0,6
cefi,market-data-tick-cefi-prd-central-element-323112,cefi-mr-20260429-141334-297.parquet,388,0,388,0,6
cefi,market-data-tick-cefi-prd-central-element-323112,cefi-mr-20260429-154202-291.parquet,388,0,388,0,6
cefi,market-data-tick-cefi-prd-central-element-323112,cefi-mr-20260429-154202-294.parquet,388,0,388,0,6
cefi,market-data-tick-cefi-prd-central-element-323112,cefi-mr-20260429-154202-303.parquet,388,0,388,0,6
cefi,market-data-tick-cefi-prd-central-element-323112,cefi-mr-20260429-154202-308.parquet,388,0,388,0,6
cefi,market-data-tick-cefi-prd-central-element-323112,cefi-mr-20260429-154202-320.parquet,388,0,388,0,6
cefi,market-data-tick-cefi-prd-central-element-323112,cefi-mr-20260429-124301-283.parquet,387,0,387,0,6
cefi,market-data-tick-cefi-prd-central-element-323112,cefi-mr-20260429-124301-308.parquet,387,0,387,0,6
cefi,market-data-tick-cefi-prd-central-element-323112,cefi-mr-20260429-141334-291.parquet,387,0,387,0,6
cefi,market-data-tick-cefi-prd-central-element-323112,cefi-bitfinex-spot-2021-heavy-20260501-184137.parquet,385,0,385,0,6
tradfi,market-data-tick-tradfi-prd-central-element-323112,tradfi-bf-btc-2026-20260505-085252.parquet,384,0,384,0,6
tradfi,market-data-tick-tradfi-prd-central-element-323112,tradfi-bf-eth-2026-20260505-085252.parquet,383,0,383,0,6
tradfi,market-data-tick-tradfi-prd-central-element-323112,mdps-tradfi-2020-20260506-005356.parquet,380,0,380,0,6
tradfi,market-data-tick-tradfi-prd-central-element-323112,tradfi-bf-btc-light-2022-20260430-032218.parquet,380,0,380,0,6
tradfi,market-data-tick-tradfi-prd-central-element-323112,tradfi-bf-mes-2026-20260505-123352.parquet,378,0,378,0,6
cefi,market-data-tick-cefi-prd-central-element-323112,cefi-bitfinex-spot-2023-heavy-20260507-184658.parquet,375,0,375,0,7
cefi,market-data-tick-cefi-prd-central-element-323112,cefi-mr-20260429-141334-234.parquet,371,0,371,0,6
cefi,market-data-tick-cefi-prd-central-element-323112,cefi-kraken-futures-2025-heavy-20260501-185431.parquet,370,0,370,0,6
cefi,market-data-tick-cefi-prd-central-element-323112,cefi-kraken-futures-2025-light-20260507-185955.parquet,369,0,369,0,7
cefi,market-data-tick-cefi-prd-central-element-323112,cefi-bitfinex-futures-2021-heavy-20260504-165807.parquet,366,0,366,0,6
tradfi,instruments-store-tradfi-prd-central-element-323112,tradfi-instr-ice-2024-20260504-231617.parquet,366,0,366,0,6
tradfi,instruments-store-tradfi-prd-central-element-323112,tradfi-instr-nasdaq-2024-20260504-231617.parquet,366,0,366,0,6
tradfi,instruments-store-tradfi-prd-central-element-323112,tradfi-instr-nyse-2024-20260504-231617.parquet,366,0,366,0,6
cefi,instruments-store-cefi-prd-central-element-323112,local_bitfinex_futures_20220101_20221231_6fe422.parquet,365,0,365,0,6
cefi,instruments-store-cefi-prd-central-element-323112,local_bitfinex_futures_20230101_20231231_ef4f66.parquet,365,0,365,0,6
cefi,instruments-store-cefi-prd-central-element-323112,local_bitfinex_futures_20240101_20241231_7b6aaa.parquet,365,0,365,0,6
cefi,instruments-store-cefi-prd-central-element-323112,local_bitfinex_futures_20250101_20251231_c4aa18.parquet,365,0,365,0,6
cefi,market-data-tick-cefi-prd-central-element-323112,cefi-mr-20260429-154202-202.parquet,365,0,365,0,6
cefi,market-data-tick-cefi-prd-central-element-323112,cefi-mr-20260429-154202-203.parquet,365,0,365,0,6
cefi,market-data-tick-cefi-prd-central-element-323112,cefi-mr-20260429-154202-205.parquet,365,0,365,0,6
cefi,market-data-tick-cefi-prd-central-element-323112,cefi-mr-20260429-154202-209.parquet,365,0,365,0,6
cefi,market-data-tick-cefi-prd-central-element-323112,cefi-mr-20260429-154202-212.parquet,365,0,365,0,6
cefi,market-data-tick-cefi-prd-central-element-323112,cefi-mr-20260429-154202-214.parquet,365,0,365,0,6
cefi,market-data-tick-cefi-prd-central-element-323112,cefi-mr-20260429-154202-216.parquet,365,0,365,0,6
tradfi,instruments-store-tradfi-prd-central-element-323112,tradfi-instr-ice-2023-20260504-231617.parquet,365,0,365,0,6
tradfi,instruments-store-tradfi-prd-central-element-323112,tradfi-instr-ice-2025-20260504-231617.parquet,365,0,365,0,6
tradfi,instruments-store-tradfi-prd-central-element-323112,tradfi-instr-nasdaq-2025-20260504-231617.parquet,365,0,365,0,6
tradfi,instruments-store-tradfi-prd-central-element-323112,tradfi-instr-nyse-2025-20260504-231617.parquet,365,0,365,0,6
tradfi,market-data-tick-tradfi-prd-central-element-323112,tradfi-bf-etha-2025-20260505-085253.parquet,365,0,365,0,6
tradfi,market-data-tick-tradfi-prd-central-element-323112,tradfi-bf-ibit-2025-20260505-085252.parquet,365,0,365,0,6
cefi,market-data-tick-cefi-prd-central-element-323112,cefi-mr-20260429-141334-202.parquet,364,0,364,0,6
cefi,market-data-tick-cefi-prd-central-element-323112,cefi-mr-20260429-141334-205.parquet,364,0,364,0,6
cefi,market-data-tick-cefi-prd-central-element-323112,cefi-mr-20260429-141334-210.parquet,364,0,364,0,6
cefi,market-data-tick-cefi-prd-central-element-323112,cefi-mr-20260429-141334-214.parquet,364,0,364,0,6
cefi,market-data-tick-cefi-prd-central-element-323112,cefi-bitfinex-spot-2024-heavy-20260501-184225.parquet,363,0,363,0,6
cefi,market-data-tick-cefi-prd-central-element-323112,cefi-bitfinex-spot-2026-heavy-20260501-184253.parquet,363,0,363,0,6
cefi,market-data-tick-cefi-prd-central-element-323112,cefi-mr-20260429-141334-201.parquet,363,0,363,0,6
tradfi,market-data-tick-tradfi-prd-central-element-323112,tradfi-bf-etha-light-2025-20260430-170316.parquet,363,0,363,0,6
cefi,instruments-store-cefi-prd-central-element-323112,local_bitfinex_futures_20210101_20211231_be03ca.parquet,362,0,362,0,6
cefi,market-data-tick-cefi-prd-central-element-323112,cefi-deribit-2025-heavy-155627.parquet,362,0,362,0,6
cefi,market-data-tick-cefi-prd-central-element-323112,cefi-mr-20260429-141334-229.parquet,362,0,362,0,6
tradfi,market-data-tick-tradfi-prd-central-element-323112,tradfi-bf-ibit-light-2025-20260430-170236.parquet,362,0,362,0,6
cefi,market-data-tick-cefi-prd-central-element-323112,cefi-mr-20260429-154202-218.parquet,361,0,361,0,6
cefi,market-data-tick-cefi-prd-central-element-323112,cefi-mr-20260429-154202-225.parquet,361,0,361,0,6
cefi,market-data-tick-cefi-prd-central-element-323112,cefi-mr-20260429-154202-237.parquet,360,0,360,0,6
cefi,market-data-tick-cefi-prd-central-element-323112,cefi-mr-20260429-154202-239.parquet,360,0,360,0,6
cefi,market-data-tick-cefi-prd-central-element-323112,cefi-mr-20260429-154202-64.parquet,359,0,359,0,6
cefi,market-data-tick-cefi-prd-central-element-323112,cefi-mr-20260429-124301-234.parquet,358,0,358,0,6
cefi,market-data-tick-cefi-prd-central-element-323112,cefi-mr-20260429-141334-63.parquet,358,0,358,0,6
cefi,market-data-tick-cefi-prd-central-element-323112,cefi-mr-20260429-154202-73.parquet,358,0,358,0,6
cefi,market-data-tick-cefi-prd-central-element-323112,cefi-mr-20260429-124301-202.parquet,357,0,357,0,6
cefi,market-data-tick-cefi-prd-central-element-323112,cefi-mr-20260429-124301-203.parquet,357,0,357,0,6
cefi,market-data-tick-cefi-prd-central-element-323112,cefi-mr-20260429-124301-204.parquet,357,0,357,0,6
cefi,market-data-tick-cefi-prd-central-element-323112,cefi-mr-20260429-124301-205.parquet,357,0,357,0,6
cefi,market-data-tick-cefi-prd-central-element-323112,cefi-mr-20260429-124301-206.parquet,357,0,357,0,6
cefi,market-data-tick-cefi-prd-central-element-323112,cefi-mr-20260429-124301-210.parquet,357,0,357,0,6
cefi,market-data-tick-cefi-prd-central-element-323112,cefi-mr-20260429-124301-212.parquet,357,0,357,0,6
cefi,market-data-tick-cefi-prd-central-element-323112,cefi-mr-20260429-124301-213.parquet,357,0,357,0,6
cefi,market-data-tick-cefi-prd-central-element-323112,cefi-mr-20260429-124301-214.parquet,357,0,357,0,6
cefi,market-data-tick-cefi-prd-central-element-323112,cefi-mr-20260429-124301-215.parquet,357,0,357,0,6
cefi,market-data-tick-cefi-prd-central-element-323112,cefi-mr-20260429-124301-217.parquet,357,0,357,0,6
cefi,market-data-tick-cefi-prd-central-element-323112,cefi-mr-20260429-124301-218.parquet,357,0,357,0,6
cefi,market-data-tick-cefi-prd-central-element-323112,cefi-mr-20260429-124301-224.parquet,357,0,357,0,6
cefi,market-data-tick-cefi-prd-central-element-323112,cefi-mr-20260429-124301-226.parquet,357,0,357,0,6
cefi,market-data-tick-cefi-prd-central-element-323112,cefi-mr-20260429-124301-228.parquet,357,0,357,0,6
cefi,market-data-tick-cefi-prd-central-element-323112,cefi-mr-20260429-124301-233.parquet,357,0,357,0,6
cefi,market-data-tick-cefi-prd-central-element-323112,cefi-mr-20260429-124301-239.parquet,357,0,357,0,6
cefi,market-data-tick-cefi-prd-central-element-323112,cefi-mr-20260429-124301-241.parquet,357,0,357,0,6
cefi,market-data-tick-cefi-prd-central-element-323112,cefi-mr-20260429-154202-74.parquet,356,0,356,0,6
cefi,market-data-tick-cefi-prd-central-element-323112,cefi-mr-20260429-154202-85.parquet,354,0,354,0,6
cefi,market-data-tick-cefi-prd-central-element-323112,cefi-mr-20260429-141334-88.parquet,353,0,353,0,6
cefi,market-data-tick-cefi-prd-central-element-323112,cefi-mr-20260429-154202-100.parquet,353,0,353,0,6
cefi,market-data-tick-cefi-prd-central-element-323112,cefi-mr-20260429-154202-103.parquet,353,0,353,0,6
cefi,market-data-tick-cefi-prd-central-element-323112,cefi-mr-20260429-154202-133.parquet,353,0,353,0,6
cefi,market-data-tick-cefi-prd-central-element-323112,cefi-mr-20260429-154202-79.parquet,353,0,353,0,6
cefi,market-data-tick-cefi-prd-central-element-323112,cefi-bitfinex-futures-2020-light-20260507-184823.parquet,352,0,352,0,7
cefi,market-data-tick-cefi-prd-central-element-323112,cefi-mr-20260429-141334-100.parquet,352,0,352,0,6
cefi,market-data-tick-cefi-prd-central-element-323112,cefi-mr-20260429-141334-103.parquet,352,0,352,0,6
cefi,market-data-tick-cefi-prd-central-element-323112,cefi-mr-20260429-141334-106.parquet,352,0,352,0,6
cefi,market-data-tick-cefi-prd-central-element-323112,cefi-mr-20260429-141334-110.parquet,352,0,352,0,6
cefi,market-data-tick-cefi-prd-central-element-323112,cefi-mr-20260429-141334-79.parquet,352,0,352,0,6
cefi,market-data-tick-cefi-prd-central-element-323112,cefi-mr-20260429-154202-106.parquet,352,0,352,0,6
cefi,market-data-tick-cefi-prd-central-element-323112,cefi-mr-20260429-154202-93.parquet,352,0,352,0,6
cefi,market-data-tick-cefi-prd-central-element-323112,cefi-mr-20260429-124301-64.parquet,351,0,351,0,6
cefi,market-data-tick-cefi-prd-central-element-323112,cefi-mr-20260429-124301-69.parquet,350,0,350,0,6
tradfi,market-data-tick-tradfi-prd-central-element-323112,mdps-tradfi-2020-20260506-125828.parquet,350,0,350,0,6
cefi,market-data-tick-cefi-prd-central-element-323112,cefi-mr-20260429-154202-112.parquet,349,0,349,0,6
cefi,market-data-tick-cefi-prd-central-element-323112,cefi-mr-20260429-154202-118.parquet,349,0,349,0,6
cefi,market-data-tick-cefi-prd-central-element-323112,cefi-mr-20260429-124301-109.parquet,348,0,348,0,6
cefi,market-data-tick-cefi-prd-central-element-323112,cefi-mr-20260429-124301-110.parquet,348,0,348,0,6
cefi,market-data-tick-cefi-prd-central-element-323112,cefi-mr-20260429-141334-112.parquet,348,0,348,0,6
cefi,market-data-tick-cefi-prd-central-element-323112,cefi-mr-20260429-141334-115.parquet,348,0,348,0,6
cefi,market-data-tick-cefi-prd-central-element-323112,cefi-mr-20260429-141334-118.parquet,348,0,348,0,6
cefi,market-data-tick-cefi-prd-central-element-323112,cefi-mr-20260429-124301-97.parquet,347,0,347,0,6
cefi,market-data-tick-cefi-prd-central-element-323112,cefi-mr-20260429-141334-121.parquet,347,0,347,0,6
cefi,market-data-tick-cefi-prd-central-element-323112,cefi-mr-20260429-141334-131.parquet,347,0,347,0,6
cefi,market-data-tick-cefi-prd-central-element-323112,cefi-mr-20260429-141334-132.parquet,347,0,347,0,6
cefi,market-data-tick-cefi-prd-central-element-323112,cefi-mr-20260429-141334-136.parquet,347,0,347,0,6
cefi,market-data-tick-cefi-prd-central-element-323112,cefi-mr-20260429-141334-140.parquet,347,0,347,0,6
cefi,market-data-tick-cefi-prd-central-element-323112,cefi-mr-20260429-154202-121.parquet,347,0,347,0,6
cefi,market-data-tick-cefi-prd-central-element-323112,cefi-mr-20260429-154202-127.parquet,347,0,347,0,6
cefi,market-data-tick-cefi-prd-central-element-323112,cefi-mr-20260429-141334-127.parquet,346,0,346,0,6
cefi,market-data-tick-cefi-prd-central-element-323112,cefi-mr-20260429-154202-131.parquet,346,0,346,0,6
cefi,market-data-tick-cefi-prd-central-element-323112,cefi-mr-20260429-141334-124.parquet,345,0,345,0,6
cefi,market-data-tick-cefi-prd-central-element-323112,cefi-mr-20260429-141334-130.parquet,345,0,345,0,6
cefi,market-data-tick-cefi-prd-central-element-323112,cefi-mr-20260429-141334-133.parquet,345,0,345,0,6
cefi,market-data-tick-cefi-prd-central-element-323112,cefi-mr-20260429-154202-140.parquet,345,0,345,0,6
cefi,market-data-tick-cefi-prd-central-element-323112,cefi-mr-20260429-154202-178.parquet,345,0,345,0,6
cefi,market-data-tick-cefi-prd-central-element-323112,cefi-mr-20260429-154202-179.parquet,345,0,345,0,6
cefi,market-data-tick-cefi-prd-central-element-323112,cefi-mr-20260429-154202-183.parquet,345,0,345,0,6
cefi,market-data-tick-cefi-prd-central-element-323112,cefi-mr-20260429-154202-172.parquet,344,0,344,0,6
cefi,market-data-tick-cefi-prd-central-element-323112,cefi-mr-20260429-154202-181.parquet,344,0,344,0,6
cefi,market-data-tick-cefi-prd-central-element-323112,cefi-mr-20260429-154202-182.parquet,344,0,344,0,6
cefi,market-data-tick-cefi-prd-central-element-323112,cefi-mr-20260429-124301-129.parquet,343,0,343,0,6
cefi,market-data-tick-cefi-prd-central-element-323112,cefi-mr-20260429-124301-130.parquet,343,0,343,0,6
cefi,market-data-tick-cefi-prd-central-element-323112,cefi-mr-20260429-124301-133.parquet,343,0,343,0,6
cefi,market-data-tick-cefi-prd-central-element-323112,cefi-mr-20260429-141334-144.parquet,343,0,343,0,6
cefi,market-data-tick-cefi-prd-central-element-323112,cefi-mr-20260429-141334-175.parquet,343,0,343,0,6
cefi,market-data-tick-cefi-prd-central-element-323112,cefi-mr-20260429-141334-181.parquet,343,0,343,0,6
cefi,market-data-tick-cefi-prd-central-element-323112,cefi-mr-20260429-141334-182.parquet,343,0,343,0,6
cefi,market-data-tick-cefi-prd-central-element-323112,cefi-mr-20260429-154202-115.parquet,343,0,343,0,6
cefi,market-data-tick-cefi-prd-central-element-323112,cefi-mr-20260429-154202-175.parquet,343,0,343,0,6
cefi,market-data-tick-cefi-prd-central-element-323112,cefi-mr-20260429-154202-184.parquet,343,0,343,0,6
cefi,market-data-tick-cefi-prd-central-element-323112,cefi-mr-20260429-154202-185.parquet,343,0,343,0,6
cefi,market-data-tick-cefi-prd-central-element-323112,cefi-mr-20260429-154202-187.parquet,343,0,343,0,6
cefi,market-data-tick-cefi-prd-central-element-323112,cefi-mr-20260429-154202-188.parquet,343,0,343,0,6
cefi,market-data-tick-cefi-prd-central-element-323112,cefi-mr-20260429-154202-190.parquet,343,0,343,0,6
cefi,market-data-tick-cefi-prd-central-element-323112,cefi-mr-20260429-124301-139.parquet,342,0,342,0,6
cefi,market-data-tick-cefi-prd-central-element-323112,cefi-mr-20260429-141334-129.parquet,342,0,342,0,6
cefi,market-data-tick-cefi-prd-central-element-323112,cefi-mr-20260429-141334-172.parquet,342,0,342,0,6
cefi,market-data-tick-cefi-prd-central-element-323112,cefi-mr-20260429-141334-178.parquet,342,0,342,0,6
cefi,market-data-tick-cefi-prd-central-element-323112,cefi-mr-20260429-141334-184.parquet,342,0,342,0,6
cefi,market-data-tick-cefi-prd-central-element-323112,cefi-mr-20260429-154202-130.parquet,342,0,342,0,6
cefi,market-data-tick-cefi-prd-central-element-323112,cefi-mr-20260429-154202-136.parquet,342,0,342,0,6
cefi,market-data-tick-cefi-prd-central-element-323112,cefi-mr-20260429-154202-152.parquet,342,0,342,0,6
cefi,market-data-tick-cefi-prd-central-element-323112,cefi-mr-20260429-154202-154.parquet,342,0,342,0,6
cefi,market-data-tick-cefi-prd-central-element-323112,cefi-mr-20260429-154202-160.parquet,342,0,342,0,6
cefi,market-data-tick-cefi-prd-central-element-323112,cefi-mr-20260429-154202-161.parquet,342,0,342,0,6
cefi,market-data-tick-cefi-prd-central-element-323112,cefi-mr-20260429-154202-166.parquet,342,0,342,0,6
cefi,market-data-tick-cefi-prd-central-element-323112,cefi-mr-20260429-154202-180.parquet,342,0,342,0,6
cefi,market-data-tick-cefi-prd-central-element-323112,cefi-mr-20260429-154202-191.parquet,342,0,342,0,6
cefi,market-data-tick-cefi-prd-central-element-323112,cefi-mr-20260429-154202-193.parquet,342,0,342,0,6
cefi,market-data-tick-cefi-prd-central-element-323112,cefi-mr-20260429-154202-194.parquet,342,0,342,0,6
cefi,market-data-tick-cefi-prd-central-element-323112,cefi-mr-20260429-154202-196.parquet,342,0,342,0,6
cefi,market-data-tick-cefi-prd-central-element-323112,cefi-mr-20260429-154202-198.parquet,342,0,342,0,6
cefi,market-data-tick-cefi-prd-central-element-323112,cefi-mr-20260429-154202-199.parquet,342,0,342,0,6
cefi,market-data-tick-cefi-prd-central-element-323112,cefi-mr-20260429-124301-124.parquet,341,0,341,0,6
cefi,market-data-tick-cefi-prd-central-element-323112,cefi-mr-20260429-124301-145.parquet,341,0,341,0,6
cefi,market-data-tick-cefi-prd-central-element-323112,cefi-mr-20260429-141334-142.parquet,341,0,341,0,6
cefi,market-data-tick-cefi-prd-central-element-323112,cefi-mr-20260429-141334-154.parquet,341,0,341,0,6
cefi,market-data-tick-cefi-prd-central-element-323112,cefi-mr-20260429-141334-169.parquet,341,0,341,0,6
cefi,market-data-tick-cefi-prd-central-element-323112,cefi-mr-20260429-141334-187.parquet,341,0,341,0,6
cefi,market-data-tick-cefi-prd-central-element-323112,cefi-mr-20260429-141334-188.parquet,341,0,341,0,6
cefi,market-data-tick-cefi-prd-central-element-323112,cefi-mr-20260429-141334-190.parquet,341,0,341,0,6
cefi,market-data-tick-cefi-prd-central-element-323112,cefi-mr-20260429-141334-193.parquet,341,0,341,0,6
cefi,market-data-tick-cefi-prd-central-element-323112,cefi-mr-20260429-141334-199.parquet,341,0,341,0,6
cefi,market-data-tick-cefi-prd-central-element-323112,cefi-mr-20260429-154202-124.parquet,341,0,341,0,6
cefi,market-data-tick-cefi-prd-central-element-323112,cefi-mr-20260429-154202-149.parquet,341,0,341,0,6
cefi,market-data-tick-cefi-prd-central-element-323112,cefi-mr-20260429-154202-156.parquet,341,0,341,0,6
cefi,market-data-tick-cefi-prd-central-element-323112,cefi-mr-20260429-141334-135.parquet,340,0,340,0,6
cefi,market-data-tick-cefi-prd-central-element-323112,cefi-mr-20260429-141334-139.parquet,340,0,340,0,6
cefi,market-data-tick-cefi-prd-central-element-323112,cefi-mr-20260429-141334-151.parquet,340,0,340,0,6
cefi,market-data-tick-cefi-prd-central-element-323112,cefi-mr-20260429-141334-153.parquet,340,0,340,0,6
cefi,market-data-tick-cefi-prd-central-element-323112,cefi-mr-20260429-141334-166.parquet,340,0,340,0,6
cefi,market-data-tick-cefi-prd-central-element-323112,cefi-mr-20260429-154202-155.parquet,340,0,340,0,6
cefi,market-data-tick-cefi-prd-central-element-323112,cefi-mr-20260429-154202-157.parquet,340,0,340,0,6
cefi,market-data-tick-cefi-prd-central-element-323112,cefi-mr-20260429-154202-163.parquet,340,0,340,0,6
cefi,market-data-tick-cefi-prd-central-element-323112,cefi-mr-20260429-141334-145.parquet,339,0,339,0,6
cefi,market-data-tick-cefi-prd-central-element-323112,cefi-mr-20260429-141334-160.parquet,339,0,339,0,6
cefi,market-data-tick-cefi-prd-central-element-323112,cefi-mr-20260429-141334-162.parquet,339,0,339,0,6
cefi,market-data-tick-cefi-prd-central-element-323112,cefi-mr-20260429-154202-142.parquet,339,0,339,0,6
cefi,market-data-tick-cefi-prd-central-element-323112,cefi-mr-20260429-154202-169.parquet,339,0,339,0,6
cefi,market-data-tick-cefi-prd-central-element-323112,cefi-mr-20260429-124301-151.parquet,338,0,338,0,6
cefi,market-data-tick-cefi-prd-central-element-323112,cefi-mr-20260429-124301-157.parquet,338,0,338,0,6
cefi,market-data-tick-cefi-prd-central-element-323112,cefi-mr-20260429-141334-165.parquet,338,0,338,0,6
cefi,market-data-tick-cefi-prd-central-element-323112,cefi-mr-20260429-154202-151.parquet,338,0,338,0,6
cefi,market-data-tick-cefi-prd-central-element-323112,cefi-mr-20260429-154202-197.parquet,338,0,338,0,6
cefi,market-data-tick-cefi-prd-central-element-323112,cefi-mr-20260429-124301-172.parquet,335,0,335,0,6
cefi,market-data-tick-cefi-prd-central-element-323112,cefi-mr-20260429-124301-176.parquet,335,0,335,0,6
cefi,market-data-tick-cefi-prd-central-element-323112,cefi-mr-20260429-124301-178.parquet,335,0,335,0,6
cefi,market-data-tick-cefi-prd-central-element-323112,cefi-mr-20260429-124301-179.parquet,335,0,335,0,6
cefi,market-data-tick-cefi-prd-central-element-323112,cefi-mr-20260429-124301-182.parquet,335,0,335,0,6
cefi,market-data-tick-cefi-prd-central-element-323112,cefi-mr-20260429-124301-184.parquet,335,0,335,0,6
cefi,market-data-tick-cefi-prd-central-element-323112,cefi-mr-20260429-124301-185.parquet,335,0,335,0,6
cefi,market-data-tick-cefi-prd-central-element-323112,cefi-mr-20260429-141334-163.parquet,335,0,335,0,6
cefi,market-data-tick-cefi-prd-central-element-323112,cefi-mr-20260429-124301-174.parquet,334,0,334,0,6
cefi,market-data-tick-cefi-prd-central-element-323112,cefi-mr-20260429-124301-187.parquet,334,0,334,0,6
cefi,market-data-tick-cefi-prd-central-element-323112,cefi-mr-20260429-124301-188.parquet,334,0,334,0,6
cefi,market-data-tick-cefi-prd-central-element-323112,cefi-mr-20260429-124301-189.parquet,334,0,334,0,6
cefi,market-data-tick-cefi-prd-central-element-323112,cefi-mr-20260429-124301-190.parquet,334,0,334,0,6
cefi,market-data-tick-cefi-prd-central-element-323112,cefi-mr-20260429-124301-191.parquet,334,0,334,0,6
cefi,market-data-tick-cefi-prd-central-element-323112,cefi-mr-20260429-124301-193.parquet,334,0,334,0,6
cefi,market-data-tick-cefi-prd-central-element-323112,cefi-mr-20260429-124301-196.parquet,334,0,334,0,6
cefi,market-data-tick-cefi-prd-central-element-323112,cefi-mr-20260429-124301-199.parquet,334,0,334,0,6
cefi,market-data-tick-cefi-prd-central-element-323112,cefi-mr-20260429-184942-164.parquet,333,0,333,0,6
tradfi,market-data-tick-tradfi-prd-central-element-323112,mdps-tradfi-2021-20260506-005356.parquet,333,0,333,0,6
tradfi,instruments-store-tradfi-prd-central-element-323112,tradfi-instr-ice-2022-20260504-231617.parquet,330,0,330,0,6
cefi,market-data-tick-cefi-prd-central-element-323112,cefi-bitfinex-futures-2020-heavy-20260507-194951.parquet,329,0,329,0,7
cefi,market-data-tick-cefi-prd-central-element-323112,cefi-bitfinex-spot-2025-heavy-20260504-144741.parquet,324,0,324,0,6
cefi,market-data-tick-cefi-prd-central-element-323112,cefi-mr-20260429-141334-15.parquet,318,0,318,0,6
cefi,market-data-tick-cefi-prd-central-element-323112,cefi-mr-20260429-141334-20.parquet,318,0,318,0,6
cefi,market-data-tick-cefi-prd-central-element-323112,cefi-mr-20260429-141334-22.parquet,318,0,318,0,6
cefi,market-data-tick-cefi-prd-central-element-323112,cefi-mr-20260429-141334-23.parquet,318,0,318,0,6
cefi,market-data-tick-cefi-prd-central-element-323112,cefi-mr-20260429-141334-27.parquet,318,0,318,0,6
cefi,market-data-tick-cefi-prd-central-element-323112,cefi-mr-20260429-141334-28.parquet,318,0,318,0,6
cefi,market-data-tick-cefi-prd-central-element-323112,cefi-mr-20260429-141334-3.parquet,318,0,318,0,6
cefi,market-data-tick-cefi-prd-central-element-323112,cefi-mr-20260429-141334-8.parquet,318,0,318,0,6
cefi,market-data-tick-cefi-prd-central-element-323112,cefi-mr-20260429-141334-9.parquet,318,0,318,0,6
cefi,market-data-tick-cefi-prd-central-element-323112,cefi-mr-20260429-154202-34.parquet,318,0,318,0,6
cefi,market-data-tick-cefi-prd-central-element-323112,cefi-mr-20260429-141334-33.parquet,317,0,317,0,6
cefi,market-data-tick-cefi-prd-central-element-323112,cefi-mr-20260429-141334-35.parquet,317,0,317,0,6
cefi,market-data-tick-cefi-prd-central-element-323112,cefi-mr-20260429-141334-36.parquet,317,0,317,0,6
cefi,market-data-tick-cefi-prd-central-element-323112,cefi-mr-20260429-141334-38.parquet,317,0,317,0,6
cefi,market-data-tick-cefi-prd-central-element-323112,cefi-mr-20260429-184942-86.parquet,316,0,316,0,6
cefi,market-data-tick-cefi-prd-central-element-323112,cefi-mr-20260429-141334-39.parquet,315,0,315,0,6
cefi,market-data-tick-cefi-prd-central-element-323112,cefi-mr-20260429-141334-41.parquet,315,0,315,0,6
cefi,market-data-tick-cefi-prd-central-element-323112,cefi-mr-20260429-141334-42.parquet,315,0,315,0,6
cefi,market-data-tick-cefi-prd-central-element-323112,cefi-mr-20260429-141334-43.parquet,315,0,315,0,6
cefi,market-data-tick-cefi-prd-central-element-323112,cefi-mr-20260429-154202-50.parquet,315,0,315,0,6
cefi,market-data-tick-cefi-prd-central-element-323112,cefi-mr-20260429-184942-78.parquet,315,0,315,0,6
cefi,market-data-tick-cefi-prd-central-element-323112,cefi-mr-20260429-184942-81.parquet,315,0,315,0,6
cefi,market-data-tick-cefi-prd-central-element-323112,cefi-mr-20260429-184942-83.parquet,315,0,315,0,6
cefi,market-data-tick-cefi-prd-central-element-323112,cefi-mr-20260429-124301-17.parquet,314,0,314,0,6
cefi,market-data-tick-cefi-prd-central-element-323112,cefi-mr-20260429-141334-58.parquet,313,0,313,0,6
cefi,market-data-tick-cefi-prd-central-element-323112,cefi-mr-20260429-124301-49.parquet,311,0,311,0,6
cefi,market-data-tick-cefi-prd-central-element-323112,cefi-mr-20260429-124301-62.parquet,310,0,310,0,6
cefi,market-data-tick-cefi-prd-central-element-323112,cefi-mr-20260429-124301-55.parquet,309,0,309,0,6
tradfi,instruments-store-tradfi-prd-central-element-323112,tradfi-instr-fx-2021-20260504-231617.parquet,307,0,307,0,6
tradfi,instruments-store-tradfi-prd-central-element-323112,tradfi-instr-fx-2025-20260504-231617.parquet,307,0,307,0,6
cefi,market-data-tick-cefi-prd-central-element-323112,cefi-mr-20260429-184942-111.parquet,306,0,306,0,6
cefi,market-data-tick-cefi-prd-central-element-323112,cefi-mr-20260429-184942-153.parquet,303,0,303,0,6
tradfi,instruments-store-tradfi-prd-central-element-323112,tradfi-instr-cboe-2024-20260504-231617.parquet,303,0,303,0,6
cefi,market-data-tick-cefi-prd-central-element-323112,cefi-bitget-futures-2025-heavy-20260507-185341.parquet,301,0,301,0,7
tradfi,instruments-store-tradfi-prd-central-element-323112,tradfi-instr-cboe-2025-20260504-231617.parquet,301,0,301,0,6
cefi,market-data-tick-cefi-prd-central-element-323112,cefi-mr-20260429-184942-170.parquet,300,0,300,0,6
tradfi,instruments-store-tradfi-prd-central-element-323112,tradfi-instr-cboe-2021-20260504-231617.parquet,299,0,299,0,6
tradfi,instruments-store-tradfi-prd-central-element-323112,tradfi-instr-fx-2022-20260504-231617.parquet,294,0,294,0,6
tradfi,market-data-tick-tradfi-prd-central-element-323112,tradfi-bf-eccl-20260505-123434.parquet,292,0,292,0,6
tradfi,instruments-store-tradfi-prd-central-element-323112,tradfi-instr-cboe-2023-20260504-231617.parquet,291,0,291,0,6
tradfi,market-data-tick-tradfi-prd-central-element-323112,tradfi-bf-ecnq-20260505-123434.parquet,291,0,291,0,6
cefi,market-data-tick-cefi-prd-central-element-323112,cefi-mr-20260429-184942-68.parquet,286,0,286,0,6
cefi,market-data-tick-cefi-prd-central-element-323112,cefi-bitget-futures-2024-heavy-20260507-185309.parquet,284,0,284,0,7
tradfi,market-data-tick-tradfi-prd-central-element-323112,tradfi-bf-ecrty-20260505-123434.parquet,283,0,283,0,6
tradfi,instruments-store-tradfi-prd-central-element-323112,tradfi-instr-fx-2023-20260504-231617.parquet,282,0,282,0,6
cefi,market-data-tick-cefi-prd-central-element-323112,cefi-bitfinex-spot-2022-heavy-20260507-184641.parquet,281,0,281,0,7
cefi,market-data-tick-cefi-prd-central-element-323112,cefi-mr-20260429-184942-104.parquet,281,0,281,0,6
cefi,market-data-tick-cefi-prd-central-element-323112,cefi-mr-20260429-184942-77.parquet,281,0,281,0,6
cefi,market-data-tick-cefi-prd-central-element-323112,cefi-mr-20260429-184942-99.parquet,281,0,281,0,6
tradfi,market-data-tick-tradfi-prd-central-element-323112,tradfi-bf-ecym-20260505-123434.parquet,281,0,281,0,6
cefi,market-data-tick-cefi-prd-central-element-323112,cefi-bitfinex-spot-2024-heavy-canary-20260507-183201.parquet,277,0,277,0,7
tradfi,market-data-tick-tradfi-prd-central-element-323112,tradfi-bf-ecbtc-20260505-123434.parquet,277,0,277,0,6
tradfi,market-data-tick-tradfi-prd-central-element-323112,tradfi-bf-eces-20260505-123434.parquet,277,0,277,0,6
tradfi,instruments-store-tradfi-prd-central-element-323112,tradfi-instr-fx-2024-20260504-231617.parquet,276,0,276,0,6
tradfi,instruments-store-tradfi-prd-central-element-323112,tradfi-instr-fx-2020-20260504-231617.parquet,275,0,275,0,6
cefi,market-data-tick-cefi-prd-central-element-323112,cefi-coinbase-spot-2020-link-usd--20260506-212742.parquet,274,0,274,0,6
tradfi,market-data-tick-tradfi-prd-central-element-323112,tradfi-bf-ec6e-20260505-123434.parquet,274,0,274,0,6
cefi,market-data-tick-cefi-prd-central-element-323112,cefi-mr-20260429-184942-49.parquet,273,0,273,0,6
cefi,market-data-tick-cefi-prd-central-element-323112,cefi-kraken-futures-2026-light-20260507-190039.parquet,271,0,271,0,7
cefi,market-data-tick-cefi-prd-central-element-323112,cefi-bitfinex-futures-2021-light-20260504-150044.parquet,268,0,268,0,6
cefi,instruments-store-cefi-prd-central-element-323112,local_bitfinex_futures_20200101_20201231_83bc53.parquet,266,0,266,0,6
cefi,market-data-tick-cefi-prd-central-element-323112,cefi-binance-spot-2021-heavy.parquet,266,0,266,0,6
cefi,market-data-tick-cefi-prd-central-element-323112,cefi-mr-20260429-184942-300.parquet,266,0,266,0,6
cefi,market-data-tick-cefi-prd-central-element-323112,cefi-mr-20260429-184942-119.parquet,265,0,265,0,6
cefi,market-data-tick-cefi-prd-central-element-323112,cefi-bitfinex-spot-2025-heavy-20260501-184238.parquet,264,0,264,0,6
tradfi,instruments-store-tradfi-prd-central-element-323112,tradfi-instr-cboe-2022-20260504-231617.parquet,264,0,264,0,6
tradfi,instruments-store-tradfi-prd-central-element-323112,tradfi-instr-nasdaq-2023-20260504-231617.parquet,261,0,261,0,6
tradfi,instruments-store-tradfi-prd-central-element-323112,tradfi-instr-nyse-2023-20260504-231617.parquet,261,0,261,0,6
tradfi,market-data-tick-tradfi-prd-central-element-323112,tradfi-bf-ecgc-20260505-123434.parquet,261,0,261,0,6
cefi,market-data-tick-cefi-prd-central-element-323112,cefi-bybit-2024-light-20260506-121357.parquet,260,0,260,0,6
cefi,market-data-tick-cefi-prd-central-element-323112,cefi-binance-futures-2026-light-20260506-121357.parquet,259,0,259,0,6
cefi,market-data-tick-cefi-prd-central-element-323112,cefi-bybit-2025-light.parquet,259,0,259,0,6
tradfi,market-data-tick-tradfi-prd-central-element-323112,tradfi-bf-ecng-20260505-123434.parquet,258,0,258,0,6
sports,instruments-store-sports-prd-central-element-323112,fs-backfill-20260506-083546.parquet,256,0,256,0,6
tradfi,market-data-tick-tradfi-prd-central-element-323112,tradfi-bf-es-light-2024-20260430-024255.parquet,253,0,253,0,6
cefi,market-data-tick-cefi-prd-central-element-323112,cefi-kraken-spot-2022-heavy-20260507-185536.parquet,252,0,252,0,7
tradfi,instruments-store-tradfi-prd-central-element-323112,tradfi-instr-ice-2021-20260504-231617.parquet,250,0,250,0,6
cefi,market-data-tick-cefi-prd-central-element-323112,cefi-mr-20260429-184942-84.parquet,249,0,249,0,6
cefi,market-data-tick-cefi-prd-central-element-323112,cefi-mr-20260429-184942-89.parquet,249,0,249,0,6
cefi,market-data-tick-cefi-prd-central-element-323112,cefi-mr-20260429-184942-101.parquet,248,0,248,0,6
cefi,market-data-tick-cefi-prd-central-element-323112,cefi-mr-20260429-184942-94.parquet,248,0,248,0,6
cefi,market-data-tick-cefi-prd-central-element-323112,cefi-bitget-spot-2026-heavy-20260504-144940.parquet,246,0,246,0,6
tradfi,market-data-tick-tradfi-prd-central-element-323112,cme-events-q2-2026-20260502-130144.parquet,245,0,245,0,6
cefi,market-data-tick-cefi-prd-central-element-323112,cefi-mr-20260429-184942-59.parquet,244,0,244,0,6
cefi,market-data-tick-cefi-prd-central-element-323112,opt-deribit-2024.parquet,242,0,242,0,6
cefi,market-data-tick-cefi-prd-central-element-323112,cefi-mr-20260429-184942-146.parquet,238,0,238,0,6
cefi,market-data-tick-cefi-prd-central-element-323112,cefi-bitfinex-spot-2026-heavy-20260507-184746.parquet,237,0,237,0,7
tradfi,market-data-tick-tradfi-prd-central-element-323112,tradfi-bf-btc-light-2024-w2-20260430-032323.parquet,235,0,235,0,6
tradfi,market-data-tick-tradfi-prd-central-element-323112,tradfi-bf-es-light-2023-20260430-024236.parquet,221,0,221,0,6
tradfi,market-data-tick-tradfi-prd-central-element-323112,mdps-tradfi-2021-20260505-203928.parquet,220,0,220,0,6
tradfi,market-data-tick-tradfi-prd-central-element-323112,tradfi-bf-eth-light-2024-w2-20260430-032557.parquet,219,0,219,0,6
tradfi,instruments-store-tradfi-prd-central-element-323112,instr-cme-events-fullbf-20260502-130144.parquet,217,0,217,0,6
tradfi,market-data-tick-tradfi-prd-central-element-323112,tradfi-bf-eth-light-2023-w2-20260430-032524.parquet,211,0,211,0,6
cefi,market-data-tick-cefi-prd-central-element-323112,cefi-coinbase-spot-2026-ada-usd--20260506-212742.parquet,210,0,210,0,6
cefi,market-data-tick-cefi-prd-central-element-323112,cefi-coinbase-spot-2026-avax-usd--20260506-212742.parquet,210,0,210,0,6
sports,instruments-store-sports-prd-central-element-323112,af-backfill-20260428-143127.parquet,208,0,208,0,6
cefi,market-data-tick-cefi-prd-central-element-323112,cefi-bitfinex-spot-2021-heavy-20260507-184624.parquet,206,0,206,0,7
tradfi,market-data-tick-tradfi-prd-central-element-323112,tradfi-bf-btc-light-2023-w2-20260430-032250.parquet,204,0,204,0,6
cefi,market-data-tick-cefi-prd-central-element-323112,cefi-bitfinex-spot-2024-heavy-20260507-184714.parquet,202,0,202,0,7
cefi,market-data-tick-cefi-prd-central-element-323112,cefi-bitfinex-futures-2023-heavy-20260507-184941.parquet,199,0,199,0,7
cefi,market-data-tick-cefi-prd-central-element-323112,cefi-kraken-futures-2025-heavy-20260506-180112.parquet,199,0,199,0,6
cefi,market-data-tick-cefi-prd-central-element-323112,cefi-kraken-futures-2026-light-20260507-200241.parquet,199,0,199,0,7
cefi,market-data-tick-cefi-prd-central-element-323112,cefi-kraken-spot-2021-heavy-20260507-185517.parquet,199,0,199,0,7
cefi,market-data-tick-cefi-prd-central-element-323112,cefi-bitfinex-spot-2025-heavy-20260507-184731.parquet,198,0,198,0,7
cefi,market-data-tick-cefi-prd-central-element-323112,cefi-kraken-spot-2026-heavy-20260507-185636.parquet,196,0,196,0,7
cefi,market-data-tick-cefi-prd-central-element-323112,cefi-okx-spot-2026-heavy-20260506-150808.parquet,194,0,194,0,6
tradfi,market-data-tick-tradfi-prd-central-element-323112,tradfi-bf-es-2026-ohlcv-20260505-114502.parquet,192,0,192,0,6
cefi,market-data-tick-cefi-prd-central-element-323112,cefi-kraken-futures-2025-heavy-20260504-145204.parquet,191,0,191,0,6
tradfi,instruments-store-tradfi-prd-central-element-323112,tradfi-instr-ice-2020-20260504-231617.parquet,191,0,191,0,6
tradfi,market-data-tick-tradfi-prd-central-element-323112,tradfi-bf-es-opt-light-2026-20260430-033026.parquet,190,0,190,0,6
cefi,market-data-tick-cefi-prd-central-element-323112,mdps-cefi-2026-20260505-143537.parquet,186,0,186,0,6
cefi,market-data-tick-cefi-prd-central-element-323112,cefi-binance-futures-2025-light-20260505-152844.parquet,185,0,185,0,6
cefi,market-data-tick-cefi-prd-central-element-323112,cefi-binance-futures-2026-light-20260505-152844.parquet,185,0,185,0,6
cefi,market-data-tick-cefi-prd-central-element-323112,cefi-binance-futures-2026-light.parquet,185,0,185,0,6
tradfi,market-data-tick-tradfi-prd-central-element-323112,mdps-tradfi-2026-20260506-125828.parquet,181,0,181,0,6
cefi,market-data-tick-cefi-prd-central-element-323112,cefi-bybit-2026-light.parquet,177,0,177,0,6
cefi,market-data-tick-cefi-prd-central-element-323112,cefi-bitfinex-futures-2023-heavy-20260504-194234.parquet,176,0,176,0,6
tradfi,instruments-store-tradfi-prd-central-element-323112,tradfi-instr-cboe-2020-20260504-231617.parquet,175,0,175,0,6
cefi,market-data-tick-cefi-prd-central-element-323112,cefi-kraken-spot-2025-heavy-20260507-185622.parquet,173,0,173,0,7
cefi,market-data-tick-cefi-prd-central-element-323112,mdps-cefi-2023-20260505-143537.parquet,173,0,173,0,6
prediction,market-data-tick-pred-prd-central-element-323112,mdps-prediction-2025-20260505-170439.parquet,172,0,172,0,6
cefi,market-data-tick-cefi-prd-central-element-323112,cefi-binance-spot-2022-heavy.parquet,171,0,171,0,6
cefi,market-data-tick-cefi-prd-central-element-323112,mdps-cefi-2025-20260505-143537.parquet,168,0,168,0,6
cefi,market-data-tick-cefi-prd-central-element-323112,mdps-cefi-2022-20260505-143537.parquet,167,0,167,0,6
cefi,market-data-tick-cefi-prd-central-element-323112,mdps-cefi-2024-20260505-143537.parquet,167,0,167,0,6
tradfi,market-data-tick-tradfi-prd-central-element-323112,tradfi-bf-ethe-2024-20260505-085253.parquet,167,0,167,0,6
tradfi,market-data-tick-tradfi-prd-central-element-323112,tradfi-bf-gbtc-2024-20260505-085253.parquet,167,0,167,0,6
tradfi,market-data-tick-tradfi-prd-central-element-323112,tradfi-bf-bito-2024-20260505-085253.parquet,166,0,166,0,6
tradfi,market-data-tick-tradfi-prd-central-element-323112,tradfi-bf-fbtc-2024-20260505-085252.parquet,165,0,165,0,6
tradfi,market-data-tick-tradfi-prd-central-element-323112,tradfi-bf-mes-2023-20260505-085252.parquet,165,0,165,0,6
sports,instruments-store-sports-prd-central-element-323112,fs-backfill-20260504-225258.parquet,164,0,164,0,6
tradfi,market-data-tick-tradfi-prd-central-element-323112,tradfi-bf-arkb-2024-20260505-085253.parquet,164,0,164,0,6
cefi,market-data-tick-cefi-prd-central-element-323112,cefi-kraken-spot-2024-heavy-20260507-185607.parquet,158,0,158,0,7
tradfi,market-data-tick-tradfi-prd-central-element-323112,tradfi-bf-feth-2024-20260505-085253.parquet,158,0,158,0,6
tradfi,market-data-tick-tradfi-prd-central-element-323112,tradfi-bf-mes-2026-ohlcv-20260505-123900.parquet,156,0,156,0,6
cefi,market-data-tick-cefi-prd-central-element-323112,mdps-cefi-2024-02-20260505-200553.parquet,155,0,155,0,6
cefi,market-data-tick-cefi-prd-central-element-323112,mdps-cefi-2024-06-20260505-200553.parquet,155,0,155,0,6
tradfi,instruments-store-tradfi-prd-central-element-323112,tradfi-instr-cme-2020-20260504-231617.parquet,155,0,155,0,6
tradfi,market-data-tick-tradfi-prd-central-element-323112,tradfi-bf-feth-2025-20260505-085253.parquet,155,0,155,0,6
cefi,market-data-tick-cefi-prd-central-element-323112,cefi-coinbase-spot-2026-heavy-20260506-181122.parquet,153,0,153,0,6
tradfi,instruments-store-tradfi-prd-central-element-323112,tradfi-instr-cme-2025-20260504-231617.parquet,153,0,153,0,6
cefi,market-data-tick-cefi-prd-central-element-323112,mdps-cefi-2022-10-20260505-200553.parquet,152,0,152,0,6
cefi,market-data-tick-cefi-prd-central-element-323112,cefi-bitfinex-futures-2021-heavy-20260507-184840.parquet,151,0,151,0,7
cefi,market-data-tick-cefi-prd-central-element-323112,mdps-cefi-2023-07-20260505-200553.parquet,151,0,151,0,6
tradfi,market-data-tick-tradfi-prd-central-element-323112,tradfi-bf-btc-light-2024-w1-20260430-032307.parquet,151,0,151,0,6
cefi,market-data-tick-cefi-prd-central-element-323112,cefi-bitget-spot-2026-heavy-20260506-161439.parquet,150,0,150,0,6
cefi,market-data-tick-cefi-prd-central-element-323112,cefi-coinbase-spot-2024-avax-usd--20260506-212742.parquet,150,0,150,0,6
cefi,market-data-tick-cefi-prd-central-element-323112,mdps-cefi-2023-09-20260505-200553.parquet,150,0,150,0,6
cefi,market-data-tick-cefi-prd-central-element-323112,mdps-cefi-2023-12-20260505-200553.parquet,150,0,150,0,6
tradfi,market-data-tick-tradfi-prd-central-element-323112,mtds-ohlcv-gapfill-mbt-late-20260505-225414.parquet,150,0,150,0,6
tradfi,market-data-tick-tradfi-prd-central-element-323112,tradfi-bf-mes-2024-20260505-085252.parquet,150,0,150,0,6
tradfi,instruments-store-tradfi-prd-central-element-323112,tradfi-instr-cme-2021-20260504-231617.parquet,149,0,149,0,6
cefi,market-data-tick-cefi-prd-central-element-323112,cefi-binance-futures-2021-light-20260505-152844.parquet,148,0,148,0,6
tradfi,market-data-tick-tradfi-prd-central-element-323112,tradfi-bf-gbtc-2025-20260505-085253.parquet,148,0,148,0,6
tradfi,market-data-tick-tradfi-prd-central-element-323112,tradfi-bf-eth-light-2024-w1-20260430-032540.parquet,146,0,146,0,6
cefi,market-data-tick-cefi-prd-central-element-323112,cefi-bitfinex-futures-2020-light-20260504-150027.parquet,144,0,144,0,6
cefi,market-data-tick-cefi-prd-central-element-323112,cefi-bitfinex-spot-2024-heavy-20260504-165856.parquet,144,0,144,0,6
cefi,market-data-tick-cefi-prd-central-element-323112,cefi-kraken-spot-2026-heavy-20260504-194033.parquet,144,0,144,0,6
sports,market-data-tick-sports-prd-central-element-323112,mdps-sports-bucket-20260505-225144.parquet,143,0,143,0,6
cefi,market-data-tick-cefi-prd-central-element-323112,cefi-bitfinex-futures-2020-heavy-20260504-165749.parquet,142,0,142,0,6
cefi,market-data-tick-cefi-prd-central-element-323112,cefi-coinbase-spot-2024-sol-usd--20260506-212742.parquet,142,0,142,0,6
tradfi,instruments-store-tradfi-prd-central-element-323112,tradfi-instr-cme-2023-20260504-231617.parquet,142,0,142,0,6
tradfi,market-data-tick-tradfi-prd-central-element-323112,tradfi-bf-btc-heavy-2023-05-20260430-032145.parquet,142,0,142,0,6
tradfi,market-data-tick-tradfi-prd-central-element-323112,tradfi-bf-mes-2020-20260505-085252.parquet,142,0,142,0,6
tradfi,market-data-tick-tradfi-prd-central-element-323112,tradfi-bf-mes-2022-20260505-085252.parquet,142,0,142,0,6
tradfi,market-data-tick-tradfi-prd-central-element-323112,tradfi-bf-bito-2025-20260505-085253.parquet,141,0,141,0,6
tradfi,market-data-tick-tradfi-prd-central-element-323112,tradfi-bf-mes-2025-20260505-085252.parquet,140,0,140,0,6
tradfi,instruments-store-tradfi-prd-central-element-323112,tradfi-instr-cme-2024-20260504-231617.parquet,138,0,138,0,6
tradfi,market-data-tick-tradfi-prd-central-element-323112,tradfi-bf-eth-2026-ohlcv-20260505-104543.parquet,138,0,138,0,6
cefi,market-data-tick-cefi-prd-central-element-323112,cefi-bitfinex-futures-2025-heavy-20260507-185108.parquet,137,0,137,0,7
cefi,market-data-tick-cefi-prd-central-element-323112,cefi-bitfinex-spot-2020-heavy-20260507-184608.parquet,136,0,136,0,7
tradfi,market-data-tick-tradfi-prd-central-element-323112,tradfi-bf-mes-2021-20260505-085252.parquet,136,0,136,0,6
tradfi,market-data-tick-tradfi-prd-central-element-323112,tradfi-bf-fbtc-2025-20260505-085252.parquet,135,0,135,0,6
tradfi,instruments-store-tradfi-prd-central-element-323112,tradfi-instr-cme-2022-20260504-231617.parquet,134,0,134,0,6
tradfi,market-data-tick-tradfi-prd-central-element-323112,tradfi-bf-arkb-2025-20260505-085253.parquet,134,0,134,0,6
cefi,market-data-tick-cefi-prd-central-element-323112,cefi-bitfinex-futures-2022-heavy-20260507-184910.parquet,133,0,133,0,7
tradfi,market-data-tick-tradfi-prd-central-element-323112,tradfi-bf-btc-2026-ohlcv-20260505-104543.parquet,132,0,132,0,6
tradfi,market-data-tick-tradfi-prd-central-element-323112,tradfi-bf-gbtc-2023-20260505-085253.parquet,132,0,132,0,6
tradfi,market-data-tick-tradfi-prd-central-element-323112,tradfi-bf-ethe-2025-20260505-085253.parquet,131,0,131,0,6
tradfi,market-data-tick-tradfi-prd-central-element-323112,tradfi-bf-eth-heavy-2024-06-20260430-051724.parquet,130,0,130,0,6
cefi,market-data-tick-cefi-prd-central-element-323112,cefi-bitfinex-futures-2024-heavy-20260507-185023.parquet,126,0,126,0,7
cefi,market-data-tick-cefi-prd-central-element-323112,cefi-bitfinex-spot-smoke-20260501-165833.parquet,126,0,126,0,6
tradfi,market-data-tick-tradfi-prd-central-element-323112,tradfi-bf-eth-heavy-2023-05-20260430-032415.parquet,125,0,125,0,6
cefi,market-data-tick-cefi-prd-central-element-323112,cefi-coinbase-spot-2025-ada-usd--20260506-212742.parquet,124,0,124,0,6
tradfi,instruments-store-tradfi-prd-central-element-323112,tradfi-instr-ice-2026-20260504-231617.parquet,124,0,124,0,6
tradfi,instruments-store-tradfi-prd-central-element-323112,tradfi-instr-nasdaq-2026-20260504-231617.parquet,124,0,124,0,6
tradfi,instruments-store-tradfi-prd-central-element-323112,tradfi-instr-nyse-2026-20260504-231617.parquet,124,0,124,0,6
tradfi,market-data-tick-tradfi-prd-central-element-323112,tradfi-bf-etha-2026-20260505-085253.parquet,124,0,124,0,6
tradfi,market-data-tick-tradfi-prd-central-element-323112,tradfi-bf-ibit-2026-20260505-085252.parquet,124,0,124,0,6
cefi,instruments-store-cefi-prd-central-element-323112,local_bitfinex_futures_20260101_20260503_b56207.parquet,123,0,123,0,6
cefi,market-data-tick-cefi-prd-central-element-323112,cefi-coinbase-spot-2024-doge-usd--20260506-212742.parquet,122,0,122,0,6
cefi,market-data-tick-cefi-prd-central-element-323112,cefi-kraken-futures-2020-heavy-20260507-185653.parquet,121,0,121,0,7
cefi,market-data-tick-cefi-prd-central-element-323112,cefi-coinbase-spot-2024-link-usd--20260506-212742.parquet,120,0,120,0,6
tradfi,market-data-tick-tradfi-prd-central-element-323112,tradfi-bf-btc-light-2023-w1-20260430-032233.parquet,120,0,120,0,6
cefi,market-data-tick-cefi-prd-central-element-323112,cefi-binance-spot-2026-heavy-20260506-150808.parquet,118,0,118,0,6
cefi,market-data-tick-cefi-prd-central-element-323112,cefi-coinbase-spot-2022-avax-usd--20260506-212742.parquet,118,0,118,0,6
tradfi,market-data-tick-tradfi-prd-central-element-323112,tradfi-bf-etha-light-2026-20260430-170330.parquet,117,0,117,0,6
tradfi,market-data-tick-tradfi-prd-central-element-323112,tradfi-bf-btc-light-2026-20260430-032358.parquet,115,0,115,0,6
cefi,market-data-tick-cefi-prd-central-element-323112,cefi-binance-spot-2022-heavy-20260506-121357.parquet,114,0,114,0,6
cefi,market-data-tick-cefi-prd-central-element-323112,cefi-binance-spot-2023-heavy.parquet,114,0,114,0,6
cefi,market-data-tick-cefi-prd-central-element-323112,cefi-binance-spot-2026-heavy.parquet,114,0,114,0,6
tradfi,market-data-tick-tradfi-prd-central-element-323112,tradfi-bf-ibit-light-2026-20260430-170249.parquet,114,0,114,0,6
cefi,market-data-tick-cefi-prd-central-element-323112,cefi-binance-futures-2022-light-20260506-121357.parquet,111,0,111,0,6
cefi,market-data-tick-cefi-prd-central-element-323112,cefi-binance-futures-2023-light-20260505-152844.parquet,111,0,111,0,6
cefi,market-data-tick-cefi-prd-central-element-323112,cefi-bybit-2022-light-20260505-152844.parquet,111,0,111,0,6
cefi,market-data-tick-cefi-prd-central-element-323112,cefi-bybit-2023-light-20260506-121357.parquet,111,0,111,0,6
cefi,market-data-tick-cefi-prd-central-element-323112,cefi-bybit-2024-light-20260505-152844.parquet,111,0,111,0,6
cefi,market-data-tick-cefi-prd-central-element-323112,cefi-bybit-2025-light-20260505-152844.parquet,111,0,111,0,6
tradfi,market-data-tick-tradfi-prd-central-element-323112,tradfi-bf-eth-light-2026-20260430-032631.parquet,111,0,111,0,6
cefi,market-data-tick-cefi-prd-central-element-323112,cefi-bitget-spot-2024-heavy-20260504-144906.parquet,110,0,110,0,6
tradfi,market-data-tick-tradfi-prd-central-element-323112,tradfi-bf-ethe-2023-20260505-085253.parquet,110,0,110,0,6
tradfi,market-data-tick-tradfi-prd-central-element-323112,tradfi-bf-eth-light-2023-w1-20260430-032504.parquet,106,0,106,0,6
tradfi,instruments-store-tradfi-prd-central-element-323112,tradfi-instr-fx-2026-20260504-231617.parquet,102,0,102,0,6
tradfi,market-data-tick-tradfi-prd-central-element-323112,tradfi-bf-bito-2023-20260505-085253.parquet,102,0,102,0,6
tradfi,instruments-store-tradfi-prd-central-element-323112,tradfi-instr-cboe-2026-20260504-231617.parquet,101,0,101,0,6
cefi,market-data-tick-cefi-prd-central-element-323112,cefi-bitfinex-spot-smoke-162700.parquet,99,0,99,0,6
cefi,market-data-tick-cefi-prd-central-element-323112,cefi-bitfinex-futures-2020-heavy-20260507-150534.parquet,96,0,96,0,7
cefi,market-data-tick-cefi-prd-central-element-323112,cefi-kraken-spot-2026-heavy-20260506-161855.parquet,96,0,96,0,6
tradfi,market-data-tick-tradfi-prd-central-element-323112,tradfi-bf-btc-heavy-2024-06-20260430-032201.parquet,96,0,96,0,6
cefi,market-data-tick-cefi-prd-central-element-323112,mdps-cefi-2026-01-20260505-200553.parquet,95,0,95,0,6
tradfi,market-data-tick-tradfi-prd-central-element-323112,tradfi-bf-bito-2023-20260504-232835.parquet,95,0,95,0,6
tradfi,market-data-tick-tradfi-prd-central-element-323112,mtds-ohlcv-gapfill-met-late-20260505-225416.parquet,94,0,94,0,6
tradfi,market-data-tick-tradfi-prd-central-element-323112,tradfi-bf-ethe-light-2024-20260430-033544.parquet,94,0,94,0,6
tradfi,market-data-tick-tradfi-prd-central-element-323112,tradfi-bf-btc-heavy-2023-05-20260430-030738.parquet,93,0,93,0,6
cefi,market-data-tick-cefi-prd-central-element-323112,cefi-bitfinex-futures-2026-heavy-20260507-185142.parquet,88,0,88,0,7
cefi,market-data-tick-cefi-prd-central-element-323112,cefi-kraken-futures-2025-heavy-20260507-185939.parquet,88,0,88,0,7
cefi,market-data-tick-cefi-prd-central-element-323112,mdps-backfill-cefi-20260506-161149.parquet,87,0,87,0,6
cefi,market-data-tick-cefi-prd-central-element-323112,mdps-cefi-2021-20260505-143537.parquet,87,0,87,0,6
cefi,market-data-tick-cefi-prd-central-element-323112,cefi-kraken-futures-2026-heavy-20260507-190011.parquet,85,0,85,0,7
cefi,market-data-tick-cefi-prd-central-element-323112,mdps-cefi-2025-02-20260505-200553.parquet,85,0,85,0,6
cefi,market-data-tick-cefi-prd-central-element-323112,cefi-aster-fullbackfill-20260504-203012.parquet,84,0,84,0,6
cefi,market-data-tick-cefi-prd-central-element-323112,mdps-cefi-2023-06-20260505-200553.parquet,84,0,84,0,6
cefi,market-data-tick-cefi-prd-central-element-323112,mdps-cefi-2021-10-20260505-203055.parquet,83,0,83,0,6
cefi,market-data-tick-cefi-prd-central-element-323112,mdps-cefi-2023-01-20260505-200553.parquet,83,0,83,0,6
cefi,market-data-tick-cefi-prd-central-element-323112,cefi-kraken-futures-2023-heavy-20260507-185837.parquet,82,0,82,0,7
cefi,market-data-tick-cefi-prd-central-element-323112,mdps-cefi-2021-04-20260505-203055.parquet,82,0,82,0,6
cefi,market-data-tick-cefi-prd-central-element-323112,mdps-cefi-2022-01-20260505-203055.parquet,82,0,82,0,6
cefi,market-data-tick-cefi-prd-central-element-323112,mdps-cefi-2025-06-20260505-204051.parquet,82,0,82,0,6
cefi,market-data-tick-cefi-prd-central-element-323112,mdps-cefi-2022-09-20260505-200553.parquet,81,0,81,0,6
cefi,market-data-tick-cefi-prd-central-element-323112,cefi-binance-spot-2025-heavy-20260506-121357.parquet,80,0,80,0,6
cefi,market-data-tick-cefi-prd-central-element-323112,cefi-bitfinex-spot-2020-heavy-20260504-145606.parquet,80,0,80,0,6
cefi,market-data-tick-cefi-prd-central-element-323112,mdps-cefi-2021-05-20260505-203055.parquet,80,0,80,0,6
cefi,market-data-tick-cefi-prd-central-element-323112,mdps-cefi-2023-03-20260505-200553.parquet,80,0,80,0,6
cefi,market-data-tick-cefi-prd-central-element-323112,mdps-cefi-2022-12-20260505-200553.parquet,79,0,79,0,6
tradfi,market-data-tick-tradfi-prd-central-element-323112,tradfi-bf-btc-heavy-2024-06-20260430-024219.parquet,78,0,78,0,6
cefi,market-data-tick-cefi-prd-central-element-323112,mdps-cefi-2023-04-20260505-200553.parquet,77,0,77,0,6
cefi,market-data-tick-cefi-prd-central-element-323112,mdps-cefi-2021-08-20260505-203055.parquet,76,0,76,0,6
cefi,market-data-tick-cefi-prd-central-element-323112,mdps-cefi-2025-07-20260505-200553.parquet,76,0,76,0,6
cefi,market-data-tick-cefi-prd-central-element-323112,cefi-bitget-futures-2026-heavy-20260506-161622.parquet,75,0,75,0,6
cefi,market-data-tick-cefi-prd-central-element-323112,mdps-cefi-2024-01-20260505-200553.parquet,75,0,75,0,6
tradfi,market-data-tick-tradfi-prd-central-element-323112,tradfi-bf-ibit-light-2024-20260430-125042.parquet,75,0,75,0,6
cefi,market-data-tick-cefi-prd-central-element-323112,cefi-binance-futures-2024-light.parquet,74,0,74,0,6
cefi,market-data-tick-cefi-prd-central-element-323112,cefi-binance-futures-2025-light-20260506-121357.parquet,74,0,74,0,6
cefi,market-data-tick-cefi-prd-central-element-323112,cefi-binance-futures-2025-light.parquet,74,0,74,0,6
cefi,market-data-tick-cefi-prd-central-element-323112,cefi-bitget-futures-2026-light-20260506-161638.parquet,74,0,74,0,6
cefi,market-data-tick-cefi-prd-central-element-323112,cefi-bybit-2021-light-20260505-152844.parquet,74,0,74,0,6
cefi,market-data-tick-cefi-prd-central-element-323112,cefi-bybit-2021-light.parquet,74,0,74,0,6
cefi,market-data-tick-cefi-prd-central-element-323112,cefi-bybit-2022-light.parquet,74,0,74,0,6
cefi,market-data-tick-cefi-prd-central-element-323112,mdps-cefi-2022-04-20260505-203055.parquet,73,0,73,0,6
cefi,market-data-tick-cefi-prd-central-element-323112,mdps-cefi-2023-10-20260505-200553.parquet,73,0,73,0,6
tradfi,market-data-tick-tradfi-prd-central-element-323112,tradfi-bf-ethe-light-2025-20260430-033601.parquet,73,0,73,0,6
cefi,market-data-tick-cefi-prd-central-element-323112,mdps-cefi-2022-05-20260505-200553.parquet,72,0,72,0,6
tradfi,market-data-tick-tradfi-prd-central-element-323112,mdps-tradfi-2023-20260506-125828.parquet,70,0,70,0,6
cefi,market-data-tick-cefi-prd-central-element-323112,cefi-kraken-futures-2024-heavy-20260507-185908.parquet,69,0,69,0,7
cefi,market-data-tick-cefi-prd-central-element-323112,cefi-coinbase-spot-2022-sol-usd--20260506-212742.parquet,66,0,66,0,6
cefi,market-data-tick-cefi-prd-central-element-323112,cefi-coinbase-spot-2026-link-usd--20260506-212742.parquet,66,0,66,0,6
tradfi,market-data-tick-tradfi-prd-central-element-323112,tradfi-bf-etha-light-2025-20260430-033406.parquet,66,0,66,0,6
cefi,market-data-tick-cefi-prd-central-element-323112,cefi-coinbase-spot-2026-sol-usd--20260506-212742.parquet,64,0,64,0,6
cefi,market-data-tick-cefi-prd-central-element-323112,cefi-coinbase-spot-2026-xrp-usd--20260506-212742.parquet,64,0,64,0,6
tradfi,market-data-tick-tradfi-prd-central-element-323112,tradfi-bf-es-light-2026-20260430-024333.parquet,64,0,64,0,6
tradfi,market-data-tick-tradfi-prd-central-element-323112,tradfi-bf-ibit-light-2024-20260430-033106.parquet,64,0,64,0,6
cefi,market-data-tick-cefi-prd-central-element-323112,cefi-coinbase-spot-2024-avax-stream-smoke-20260506-220407.parquet,62,0,62,0,7
tradfi,market-data-tick-tradfi-prd-central-element-323112,tradfi-bf-fbtc-light-2024-20260430-033158.parquet,61,0,61,0,6
cefi,market-data-tick-cefi-prd-central-element-323112,cefi-coinbase-spot-2026-doge-usd--20260506-212742.parquet,60,0,60,0,6
cefi,market-data-tick-cefi-prd-central-element-323112,cefi-deribit-2024-light.parquet,60,0,60,0,6
tradfi,market-data-tick-tradfi-prd-central-element-323112,tradfi-bf-es-opt-light-adhoc-20260430-174215.parquet,60,0,60,0,6
tradfi,market-data-tick-tradfi-prd-central-element-323112,tradfi-bf-etha-light-2024-20260430-033349.parquet,60,0,60,0,6
tradfi,market-data-tick-tradfi-prd-central-element-323112,tradfi-bf-fbtc-2026-20260505-085252.parquet,60,0,60,0,6
tradfi,market-data-tick-tradfi-prd-central-element-323112,tradfi-bf-feth-light-2024-20260430-033439.parquet,60,0,60,0,6
tradfi,market-data-tick-tradfi-prd-central-element-323112,tradfi-bf-fbtc-light-2025-20260430-033217.parquet,59,0,59,0,6
tradfi,market-data-tick-tradfi-prd-central-element-323112,tradfi-bf-gbtc-light-2024-20260430-042823.parquet,59,0,59,0,6
cefi,market-data-tick-cefi-prd-central-element-323112,cefi-bybit-2025-heavy.parquet,58,0,58,0,6
cefi,market-data-tick-cefi-prd-central-element-323112,cefi-bybit-2026-heavy.parquet,58,0,58,0,6
tradfi,market-data-tick-tradfi-prd-central-element-323112,tradfi-bf-ibit-light-2025-20260430-033123.parquet,58,0,58,0,6
cefi,market-data-tick-cefi-prd-central-element-323112,cefi-binance-spot-2022-heavy-20260505-152844.parquet,57,0,57,0,6
cefi,market-data-tick-cefi-prd-central-element-323112,cefi-binance-spot-2024-heavy.parquet,57,0,57,0,6
cefi,market-data-tick-cefi-prd-central-element-323112,cefi-binance-spot-2025-heavy-20260505-152844.parquet,57,0,57,0,6
tradfi,market-data-tick-tradfi-prd-central-element-323112,tradfi-bf-gbtc-light-2025-20260430-033314.parquet,57,0,57,0,6
tradfi,market-data-tick-tradfi-prd-central-element-323112,tradfi-bf-bito-2026-20260505-085253.parquet,56,0,56,0,6
tradfi,market-data-tick-tradfi-prd-central-element-323112,tradfi-bf-fbtc-2024-20260504-232835.parquet,56,0,56,0,6
tradfi,market-data-tick-tradfi-prd-central-element-323112,tradfi-bf-btc-2022-20260504-231321.parquet,55,0,55,0,6
tradfi,market-data-tick-tradfi-prd-central-element-323112,tradfi-bf-btc-2022-20260505-082706.parquet,55,0,55,0,6
tradfi,market-data-tick-tradfi-prd-central-element-323112,tradfi-bf-es-2022-20260504-231321.parquet,55,0,55,0,6
tradfi,market-data-tick-tradfi-prd-central-element-323112,tradfi-bf-es-2022-20260505-082706.parquet,55,0,55,0,6
tradfi,market-data-tick-tradfi-prd-central-element-323112,tradfi-bf-eth-2022-20260504-231322.parquet,55,0,55,0,6
tradfi,market-data-tick-tradfi-prd-central-element-323112,tradfi-bf-eth-2022-20260505-082706.parquet,55,0,55,0,6
tradfi,market-data-tick-tradfi-prd-central-element-323112,tradfi-bf-feth-light-2025-20260430-042803.parquet,55,0,55,0,6
cefi,market-data-tick-cefi-prd-central-element-323112,cefi-bitget-futures-2026-heavy-20260504-193757.parquet,54,0,54,0,6
cefi,market-data-tick-cefi-prd-central-element-323112,cefi-kraken-futures-2020-heavy-20260504-194455.parquet,54,0,54,0,6
cefi,market-data-tick-cefi-prd-central-element-323112,mdps-cefi-2025-20260503-123258.parquet,54,0,54,0,6
tradfi,market-data-tick-tradfi-prd-central-element-323112,tradfi-bf-es-2020-20260504-231321.parquet,54,0,54,0,6
tradfi,market-data-tick-tradfi-prd-central-element-323112,tradfi-bf-es-2021-20260504-231321.parquet,54,0,54,0,6
tradfi,market-data-tick-tradfi-prd-central-element-323112,tradfi-bf-es-2021-20260505-082706.parquet,54,0,54,0,6
tradfi,market-data-tick-tradfi-prd-central-element-323112,tradfi-bf-ethe-2026-20260505-085253.parquet,54,0,54,0,6
tradfi,market-data-tick-tradfi-prd-central-element-323112,tradfi-bf-btc-2025-20260504-231321.parquet,53,0,53,0,6
tradfi,market-data-tick-tradfi-prd-central-element-323112,tradfi-bf-btc-2025-20260505-082706.parquet,53,0,53,0,6
tradfi,market-data-tick-tradfi-prd-central-element-323112,tradfi-bf-es-2025-20260504-231321.parquet,53,0,53,0,6
tradfi,market-data-tick-tradfi-prd-central-element-323112,tradfi-bf-es-2025-20260505-082706.parquet,53,0,53,0,6
tradfi,market-data-tick-tradfi-prd-central-element-323112,tradfi-bf-eth-2025-20260504-231322.parquet,53,0,53,0,6
tradfi,market-data-tick-tradfi-prd-central-element-323112,tradfi-bf-eth-2025-20260505-082707.parquet,53,0,53,0,6
cefi,market-data-tick-cefi-prd-central-element-323112,mdps-cefi-2020-20260505-143537.parquet,51,0,51,0,6
tradfi,market-data-tick-tradfi-prd-central-element-323112,tradfi-bf-btc-2023-20260504-231321.parquet,51,0,51,0,6
tradfi,market-data-tick-tradfi-prd-central-element-323112,tradfi-bf-btc-2023-20260505-082706.parquet,51,0,51,0,6
tradfi,market-data-tick-tradfi-prd-central-element-323112,tradfi-bf-es-2023-20260504-231321.parquet,51,0,51,0,6
tradfi,market-data-tick-tradfi-prd-central-element-323112,tradfi-bf-es-2023-20260505-082706.parquet,51,0,51,0,6
tradfi,market-data-tick-tradfi-prd-central-element-323112,tradfi-bf-eth-2023-20260504-231322.parquet,51,0,51,0,6
tradfi,market-data-tick-tradfi-prd-central-element-323112,tradfi-bf-eth-2023-20260505-082707.parquet,51,0,51,0,6
cefi,market-data-tick-cefi-prd-central-element-323112,cefi-bitget-futures-2026-light-20260504-193821.parquet,50,0,50,0,6
cefi,market-data-tick-cefi-prd-central-element-323112,cefi-kraken-spot-2026-heavy-20260507-151227.parquet,50,0,50,0,7
tradfi,market-data-tick-tradfi-prd-central-element-323112,tradfi-bf-arkb-2026-20260505-085253.parquet,50,0,50,0,6
tradfi,market-data-tick-tradfi-prd-central-element-323112,tradfi-bf-feth-2026-20260505-085253.parquet,50,0,50,0,6
tradfi,market-data-tick-tradfi-prd-central-element-323112,tradfi-bf-mes-2021-20260504-231321.parquet,50,0,50,0,6
tradfi,market-data-tick-tradfi-prd-central-element-323112,tradfi-bf-mes-2026-20260505-085252.parquet,50,0,50,0,6
tradfi,market-data-tick-tradfi-prd-central-element-323112,tradfi-bf-btc-2024-20260504-231321.parquet,49,0,49,0,6
tradfi,market-data-tick-tradfi-prd-central-element-323112,tradfi-bf-es-2024-20260504-231321.parquet,49,0,49,0,6
tradfi,market-data-tick-tradfi-prd-central-element-323112,tradfi-bf-es-2024-20260505-082706.parquet,49,0,49,0,6
tradfi,market-data-tick-tradfi-prd-central-element-323112,tradfi-bf-eth-2024-20260504-231322.parquet,49,0,49,0,6
tradfi,market-data-tick-tradfi-prd-central-element-323112,tradfi-bf-eth-2024-20260505-082707.parquet,49,0,49,0,6
tradfi,market-data-tick-tradfi-prd-central-element-323112,tradfi-bf-gbtc-2026-20260505-085253.parquet,49,0,49,0,6
cefi,market-data-tick-cefi-prd-central-element-323112,cefi-kraken-futures-2025-heavy-20260504-194743.parquet,48,0,48,0,6
cefi,market-data-tick-cefi-prd-central-element-323112,cefi-deribit-2024-light-20260506-121357.parquet,42,0,42,0,6
tradfi,market-data-tick-tradfi-prd-central-element-323112,tradfi-bf-mes-2020-20260504-231321.parquet,42,0,42,0,6
prediction,market-data-tick-pred-prd-central-element-323112,blank-reason-recon-prediction-20260507-175636.parquet,41,0,41,0,"5,6"
cefi,market-data-tick-cefi-prd-central-element-323112,cefi-coinbase-spot-2025-sol-usd--20260506-212742.parquet,40,0,40,0,6
cefi,market-data-tick-cefi-prd-central-element-323112,cefi-kraken-futures-2020-light-20260504-194106.parquet,40,0,40,0,6
cefi,market-data-tick-cefi-prd-central-element-323112,mdps-cefi-2020-20260503-123258.parquet,40,0,40,0,6
cefi,market-data-tick-cefi-prd-central-element-323112,mdps-cefi-2021-20260503-123258.parquet,40,0,40,0,6
cefi,market-data-tick-cefi-prd-central-element-323112,mdps-cefi-2022-20260503-123258.parquet,40,0,40,0,6
cefi,market-data-tick-cefi-prd-central-element-323112,mdps-cefi-2023-20260503-123258.parquet,40,0,40,0,6
cefi,market-data-tick-cefi-prd-central-element-323112,mdps-cefi-2024-20260503-123258.parquet,40,0,40,0,6
cefi,market-data-tick-cefi-prd-central-element-323112,mdps-cefi-smoke3-20260505-233056.parquet,40,0,40,0,6
cefi,market-data-tick-cefi-prd-central-element-323112,cefi-binance-futures-2023-heavy-20260505-152844.parquet,38,0,38,0,6
cefi,market-data-tick-cefi-prd-central-element-323112,cefi-binance-spot-2023-heavy-20260505-152844.parquet,38,0,38,0,6
cefi,market-data-tick-cefi-prd-central-element-323112,cefi-bitfinex-spot-2026-heavy-20260504-144759.parquet,38,0,38,0,6
cefi,market-data-tick-cefi-prd-central-element-323112,cefi-coinbase-spot-2025-link-usd--20260506-212742.parquet,38,0,38,0,6
tradfi,market-data-tick-tradfi-prd-central-element-323112,mdps-tradfi-2023-20260505-203928.parquet,38,0,38,0,6
tradfi,market-data-tick-tradfi-prd-central-element-323112,tradfi-bf-es-light-2022-20260430-024219.parquet,38,0,38,0,6
tradfi,market-data-tick-tradfi-prd-central-element-323112,tradfi-bf-fbtc-2025-20260504-232835.parquet,38,0,38,0,6
tradfi,market-data-tick-tradfi-prd-central-element-323112,tradfi-bf-feth-2025-20260504-232835.parquet,38,0,38,0,6
cefi,market-data-tick-cefi-prd-central-element-323112,cefi-binance-futures-2020-light-20260505-152844.parquet,37,0,37,0,6
cefi,market-data-tick-cefi-prd-central-element-323112,cefi-binance-futures-2022-light-20260505-152844.parquet,37,0,37,0,6
cefi,market-data-tick-cefi-prd-central-element-323112,cefi-binance-futures-2022-light.parquet,37,0,37,0,6
cefi,market-data-tick-cefi-prd-central-element-323112,cefi-binance-futures-2024-light-20260505-152844.parquet,37,0,37,0,6
cefi,market-data-tick-cefi-prd-central-element-323112,cefi-binance-futures-2024-light-20260506-121357.parquet,37,0,37,0,6
cefi,market-data-tick-cefi-prd-central-element-323112,cefi-bybit-2023-light-20260505-152844.parquet,37,0,37,0,6
cefi,market-data-tick-cefi-prd-central-element-323112,cefi-bybit-2026-light-20260505-152844.parquet,37,0,37,0,6
cefi,market-data-tick-cefi-prd-central-element-323112,cefi-kraken-futures-2021-heavy-20260501-185156.parquet,37,0,37,0,6
tradfi,market-data-tick-tradfi-prd-central-element-323112,mdps-tradfi-2021-20260505-170439.parquet,37,0,37,0,6
tradfi,market-data-tick-tradfi-prd-central-element-323112,mdps-tradfi-2022-20260505-203928.parquet,37,0,37,0,6
tradfi,market-data-tick-tradfi-prd-central-element-323112,mdps-tradfi-2023-20260506-005356.parquet,37,0,37,0,6
tradfi,market-data-tick-tradfi-prd-central-element-323112,mdps-tradfi-2025-20260506-005356.parquet,37,0,37,0,6
tradfi,market-data-tick-tradfi-prd-central-element-323112,mdps-tradfi-2026-20260505-170439.parquet,37,0,37,0,6
tradfi,market-data-tick-tradfi-prd-central-element-323112,mdps-tradfi-2026-20260506-005356.parquet,37,0,37,0,6
tradfi,market-data-tick-tradfi-prd-central-element-323112,mdps-tradfi-2026-20260506-085858.parquet,37,0,37,0,6
cefi,market-data-tick-cefi-prd-central-element-323112,cefi-coinbase-spot-2026-eth-usd--20260506-212742.parquet,36,0,36,0,6
cefi,market-data-tick-cefi-prd-central-element-323112,cefi-coinbase-spot-2026-heavy-20260506-204954.parquet,36,0,36,0,6
cefi,market-data-tick-cefi-prd-central-element-323112,cefi-upbit-2025-heavy.parquet,36,0,36,0,6
tradfi,market-data-tick-tradfi-prd-central-element-323112,mdps-tradfi-2020-20260505-170439.parquet,36,0,36,0,6
tradfi,market-data-tick-tradfi-prd-central-element-323112,mdps-tradfi-2020-20260503-123258.parquet,35,0,35,0,6
tradfi,market-data-tick-tradfi-prd-central-element-323112,mdps-tradfi-2021-20260503-123258.parquet,35,0,35,0,6
tradfi,market-data-tick-tradfi-prd-central-element-323112,mdps-tradfi-2023-20260503-123258.parquet,35,0,35,0,6
tradfi,market-data-tick-tradfi-prd-central-element-323112,mdps-tradfi-2024-20260503-123258.parquet,35,0,35,0,6
tradfi,market-data-tick-tradfi-prd-central-element-323112,mdps-tradfi-2024-20260506-125828.parquet,35,0,35,0,6
tradfi,market-data-tick-tradfi-prd-central-element-323112,mdps-tradfi-2025-20260503-123258.parquet,35,0,35,0,6
tradfi,market-data-tick-tradfi-prd-central-element-323112,mdps-tradfi-2026-20260503-123258.parquet,35,0,35,0,6
tradfi,market-data-tick-tradfi-prd-central-element-323112,tradfi-bf-gbtc-2024-20260504-232835.parquet,35,0,35,0,6
cefi,market-data-tick-cefi-prd-central-element-323112,cefi-kraken-futures-2022-heavy-20260507-185804.parquet,34,0,34,0,7
tradfi,market-data-tick-tradfi-prd-central-element-323112,tradfi-bf-bito-2024-20260504-232835.parquet,34,0,34,0,6
cefi,market-data-tick-cefi-prd-central-element-323112,cefi-kraken-futures-2021-heavy-20260507-185725.parquet,33,0,33,0,7
prediction,market-data-tick-pred-prd-central-element-323112,mtds-prediction-20260430-024407.parquet,33,0,33,0,6
cefi,market-data-tick-cefi-prd-central-element-323112,cefi-bitfinex-spot-2026-heavy-20260507-194933.parquet,32,0,32,0,7
sports,instruments-store-sports-prd-central-element-323112,af-backfill-20260506-083524.parquet,32,0,32,0,6
tradfi,market-data-tick-tradfi-prd-central-element-323112,tradfi-bf-es-2020-20260505-082706.parquet,32,0,32,0,6
sports,instruments-store-sports-prd-central-element-323112,local-57763-4f5c.parquet,31,0,31,0,6
sports,instruments-store-sports-prd-central-element-323112,local-57763-e64a.parquet,31,0,31,0,6
cefi,market-data-tick-cefi-prd-central-element-323112,cefi-kraken-futures-2022-heavy-20260506-175906.parquet,30,0,30,0,6
cefi,market-data-tick-cefi-prd-central-element-323112,cefi-kraken-futures-2026-light-20260504-194845.parquet,30,0,30,0,6
tradfi,market-data-tick-tradfi-prd-central-element-323112,tradfi-bf-gbtc-2025-20260504-232835.parquet,30,0,30,0,6
cefi,market-data-tick-cefi-prd-central-element-323112,cefi-binance-futures-2026-heavy.parquet,29,0,29,0,6
cefi,market-data-tick-cefi-prd-central-element-323112,cefi-bybit-2023-heavy.parquet,29,0,29,0,6
tradfi,market-data-tick-tradfi-prd-central-element-323112,tradfi-bf-arkb-2026-20260504-232835.parquet,29,0,29,0,6
cefi,market-data-tick-cefi-prd-central-element-323112,cefi-bitfinex-futures-2024-heavy-20260501-184520.parquet,27,0,27,0,6
cefi,market-data-tick-cefi-prd-central-element-323112,cefi-upbit-2024-heavy.parquet,27,0,27,0,6
tradfi,market-data-tick-tradfi-prd-central-element-323112,tradfi-bf-bito-2025-20260504-232835.parquet,27,0,27,0,6
cefi,market-data-tick-cefi-prd-central-element-323112,cefi-coinbase-spot-2023-sol-usd--20260506-212742.parquet,26,0,26,0,6
cefi,market-data-tick-cefi-prd-central-element-323112,mdps-cefi-2026-20260503-123258.parquet,26,0,26,0,6
tradfi,market-data-tick-tradfi-prd-central-element-323112,tradfi-recent-cboe-20260504-233149.parquet,26,0,26,0,6
cefi,instruments-store-cefi-prd-central-element-323112,cefi-instr-deribit-20260504-183506.parquet,25,0,25,0,6
tradfi,market-data-tick-tradfi-prd-central-element-323112,tradfi-bf-ethe-light-2026-20260430-033618.parquet,25,0,25,0,6
tradfi,market-data-tick-tradfi-prd-central-element-323112,tradfi-bf-gbtc-light-2026-20260430-033331.parquet,25,0,25,0,6
tradfi,market-data-tick-tradfi-prd-central-element-323112,tradfi-bf-etha-light-2026-20260430-033421.parquet,24,0,24,0,6
tradfi,market-data-tick-tradfi-prd-central-element-323112,tradfi-bf-ibit-light-2026-20260430-033139.parquet,24,0,24,0,6
cefi,market-data-tick-cefi-prd-central-element-323112,cefi-kraken-futures-2021-heavy-20260504-145939.parquet,23,0,23,0,6
defi,instruments-store-defi-prd-central-element-323112,local_defi_aavev3_arbitrum_1a99c3.parquet,23,0,23,0,6
defi,instruments-store-defi-prd-central-element-323112,local_defi_aavev3_avalanche_f6852f.parquet,23,0,23,0,6
defi,instruments-store-defi-prd-central-element-323112,local_defi_aavev3_base_476cfe.parquet,23,0,23,0,6
defi,instruments-store-defi-prd-central-element-323112,local_defi_aavev3_bsc_2cff72.parquet,23,0,23,0,6
defi,instruments-store-defi-prd-central-element-323112,local_defi_aavev3_ethereum_027dbb.parquet,23,0,23,0,6
defi,instruments-store-defi-prd-central-element-323112,local_defi_aavev3_linea_356113.parquet,23,0,23,0,6
defi,instruments-store-defi-prd-central-element-323112,local_defi_aavev3_optimism_c36a65.parquet,23,0,23,0,6
defi,instruments-store-defi-prd-central-element-323112,local_defi_aavev3_polygon_8edb4e.parquet,23,0,23,0,6
defi,instruments-store-defi-prd-central-element-323112,local_defi_balancer_arbitrum_702f7b.parquet,23,0,23,0,6
defi,instruments-store-defi-prd-central-element-323112,local_defi_balancer_avalanche_2522b8.parquet,23,0,23,0,6
defi,instruments-store-defi-prd-central-element-323112,local_defi_balancer_base_e034ed.parquet,23,0,23,0,6
defi,instruments-store-defi-prd-central-element-323112,local_defi_balancer_optimism_da38c7.parquet,23,0,23,0,6
defi,instruments-store-defi-prd-central-element-323112,local_defi_balancer_polygon_017c9c.parquet,23,0,23,0,6
defi,instruments-store-defi-prd-central-element-323112,local_defi_compoundv3_arbitrum_776191.parquet,23,0,23,0,6
defi,instruments-store-defi-prd-central-element-323112,local_defi_compoundv3_base_215326.parquet,23,0,23,0,6
defi,instruments-store-defi-prd-central-element-323112,local_defi_compoundv3_ethereum_eb5f0b.parquet,23,0,23,0,6
defi,instruments-store-defi-prd-central-element-323112,local_defi_compoundv3_optimism_3e1ec3.parquet,23,0,23,0,6
defi,instruments-store-defi-prd-central-element-323112,local_defi_curve_avalanche_7a32c4.parquet,23,0,23,0,6
defi,instruments-store-defi-prd-central-element-323112,local_defi_curve_optimism_8e47f6.parquet,23,0,23,0,6
defi,instruments-store-defi-prd-central-element-323112,local_defi_ethena_ethereum_ffd856.parquet,23,0,23,0,6
defi,instruments-store-defi-prd-central-element-323112,local_defi_etherfi_ethereum_090d45.parquet,23,0,23,0,6
defi,instruments-store-defi-prd-central-element-323112,local_defi_fluid_ethereum_205983.parquet,23,0,23,0,6
defi,instruments-store-defi-prd-central-element-323112,local_defi_jito_solana_334cfc.parquet,23,0,23,0,6
defi,instruments-store-defi-prd-central-element-323112,local_defi_morpho_base_0af819.parquet,23,0,23,0,6
defi,instruments-store-defi-prd-central-element-323112,local_defi_morpho_ethereum_1fa042.parquet,23,0,23,0,6
defi,instruments-store-defi-prd-central-element-323112,local_defi_uniswapv3_arbitrum_82a542.parquet,23,0,23,0,6
defi,instruments-store-defi-prd-central-element-323112,local_defi_uniswapv3_base_5642a3.parquet,23,0,23,0,6
defi,instruments-store-defi-prd-central-element-323112,local_defi_uniswapv3_optimism_f4d7d0.parquet,23,0,23,0,6
defi,instruments-store-defi-prd-central-element-323112,local_defi_uniswapv3_polygon_af3756.parquet,23,0,23,0,6
defi,instruments-store-defi-prd-central-element-323112,local_defi_uniswapv4_ethereum_91f858.parquet,23,0,23,0,6
tradfi,market-data-tick-tradfi-prd-central-element-323112,mtds-es-opt-refill-20260506-092803.parquet,23,0,23,0,6
tradfi,market-data-tick-tradfi-prd-central-element-323112,tradfi-bf-ethe-2024-20260504-232835.parquet,23,0,23,0,6
tradfi,market-data-tick-tradfi-prd-central-element-323112,tradfi-bf-fbtc-light-2026-20260430-042749.parquet,23,0,23,0,6
cefi,market-data-tick-cefi-prd-central-element-323112,cefi-bitfinex-futures-2022-heavy-20260504-194158.parquet,22,0,22,0,6
cefi,market-data-tick-cefi-prd-central-element-323112,cefi-okx-spot-2021-heavy-20260506-150808.parquet,22,0,22,0,6
defi,instruments-store-defi-prd-central-element-323112,local_defi_balancer_ethereum_7df223.parquet,22,0,22,0,6
defi,instruments-store-defi-prd-central-element-323112,local_defi_curve_ethereum_a0863b.parquet,22,0,22,0,6
defi,instruments-store-defi-prd-central-element-323112,local_defi_lido_ethereum_1e3475.parquet,22,0,22,0,6
defi,instruments-store-defi-prd-central-element-323112,local_defi_uniswapv2_ethereum_843c6c.parquet,22,0,22,0,6
tradfi,market-data-tick-tradfi-prd-central-element-323112,tradfi-bf-feth-light-2026-20260430-033520.parquet,22,0,22,0,6
cefi,market-data-tick-cefi-prd-central-element-323112,cefi-bitfinex-futures-2020-heavy-20260506-160314.parquet,21,0,21,0,6
cefi,market-data-tick-cefi-prd-central-element-323112,cefi-deribit-2025-light.parquet,21,0,21,0,6
cefi,market-data-tick-cefi-prd-central-element-323112,cefi-deribit-2026-light.parquet,21,0,21,0,6
defi,instruments-store-defi-prd-central-element-323112,local_defi_uniswapv3_ethereum_67f617.parquet,21,0,21,0,6
tradfi,market-data-tick-tradfi-prd-central-element-323112,tradfi-bf-es-2026-20260504-231321.parquet,21,0,21,0,6
tradfi,market-data-tick-tradfi-prd-central-element-323112,tradfi-bf-es-light-2022-20260430-031335.parquet,21,0,21,0,6
cefi,market-data-tick-cefi-prd-central-element-323112,cefi-deribit-2023-heavy.parquet,20,0,20,0,6
sports,instruments-store-sports-prd-central-element-323112,us-backfill-20260504-183556.parquet,20,0,20,0,6
tradfi,market-data-tick-tradfi-prd-central-element-323112,tradfi-recent-fx-20260504-233149.parquet,20,0,20,0,6
cefi,market-data-tick-cefi-prd-central-element-323112,cefi-binance-spot-2020-heavy.parquet,19,0,19,0,6
cefi,market-data-tick-cefi-prd-central-element-323112,cefi-binance-spot-2021-heavy-20260505-152844.parquet,19,0,19,0,6
cefi,market-data-tick-cefi-prd-central-element-323112,cefi-binance-spot-2021-heavy-20260506-121357.parquet,19,0,19,0,6
cefi,market-data-tick-cefi-prd-central-element-323112,cefi-binance-spot-2025-heavy.parquet,19,0,19,0,6
tradfi,market-data-tick-tradfi-prd-central-element-323112,tradfi-bf-btc-2026-20260505-082706.parquet,19,0,19,0,6
tradfi,market-data-tick-tradfi-prd-central-element-323112,tradfi-bf-es-2026-20260505-082706.parquet,19,0,19,0,6
tradfi,market-data-tick-tradfi-prd-central-element-323112,tradfi-bf-eth-2026-20260505-082707.parquet,19,0,19,0,6
tradfi,market-data-tick-tradfi-prd-central-element-323112,tradfi-bf-feth-2024-20260504-232835.parquet,19,0,19,0,6
cefi,market-data-tick-cefi-prd-central-element-323112,cefi-coinbase-spot-2025-heavy-20260506-204954.parquet,18,0,18,0,6
cefi,market-data-tick-cefi-prd-central-element-323112,cefi-kraken-futures-2023-heavy-20260504-194635.parquet,18,0,18,0,6
cefi,market-data-tick-cefi-prd-central-element-323112,cefi-kraken-futures-2024-heavy-20260506-180030.parquet,18,0,18,0,6
cefi,market-data-tick-cefi-prd-central-element-323112,cefi-upbit-2026-heavy.parquet,18,0,18,0,6
tradfi,market-data-tick-tradfi-prd-central-element-323112,tradfi-bf-btc-2026-20260504-231321.parquet,18,0,18,0,6
tradfi,market-data-tick-tradfi-prd-central-element-323112,tradfi-bf-es-light-2025-20260430-024316.parquet,18,0,18,0,6
tradfi,market-data-tick-tradfi-prd-central-element-323112,tradfi-bf-eth-2026-20260504-231322.parquet,18,0,18,0,6
tradfi,market-data-tick-tradfi-prd-central-element-323112,tradfi-bf-es-opt-2026-20260504-231321.parquet,17,0,17,0,6
cefi,market-data-tick-cefi-prd-central-element-323112,cefi-coinbase-spot-2025-doge-usd--20260506-212742.parquet,16,0,16,0,6
cefi,market-data-tick-cefi-prd-central-element-323112,cefi-kraken-futures-2026-light-20260506-162304.parquet,16,0,16,0,6
cefi,market-data-tick-cefi-prd-central-element-323112,cefi-extended-starknet-smoke3-20260502-160634.parquet,15,0,15,0,6
cefi,market-data-tick-cefi-prd-central-element-323112,cefi-lighter-zksync-smoke3-20260502-160634.parquet,15,0,15,0,6
cefi,market-data-tick-cefi-prd-central-element-323112,cefi-pacifica-solana-smoke3-20260502-160634.parquet,15,0,15,0,6
cefi,instruments-store-cefi-prd-central-element-323112,local_okx_futures_20260504-213833_0b6880.parquet,14,0,14,0,6
tradfi,market-data-tick-tradfi-prd-central-element-323112,tradfi-bf-es-light-2023-20260430-031350.parquet,14,0,14,0,6
cefi,instruments-store-cefi-prd-central-element-323112,local_coinbase_spot_20260504-213833_a5fed6.parquet,13,0,13,0,6
prediction,instruments-store-pred-prd-central-element-323112,local_predict_20260311_dae07c.parquet,13,0,13,0,6
prediction,instruments-store-pred-prd-central-element-323112,local_predict_20260312_ae4874.parquet,13,0,13,0,6
tradfi,market-data-tick-tradfi-prd-central-element-323112,tradfi-bf-es-light-2024-20260430-031405.parquet,13,0,13,0,6
cefi,instruments-store-cefi-prd-central-element-323112,local_okx_spot_20260504-213833_56cb6b.parquet,12,0,12,0,6
cefi,market-data-tick-cefi-prd-central-element-323112,cefi-kraken-futures-2021-heavy-20260506-175823.parquet,12,0,12,0,6
prediction,instruments-store-pred-prd-central-element-323112,local_predict_20251211_0da61e.parquet,12,0,12,0,6
prediction,instruments-store-pred-prd-central-element-323112,local_predict_20260302_bb8112.parquet,12,0,12,0,6
prediction,instruments-store-pred-prd-central-element-323112,local_predict_20260326_cb3dc5.parquet,12,0,12,0,6
prediction,instruments-store-pred-prd-central-element-323112,local_predict_20260406_858b5e.parquet,12,0,12,0,6
prediction,instruments-store-pred-prd-central-element-323112,local_predict_20260407_c5b684.parquet,12,0,12,0,6
prediction,instruments-store-pred-prd-central-element-323112,local_predict_20260409_1ec320.parquet,12,0,12,0,6
prediction,instruments-store-pred-prd-central-element-323112,local_predict_20260410_b076c7.parquet,12,0,12,0,6
prediction,instruments-store-pred-prd-central-element-323112,local_predict_smoke_04fbe0.parquet,12,0,12,0,6
tradfi,market-data-tick-tradfi-prd-central-element-323112,tradfi-bf-btc-light-2025-20260430-030949.parquet,12,0,12,0,6
cefi,market-data-tick-cefi-prd-central-element-323112,opt-deribit-2025.parquet,11,0,11,0,6
prediction,instruments-store-pred-prd-central-element-323112,local_predict_20251216_825d5f.parquet,11,0,11,0,6
prediction,instruments-store-pred-prd-central-element-323112,local_predict_20251218_1bfbad.parquet,11,0,11,0,6
prediction,instruments-store-pred-prd-central-element-323112,local_predict_20251224_c134c1.parquet,11,0,11,0,6
prediction,instruments-store-pred-prd-central-element-323112,local_predict_20260217_3758b8.parquet,11,0,11,0,6
prediction,instruments-store-pred-prd-central-element-323112,local_predict_20260303_c84491.parquet,11,0,11,0,6
prediction,instruments-store-pred-prd-central-element-323112,local_predict_20260304_e783fd.parquet,11,0,11,0,6
prediction,instruments-store-pred-prd-central-element-323112,local_predict_20260305_3ab16a.parquet,11,0,11,0,6
prediction,instruments-store-pred-prd-central-element-323112,local_predict_20260306_6da2a4.parquet,11,0,11,0,6
prediction,market-data-tick-pred-prd-central-element-323112,prediction-fwd-20260428-200733.parquet,11,0,11,0,6
tradfi,market-data-tick-tradfi-prd-central-element-323112,tradfi-bf-btc-2024-20260505-082706.parquet,11,0,11,0,6
cefi,market-data-tick-cefi-prd-central-element-323112,cefi-coinbase-spot-2025-xrp-usd--20260506-212742.parquet,10,0,10,0,6
cefi,market-data-tick-cefi-prd-central-element-323112,cefi-coinbase-spot-2026-btc-usd--20260506-212742.parquet,10,0,10,0,6
cefi,market-data-tick-cefi-prd-central-element-323112,cefi-kraken-futures-2026-light-20260504-194434.parquet,10,0,10,0,6
cefi,market-data-tick-cefi-prd-central-element-323112,cefi-okx-spot-2023-heavy-20260506-150808.parquet,10,0,10,0,6
cefi,market-data-tick-cefi-prd-central-element-323112,cefi-okx-spot-2025-heavy-20260506-150808.parquet,10,0,10,0,6
prediction,instruments-store-pred-prd-central-element-323112,local_predict_20260228_fb16c7.parquet,10,0,10,0,6
prediction,instruments-store-pred-prd-central-element-323112,local_predict_20260403_3f7f73.parquet,10,0,10,0,6
tradfi,market-data-tick-tradfi-prd-central-element-323112,tradfi-bf-btc-heavy-2024-06-20260430-023121.parquet,10,0,10,0,6
cefi,market-data-tick-cefi-prd-central-element-323112,cefi-coinbase-spot-2025-heavy-20260506-181122.parquet,9,0,9,0,6
cefi,market-data-tick-cefi-prd-central-element-323112,cefi-coinbase-spot-2026-heavy-20260506-150808.parquet,9,0,9,0,6
cefi,market-data-tick-cefi-prd-central-element-323112,cefi-coinbase-spot-2026-heavy-20260506-173224.parquet,9,0,9,0,6
prediction,instruments-store-pred-prd-central-element-323112,local_predict_20251020_a4da4e.parquet,9,0,9,0,6
prediction,instruments-store-pred-prd-central-element-323112,local_predict_20251021_52dd97.parquet,9,0,9,0,6
prediction,instruments-store-pred-prd-central-element-323112,local_predict_20251113_42c0a0.parquet,9,0,9,0,6
prediction,instruments-store-pred-prd-central-element-323112,local_predict_20260131_bd48f1.parquet,9,0,9,0,6
prediction,instruments-store-pred-prd-central-element-323112,local_predict_20260224_191516.parquet,9,0,9,0,6
prediction,market-data-tick-pred-prd-central-element-323112,mdps-backfill-prediction-20260429-025114.parquet,9,0,9,0,6
prediction,market-data-tick-pred-prd-central-element-323112,mdps-prediction-2025-20260501-182627.parquet,9,0,9,0,6
prediction,market-data-tick-pred-prd-central-element-323112,mdps-prediction-2026-20260501-182627.parquet,9,0,9,0,6
tradfi,market-data-tick-tradfi-prd-central-element-323112,tradfi-bf-eth-light-2024-w2-20260430-031231.parquet,9,0,9,0,6
cefi,market-data-tick-cefi-prd-central-element-323112,cefi-kraken-futures-2021-light-20260504-194141.parquet,8,0,8,0,6
cefi,market-data-tick-cefi-prd-central-element-323112,cefi-kraken-futures-2022-light-20260504-194214.parquet,8,0,8,0,6
cefi,market-data-tick-cefi-prd-central-element-323112,cefi-kraken-futures-2023-light-20260504-194244.parquet,8,0,8,0,6
prediction,instruments-store-pred-prd-central-element-323112,local_predict_20260314_2a3b8f.parquet,8,0,8,0,6
prediction,instruments-store-pred-prd-central-element-323112,local_predict_20260315_4196d6.parquet,8,0,8,0,6
prediction,instruments-store-pred-prd-central-element-323112,local_predict_20260321_d1f117.parquet,8,0,8,0,6
prediction,instruments-store-pred-prd-central-element-323112,local_predict_20260322_3a8764.parquet,8,0,8,0,6
prediction,instruments-store-pred-prd-central-element-323112,local_predict_20260328_dcefbf.parquet,8,0,8,0,6
prediction,instruments-store-pred-prd-central-element-323112,local_predict_20260329_aa0f6d.parquet,8,0,8,0,6
prediction,instruments-store-pred-prd-central-element-323112,local_predict_20260404_7033f9.parquet,8,0,8,0,6
prediction,instruments-store-pred-prd-central-element-323112,local_predict_20260405_7684f4.parquet,8,0,8,0,6
prediction,instruments-store-pred-prd-central-element-323112,local_predict_20260411_f372a1.parquet,8,0,8,0,6
prediction,instruments-store-pred-prd-central-element-323112,local_predict_20260412_ed9d16.parquet,8,0,8,0,6
tradfi,instruments-store-tradfi-prd-central-element-323112,tradfi-instr-cme-2026-20260504-231617.parquet,8,0,8,0,6
tradfi,market-data-tick-tradfi-prd-central-element-323112,tradfi-bf-eth-heavy-2023-05-20260430-031045.parquet,8,0,8,0,6
cefi,market-data-tick-cefi-prd-central-element-323112,cefi-bitfinex-futures-2020-heavy-20260506-160553.parquet,7,0,7,0,6
cefi,market-data-tick-cefi-prd-central-element-323112,cefi-kraken-futures-2026-heavy-20260507-151732.parquet,7,0,7,0,7
prediction,instruments-store-pred-prd-central-element-323112,local_predict_20260101_a6de52.parquet,7,0,7,0,6
prediction,instruments-store-pred-prd-central-element-323112,local_predict_20260216_9bcb55.parquet,7,0,7,0,6
prediction,instruments-store-pred-prd-central-element-323112,local_predict_20260222_faf6c6.parquet,7,0,7,0,6
prediction,instruments-store-pred-prd-central-element-323112,local_predict_20260308_6e5779.parquet,7,0,7,0,6
prediction,instruments-store-pred-prd-central-element-323112,local_predict_20260330_7a8522.parquet,7,0,7,0,6
tradfi,market-data-tick-tradfi-prd-central-element-323112,tradfi-bf-btc-heavy-2024-06-20260430-030758.parquet,7,0,7,0,6
tradfi,market-data-tick-tradfi-prd-central-element-323112,tradfi-bf-btc-light-2023-w2-20260430-030851.parquet,7,0,7,0,6
tradfi,market-data-tick-tradfi-prd-central-element-323112,tradfi-bf-es-light-2025-20260430-031427.parquet,7,0,7,0,6
cefi,market-data-tick-cefi-prd-central-element-323112,cefi-bitfinex-spot-partpath-20260501-183015.parquet,6,0,6,0,6
cefi,market-data-tick-cefi-prd-central-element-323112,cefi-bitfinex-spot-partpath2-20260501-183610.parquet,6,0,6,0,6
cefi,market-data-tick-cefi-prd-central-element-323112,cefi-kraken-futures-2023-heavy-20260504-194229.parquet,6,0,6,0,6
cefi,market-data-tick-cefi-prd-central-element-323112,cefi-kraken-futures-2025-heavy-20260504-194338.parquet,6,0,6,0,6
cefi,market-data-tick-cefi-prd-central-element-323112,cefi-kraken-futures-2025-heavy-20260507-151634.parquet,6,0,6,0,7
cefi,market-data-tick-cefi-prd-central-element-323112,cefi-kraken-futures-2026-heavy-20260506-162249.parquet,6,0,6,0,6
prediction,instruments-store-pred-prd-central-element-323112,local_predict_20250513_6e8313.parquet,6,0,6,0,6
prediction,instruments-store-pred-prd-central-element-323112,local_predict_20251206_b17fb9.parquet,6,0,6,0,6
prediction,instruments-store-pred-prd-central-element-323112,local_predict_20260104_8a4403.parquet,6,0,6,0,6
prediction,instruments-store-pred-prd-central-element-323112,local_predict_20260110_0945a4.parquet,6,0,6,0,6
prediction,instruments-store-pred-prd-central-element-323112,local_predict_20260111_f2e862.parquet,6,0,6,0,6
prediction,instruments-store-pred-prd-central-element-323112,local_predict_20260117_51d3cc.parquet,6,0,6,0,6
prediction,instruments-store-pred-prd-central-element-323112,local_predict_20260118_1c2acc.parquet,6,0,6,0,6
prediction,instruments-store-pred-prd-central-element-323112,local_predict_20260125_9ad268.parquet,6,0,6,0,6
prediction,instruments-store-pred-prd-central-element-323112,local_predict_20260214_11e0eb.parquet,6,0,6,0,6
prediction,instruments-store-pred-prd-central-element-323112,local_predict_20260221_487731.parquet,6,0,6,0,6
tradfi,market-data-tick-tradfi-prd-central-element-323112,tradfi-bf-btc-light-2024-w2-20260430-030932.parquet,6,0,6,0,6
tradfi,market-data-tick-tradfi-prd-central-element-323112,tradfi-bf-es-light-2026-20260430-031445.parquet,6,0,6,0,6
defi,market-data-tick-defi-prd-central-element-323112,mtds-vault-share-price-20260504-123126.parquet,5,0,5,0,6
prediction,instruments-store-pred-prd-central-element-323112,local_predict_20250404_8c198a.parquet,5,0,5,0,6
prediction,instruments-store-pred-prd-central-element-323112,local_predict_20250411_cf4488.parquet,5,0,5,0,6
prediction,instruments-store-pred-prd-central-element-323112,local_predict_20250418_20cf28.parquet,5,0,5,0,6
prediction,instruments-store-pred-prd-central-element-323112,local_predict_20250425_08da54.parquet,5,0,5,0,6
prediction,instruments-store-pred-prd-central-element-323112,local_predict_20250502_c5c06a.parquet,5,0,5,0,6
prediction,instruments-store-pred-prd-central-element-323112,local_predict_20250508_97d988.parquet,5,0,5,0,6
prediction,instruments-store-pred-prd-central-element-323112,local_predict_20250510_d27659.parquet,5,0,5,0,6
prediction,instruments-store-pred-prd-central-element-323112,local_predict_20250511_e47e09.parquet,5,0,5,0,6
prediction,instruments-store-pred-prd-central-element-323112,local_predict_20250512_4c10e7.parquet,5,0,5,0,6
prediction,instruments-store-pred-prd-central-element-323112,local_predict_20250514_315ecc.parquet,5,0,5,0,6
prediction,instruments-store-pred-prd-central-element-323112,local_predict_20251018_1396ae.parquet,5,0,5,0,6
prediction,instruments-store-pred-prd-central-element-323112,local_predict_20251019_177e16.parquet,5,0,5,0,6
prediction,instruments-store-pred-prd-central-element-323112,local_predict_20251025_e1d377.parquet,5,0,5,0,6
prediction,instruments-store-pred-prd-central-element-323112,local_predict_20251026_981d0e.parquet,5,0,5,0,6
prediction,instruments-store-pred-prd-central-element-323112,local_predict_20251101_76919e.parquet,5,0,5,0,6
prediction,instruments-store-pred-prd-central-element-323112,local_predict_20251102_9741c5.parquet,5,0,5,0,6
prediction,instruments-store-pred-prd-central-element-323112,local_predict_20251108_8a6bc3.parquet,5,0,5,0,6
prediction,instruments-store-pred-prd-central-element-323112,local_predict_20251109_e46da3.parquet,5,0,5,0,6
prediction,instruments-store-pred-prd-central-element-323112,local_predict_20251115_89fb31.parquet,5,0,5,0,6
prediction,instruments-store-pred-prd-central-element-323112,local_predict_20251116_30eb53.parquet,5,0,5,0,6
prediction,instruments-store-pred-prd-central-element-323112,local_predict_20251122_d75da8.parquet,5,0,5,0,6
prediction,instruments-store-pred-prd-central-element-323112,local_predict_20251123_5d5ed3.parquet,5,0,5,0,6
prediction,instruments-store-pred-prd-central-element-323112,local_predict_20251123_6450e8.parquet,5,0,5,0,6
prediction,instruments-store-pred-prd-central-element-323112,local_predict_20251127_e2046d.parquet,5,0,5,0,6
prediction,instruments-store-pred-prd-central-element-323112,local_predict_20251129_201be3.parquet,5,0,5,0,6
prediction,instruments-store-pred-prd-central-element-323112,local_predict_20251130_e742b5.parquet,5,0,5,0,6
prediction,instruments-store-pred-prd-central-element-323112,local_predict_20251207_94857c.parquet,5,0,5,0,6
prediction,instruments-store-pred-prd-central-element-323112,local_predict_20251213_7b818a.parquet,5,0,5,0,6
prediction,instruments-store-pred-prd-central-element-323112,local_predict_20251214_49cb48.parquet,5,0,5,0,6
prediction,instruments-store-pred-prd-central-element-323112,local_predict_20251216_5c661a.parquet,5,0,5,0,6
prediction,instruments-store-pred-prd-central-element-323112,local_predict_20251220_97eb5a.parquet,5,0,5,0,6
prediction,instruments-store-pred-prd-central-element-323112,local_predict_20251221_e0a443.parquet,5,0,5,0,6
prediction,instruments-store-pred-prd-central-element-323112,local_predict_20251225_23002e.parquet,5,0,5,0,6
prediction,instruments-store-pred-prd-central-element-323112,local_predict_20251227_be1bce.parquet,5,0,5,0,6
prediction,instruments-store-pred-prd-central-element-323112,local_predict_20251228_d99d57.parquet,5,0,5,0,6
prediction,instruments-store-pred-prd-central-element-323112,local_predict_20260101_33d224.parquet,5,0,5,0,6
prediction,instruments-store-pred-prd-central-element-323112,local_predict_20260103_5773db.parquet,5,0,5,0,6
prediction,instruments-store-pred-prd-central-element-323112,local_predict_20260103_5e2b1f.parquet,5,0,5,0,6
prediction,instruments-store-pred-prd-central-element-323112,local_predict_20260119_f8ea24.parquet,5,0,5,0,6
prediction,instruments-store-pred-prd-central-element-323112,local_predict_20260124_b71145.parquet,5,0,5,0,6
prediction,instruments-store-pred-prd-central-element-323112,local_predict_20260201_f85452.parquet,5,0,5,0,6
prediction,instruments-store-pred-prd-central-element-323112,local_predict_20260207_487610.parquet,5,0,5,0,6
prediction,instruments-store-pred-prd-central-element-323112,local_predict_20260207_fa17fc.parquet,5,0,5,0,6
prediction,instruments-store-pred-prd-central-element-323112,local_predict_20260208_056e8b.parquet,5,0,5,0,6
prediction,instruments-store-pred-prd-central-element-323112,local_predict_20260215_d9ae92.parquet,5,0,5,0,6
prediction,instruments-store-pred-prd-central-element-323112,local_predict_20260301_1103ae.parquet,5,0,5,0,6
prediction,instruments-store-pred-prd-central-element-323112,local_predict_20260307_fa62ed.parquet,5,0,5,0,6
tradfi,market-data-tick-tradfi-prd-central-element-323112,tradfi-bf-ethe-2023-20260504-232835.parquet,5,0,5,0,6
tradfi,market-data-tick-tradfi-prd-central-element-323112,tradfi-recent-cme-20260504-233149.parquet,5,0,5,0,6
cefi,market-data-tick-cefi-prd-central-element-323112,cefi-coinbase-spot-2023-eth-usd--20260506-212742.parquet,4,0,4,0,6
prediction,instruments-store-pred-prd-central-element-323112,local_predict_20250320_121eca.parquet,4,0,4,0,6
prediction,instruments-store-pred-prd-central-element-323112,local_predict_20250327_236e64.parquet,4,0,4,0,6
prediction,instruments-store-pred-prd-central-element-323112,local_predict_20250422_e9f402.parquet,4,0,4,0,6
prediction,instruments-store-pred-prd-central-element-323112,local_predict_20250429_b691a2.parquet,4,0,4,0,6
tradfi,market-data-tick-tradfi-prd-central-element-323112,tradfi-bf-eth-light-2023-w1-20260430-031135.parquet,4,0,4,0,6
tradfi,market-data-tick-tradfi-prd-central-element-323112,tradfi-bf-ibit-2026-20260504-231322.parquet,4,0,4,0,6
cefi,instruments-store-cefi-prd-central-element-323112,local_aster_20260504-213706_1d2bbe.parquet,3,0,3,0,6
cefi,instruments-store-cefi-prd-central-element-323112,local_hyperliquid_20260504-213804_0e9405.parquet,3,0,3,0,6
prediction,instruments-store-pred-prd-central-element-323112,local_predict_20250315_28fd38.parquet,3,0,3,0,6
prediction,instruments-store-pred-prd-central-element-323112,local_predict_20250319_1d84c0.parquet,3,0,3,0,6
prediction,instruments-store-pred-prd-central-element-323112,local_predict_20250322_551fda.parquet,3,0,3,0,6
prediction,instruments-store-pred-prd-central-element-323112,local_predict_20250323_122d4b.parquet,3,0,3,0,6
prediction,instruments-store-pred-prd-central-element-323112,local_predict_20250324_9747fc.parquet,3,0,3,0,6
prediction,instruments-store-pred-prd-central-element-323112,local_predict_20250325_83e07e.parquet,3,0,3,0,6
prediction,instruments-store-pred-prd-central-element-323112,local_predict_20250326_fa8896.parquet,3,0,3,0,6
prediction,instruments-store-pred-prd-central-element-323112,local_predict_20250329_bca6a9.parquet,3,0,3,0,6
prediction,instruments-store-pred-prd-central-element-323112,local_predict_20250330_c36f09.parquet,3,0,3,0,6
prediction,instruments-store-pred-prd-central-element-323112,local_predict_20250401_002798.parquet,3,0,3,0,6
prediction,instruments-store-pred-prd-central-element-323112,local_predict_20250402_71e526.parquet,3,0,3,0,6
prediction,instruments-store-pred-prd-central-element-323112,local_predict_20250403_73e75b.parquet,3,0,3,0,6
prediction,instruments-store-pred-prd-central-element-323112,local_predict_20250405_7113ef.parquet,3,0,3,0,6
prediction,instruments-store-pred-prd-central-element-323112,local_predict_20250406_01a866.parquet,3,0,3,0,6
prediction,instruments-store-pred-prd-central-element-323112,local_predict_20250407_119656.parquet,3,0,3,0,6
prediction,instruments-store-pred-prd-central-element-323112,local_predict_20250408_6c4fdd.parquet,3,0,3,0,6
prediction,instruments-store-pred-prd-central-element-323112,local_predict_20250409_121f00.parquet,3,0,3,0,6
prediction,instruments-store-pred-prd-central-element-323112,local_predict_20250410_494834.parquet,3,0,3,0,6
prediction,instruments-store-pred-prd-central-element-323112,local_predict_20250412_bb7d4b.parquet,3,0,3,0,6
prediction,instruments-store-pred-prd-central-element-323112,local_predict_20250413_842751.parquet,3,0,3,0,6
prediction,instruments-store-pred-prd-central-element-323112,local_predict_20250414_5a68bc.parquet,3,0,3,0,6
prediction,instruments-store-pred-prd-central-element-323112,local_predict_20250415_85185c.parquet,3,0,3,0,6
prediction,instruments-store-pred-prd-central-element-323112,local_predict_20250416_740c71.parquet,3,0,3,0,6
prediction,instruments-store-pred-prd-central-element-323112,local_predict_20250417_3827ea.parquet,3,0,3,0,6
prediction,instruments-store-pred-prd-central-element-323112,local_predict_20250419_02b6b3.parquet,3,0,3,0,6
prediction,instruments-store-pred-prd-central-element-323112,local_predict_20250420_385782.parquet,3,0,3,0,6
prediction,instruments-store-pred-prd-central-element-323112,local_predict_20250421_2a3b9c.parquet,3,0,3,0,6
prediction,instruments-store-pred-prd-central-element-323112,local_predict_20250423_9f73f3.parquet,3,0,3,0,6
prediction,instruments-store-pred-prd-central-element-323112,local_predict_20250424_c10aab.parquet,3,0,3,0,6
prediction,instruments-store-pred-prd-central-element-323112,local_predict_20250426_f4de3c.parquet,3,0,3,0,6
prediction,instruments-store-pred-prd-central-element-323112,local_predict_20250427_150156.parquet,3,0,3,0,6
prediction,instruments-store-pred-prd-central-element-323112,local_predict_20250428_adcd90.parquet,3,0,3,0,6
prediction,instruments-store-pred-prd-central-element-323112,local_predict_20250501_e88563.parquet,3,0,3,0,6
prediction,instruments-store-pred-prd-central-element-323112,local_predict_20250503_ad3916.parquet,3,0,3,0,6
prediction,instruments-store-pred-prd-central-element-323112,local_predict_20250504_ca9f17.parquet,3,0,3,0,6
prediction,instruments-store-pred-prd-central-element-323112,local_predict_20250505_5854d2.parquet,3,0,3,0,6
prediction,instruments-store-pred-prd-central-element-323112,local_predict_20250506_bbb5c0.parquet,3,0,3,0,6
prediction,instruments-store-pred-prd-central-element-323112,local_predict_20250507_fcd3da.parquet,3,0,3,0,6
tradfi,market-data-tick-tradfi-prd-central-element-323112,tradfi-bf-btc-light-2022-20260430-030817.parquet,3,0,3,0,6
tradfi,market-data-tick-tradfi-prd-central-element-323112,tradfi-bf-btc-light-2024-w1-20260430-030910.parquet,3,0,3,0,6
tradfi,market-data-tick-tradfi-prd-central-element-323112,tradfi-bf-eth-heavy-2024-06-20260430-031101.parquet,3,0,3,0,6
tradfi,market-data-tick-tradfi-prd-central-element-323112,tradfi-bf-eth-light-2023-w2-20260430-031152.parquet,3,0,3,0,6
cefi,instruments-store-cefi-prd-central-element-323112,local_bybit_20260504-213804_e7ddb0.parquet,2,0,2,0,6
cefi,market-data-tick-cefi-prd-central-element-323112,cefi-coinbase-spot-2021-link-usd--20260506-212742.parquet,2,0,2,0,6
cefi,market-data-tick-cefi-prd-central-element-323112,cefi-coinbase-spot-2024-btc-usd--20260506-212742.parquet,2,0,2,0,6
cefi,market-data-tick-cefi-prd-central-element-323112,cefi-coinbase-spot-2024-eth-usd--20260506-212742.parquet,2,0,2,0,6
cefi,market-data-tick-cefi-prd-central-element-323112,cefi-coinbase-spot-2025-eth-usd--20260506-212742.parquet,2,0,2,0,6
cefi,market-data-tick-cefi-prd-central-element-323112,cefi-upbit-2026-heavy-20260506-121357.parquet,2,0,2,0,6
prediction,instruments-store-pred-prd-central-element-323112,local_predict_20250316_373df4.parquet,2,0,2,0,6
prediction,instruments-store-pred-prd-central-element-323112,local_predict_20250317_867c5f.parquet,2,0,2,0,6
prediction,instruments-store-pred-prd-central-element-323112,local_predict_20250318_34591c.parquet,2,0,2,0,6
prediction,instruments-store-pred-prd-central-element-323112,local_predict_20260214_d33b8d.parquet,2,0,2,0,6
prediction,instruments-store-pred-prd-central-element-323112,local_predict_20260224_b70b15.parquet,2,0,2,0,6
sports,instruments-store-sports-prd-central-element-323112,sfi-fwd-20260428-200141.parquet,2,0,2,0,6
tradfi,market-data-tick-tradfi-prd-central-element-323112,cefi-cme-ecbtc-smoke2-20260501-233343.parquet,2,0,2,0,6
tradfi,market-data-tick-tradfi-prd-central-element-323112,local-28482-1808.parquet,2,0,2,0,6
tradfi,market-data-tick-tradfi-prd-central-element-323112,local-28482-19c2.parquet,2,0,2,0,6
tradfi,market-data-tick-tradfi-prd-central-element-323112,local-28482-2c98.parquet,2,0,2,0,6
tradfi,market-data-tick-tradfi-prd-central-element-323112,local-28482-519a.parquet,2,0,2,0,6
tradfi,market-data-tick-tradfi-prd-central-element-323112,local-28482-6112.parquet,2,0,2,0,6
tradfi,market-data-tick-tradfi-prd-central-element-323112,local-28482-846c.parquet,2,0,2,0,6
tradfi,market-data-tick-tradfi-prd-central-element-323112,local-28482-9ba2.parquet,2,0,2,0,6
tradfi,market-data-tick-tradfi-prd-central-element-323112,local-28482-cb40.parquet,2,0,2,0,6
tradfi,market-data-tick-tradfi-prd-central-element-323112,tradfi-bf-eth-light-2025-20260430-031248.parquet,2,0,2,0,6
tradfi,market-data-tick-tradfi-prd-central-element-323112,tradfi-bf-eth-light-2026-20260430-031309.parquet,2,0,2,0,6
cefi,instruments-store-cefi-prd-central-element-323112,cefi-instr-binance-spot-20260504-175849.parquet,1,0,1,0,6
cefi,instruments-store-cefi-prd-central-element-323112,instr-bitfinex-futures-v3-20260504-142042.parquet,1,0,1,0,6
cefi,instruments-store-cefi-prd-central-element-323112,instr-bitfinex-spot-20260504-143726.parquet,1,0,1,0,6
cefi,instruments-store-cefi-prd-central-element-323112,instr-bitfinex-spot-smoke2-20260501-175359.parquet,1,0,1,0,6
cefi,instruments-store-cefi-prd-central-element-323112,instr-bitget-futures-20260501-181718.parquet,1,0,1,0,6
cefi,instruments-store-cefi-prd-central-element-323112,instr-bitget-spot-20260501-181718.parquet,1,0,1,0,6
cefi,instruments-store-cefi-prd-central-element-323112,local_binance_spot_20260504-213804_f7bb0d.parquet,1,0,1,0,6
cefi,instruments-store-cefi-prd-central-element-323112,local_bitfinex_futures_20200101_a83295.parquet,1,0,1,0,6
cefi,instruments-store-cefi-prd-central-element-323112,local_bitfinex_futures_20200102_665e62.parquet,1,0,1,0,6
cefi,instruments-store-cefi-prd-central-element-323112,local_bitfinex_futures_20200103_aa3e76.parquet,1,0,1,0,6
cefi,instruments-store-cefi-prd-central-element-323112,local_bitfinex_futures_20200104_9b4bbe.parquet,1,0,1,0,6
cefi,instruments-store-cefi-prd-central-element-323112,local_bitfinex_futures_20200105_e158e3.parquet,1,0,1,0,6
cefi,instruments-store-cefi-prd-central-element-323112,local_bitfinex_futures_20200106_b30aa6.parquet,1,0,1,0,6
cefi,instruments-store-cefi-prd-central-element-323112,local_bitfinex_futures_20200107_0c8026.parquet,1,0,1,0,6
cefi,instruments-store-cefi-prd-central-element-323112,local_bitfinex_futures_20200108_9abf7c.parquet,1,0,1,0,6
cefi,instruments-store-cefi-prd-central-element-323112,local_bitfinex_futures_20200109_3bb1d3.parquet,1,0,1,0,6
cefi,instruments-store-cefi-prd-central-element-323112,local_bitfinex_futures_20200110_573b23.parquet,1,0,1,0,6
cefi,instruments-store-cefi-prd-central-element-323112,local_bitfinex_futures_20200111_edcb2c.parquet,1,0,1,0,6
cefi,instruments-store-cefi-prd-central-element-323112,local_bitfinex_futures_20200112_00ef63.parquet,1,0,1,0,6
cefi,instruments-store-cefi-prd-central-element-323112,local_bitfinex_futures_20200113_aaeb52.parquet,1,0,1,0,6
cefi,instruments-store-cefi-prd-central-element-323112,local_bitfinex_futures_20200114_1483d7.parquet,1,0,1,0,6
cefi,instruments-store-cefi-prd-central-element-323112,local_bitfinex_futures_20200115_7543c8.parquet,1,0,1,0,6
cefi,instruments-store-cefi-prd-central-element-323112,local_bitfinex_futures_20200116_da56a2.parquet,1,0,1,0,6
cefi,instruments-store-cefi-prd-central-element-323112,local_bitfinex_futures_20200117_0e74db.parquet,1,0,1,0,6
cefi,instruments-store-cefi-prd-central-element-323112,local_bitfinex_futures_20200118_f61f88.parquet,1,0,1,0,6
cefi,instruments-store-cefi-prd-central-element-323112,local_bitfinex_futures_20200119_b96403.parquet,1,0,1,0,6
cefi,instruments-store-cefi-prd-central-element-323112,local_bitfinex_futures_20200120_a5ccf4.parquet,1,0,1,0,6
cefi,instruments-store-cefi-prd-central-element-323112,local_bitfinex_futures_20200121_d8c246.parquet,1,0,1,0,6
cefi,instruments-store-cefi-prd-central-element-323112,local_bitfinex_futures_20200122_a5378e.parquet,1,0,1,0,6
cefi,instruments-store-cefi-prd-central-element-323112,local_bitfinex_futures_20200123_4a3282.parquet,1,0,1,0,6
cefi,instruments-store-cefi-prd-central-element-323112,local_bitfinex_futures_20200124_218d08.parquet,1,0,1,0,6
cefi,instruments-store-cefi-prd-central-element-323112,local_bitfinex_futures_20200125_1e523b.parquet,1,0,1,0,6
cefi,instruments-store-cefi-prd-central-element-323112,local_bitfinex_futures_20200126_a1d834.parquet,1,0,1,0,6
cefi,instruments-store-cefi-prd-central-element-323112,local_bitfinex_futures_20200127_96b99c.parquet,1,0,1,0,6
cefi,instruments-store-cefi-prd-central-element-323112,local_bitfinex_futures_20200128_433202.parquet,1,0,1,0,6
cefi,instruments-store-cefi-prd-central-element-323112,local_bitfinex_futures_20200129_779093.parquet,1,0,1,0,6
cefi,instruments-store-cefi-prd-central-element-323112,local_bitfinex_futures_20200130_bc529f.parquet,1,0,1,0,6
cefi,instruments-store-cefi-prd-central-element-323112,local_bitfinex_futures_20200131_124ebd.parquet,1,0,1,0,6
cefi,instruments-store-cefi-prd-central-element-323112,local_bitfinex_futures_20200201_c77508.parquet,1,0,1,0,6
cefi,instruments-store-cefi-prd-central-element-323112,local_bitfinex_futures_20200202_104097.parquet,1,0,1,0,6
cefi,instruments-store-cefi-prd-central-element-323112,local_bitfinex_futures_20200203_19c299.parquet,1,0,1,0,6
cefi,instruments-store-cefi-prd-central-element-323112,local_bitfinex_futures_20200204_9ea7b9.parquet,1,0,1,0,6
cefi,instruments-store-cefi-prd-central-element-323112,local_bitfinex_futures_20200205_7d4a8b.parquet,1,0,1,0,6
cefi,instruments-store-cefi-prd-central-element-323112,local_bitfinex_futures_20200206_b1c6ac.parquet,1,0,1,0,6
cefi,instruments-store-cefi-prd-central-element-323112,local_bitfinex_futures_20200207_4a9366.parquet,1,0,1,0,6
cefi,instruments-store-cefi-prd-central-element-323112,local_bitfinex_futures_20200208_ff1bfc.parquet,1,0,1,0,6
cefi,instruments-store-cefi-prd-central-element-323112,local_bitfinex_futures_20200209_93bf66.parquet,1,0,1,0,6
cefi,instruments-store-cefi-prd-central-element-323112,local_bitfinex_futures_20200210_1820d9.parquet,1,0,1,0,6
cefi,instruments-store-cefi-prd-central-element-323112,local_bitfinex_futures_20200211_0c94d4.parquet,1,0,1,0,6
cefi,instruments-store-cefi-prd-central-element-323112,local_bitfinex_futures_20200212_9f3e4e.parquet,1,0,1,0,6
cefi,instruments-store-cefi-prd-central-element-323112,local_bitfinex_futures_20200213_aa829e.parquet,1,0,1,0,6
cefi,instruments-store-cefi-prd-central-element-323112,local_bitfinex_futures_20200214_39417f.parquet,1,0,1,0,6
cefi,instruments-store-cefi-prd-central-element-323112,local_bitfinex_futures_20200215_76eb7a.parquet,1,0,1,0,6
cefi,instruments-store-cefi-prd-central-element-323112,local_bitfinex_futures_20200216_1818a7.parquet,1,0,1,0,6
cefi,instruments-store-cefi-prd-central-element-323112,local_bitfinex_futures_20200217_cce55c.parquet,1,0,1,0,6
cefi,instruments-store-cefi-prd-central-element-323112,local_bitfinex_futures_20200218_a5ac6e.parquet,1,0,1,0,6
cefi,instruments-store-cefi-prd-central-element-323112,local_bitfinex_futures_20200219_b24c9b.parquet,1,0,1,0,6
cefi,instruments-store-cefi-prd-central-element-323112,local_bitfinex_futures_20200220_b70592.parquet,1,0,1,0,6
cefi,instruments-store-cefi-prd-central-element-323112,local_bitfinex_futures_20200221_658df2.parquet,1,0,1,0,6
cefi,instruments-store-cefi-prd-central-element-323112,local_bitfinex_futures_20200222_c4cf0c.parquet,1,0,1,0,6
cefi,instruments-store-cefi-prd-central-element-323112,local_bitfinex_futures_20200223_e23d73.parquet,1,0,1,0,6
cefi,instruments-store-cefi-prd-central-element-323112,local_bitfinex_futures_20200224_89b5cc.parquet,1,0,1,0,6
cefi,instruments-store-cefi-prd-central-element-323112,local_bitfinex_futures_20200225_47bd0a.parquet,1,0,1,0,6
cefi,instruments-store-cefi-prd-central-element-323112,local_bitfinex_futures_20200226_d793be.parquet,1,0,1,0,6
cefi,instruments-store-cefi-prd-central-element-323112,local_bitfinex_futures_20200227_97d8f0.parquet,1,0,1,0,6
cefi,instruments-store-cefi-prd-central-element-323112,local_bitfinex_futures_20200228_aa3ab0.parquet,1,0,1,0,6
cefi,instruments-store-cefi-prd-central-element-323112,local_bitfinex_futures_20200229_e8acdb.parquet,1,0,1,0,6
cefi,instruments-store-cefi-prd-central-element-323112,local_bitfinex_futures_20200301_0ea232.parquet,1,0,1,0,6
cefi,instruments-store-cefi-prd-central-element-323112,local_bitfinex_futures_20200302_4681f5.parquet,1,0,1,0,6
cefi,instruments-store-cefi-prd-central-element-323112,local_bitfinex_futures_20200303_921898.parquet,1,0,1,0,6
cefi,instruments-store-cefi-prd-central-element-323112,local_bitfinex_futures_20200304_c9d970.parquet,1,0,1,0,6
cefi,instruments-store-cefi-prd-central-element-323112,local_bitfinex_futures_20200305_005f12.parquet,1,0,1,0,6
cefi,instruments-store-cefi-prd-central-element-323112,local_bitfinex_futures_20200306_f09fc3.parquet,1,0,1,0,6
cefi,instruments-store-cefi-prd-central-element-323112,local_bitfinex_futures_20200307_8436c6.parquet,1,0,1,0,6
cefi,instruments-store-cefi-prd-central-element-323112,local_bitfinex_futures_20200308_f08a3b.parquet,1,0,1,0,6
cefi,instruments-store-cefi-prd-central-element-323112,local_bitfinex_futures_20200309_b131ef.parquet,1,0,1,0,6
cefi,instruments-store-cefi-prd-central-element-323112,local_bitfinex_futures_20200310_dce629.parquet,1,0,1,0,6
cefi,instruments-store-cefi-prd-central-element-323112,local_bitfinex_futures_20200311_5c676f.parquet,1,0,1,0,6
cefi,instruments-store-cefi-prd-central-element-323112,local_bitfinex_futures_20200312_135909.parquet,1,0,1,0,6
cefi,instruments-store-cefi-prd-central-element-323112,local_bitfinex_futures_20200313_1e3220.parquet,1,0,1,0,6
cefi,instruments-store-cefi-prd-central-element-323112,local_bitfinex_futures_20200314_7445c1.parquet,1,0,1,0,6
cefi,instruments-store-cefi-prd-central-element-323112,local_bitfinex_futures_20200315_59ad1a.parquet,1,0,1,0,6
cefi,instruments-store-cefi-prd-central-element-323112,local_bitfinex_futures_20200316_8e6804.parquet,1,0,1,0,6
cefi,instruments-store-cefi-prd-central-element-323112,local_bitfinex_futures_20200317_8fb343.parquet,1,0,1,0,6
cefi,instruments-store-cefi-prd-central-element-323112,local_bitfinex_futures_20200318_a6c982.parquet,1,0,1,0,6
cefi,instruments-store-cefi-prd-central-element-323112,local_bitfinex_futures_20200319_43a843.parquet,1,0,1,0,6
cefi,instruments-store-cefi-prd-central-element-323112,local_bitfinex_futures_20200320_46e7c3.parquet,1,0,1,0,6
cefi,instruments-store-cefi-prd-central-element-323112,local_bitfinex_futures_20200321_34565e.parquet,1,0,1,0,6
cefi,instruments-store-cefi-prd-central-element-323112,local_bitfinex_futures_20200322_41c192.parquet,1,0,1,0,6
cefi,instruments-store-cefi-prd-central-element-323112,local_bitfinex_futures_20200323_b86a9f.parquet,1,0,1,0,6
cefi,instruments-store-cefi-prd-central-element-323112,local_bitfinex_futures_20200324_47ad35.parquet,1,0,1,0,6
cefi,instruments-store-cefi-prd-central-element-323112,local_bitfinex_futures_20200325_afb004.parquet,1,0,1,0,6
cefi,instruments-store-cefi-prd-central-element-323112,local_bitfinex_futures_20200326_510aa8.parquet,1,0,1,0,6
cefi,instruments-store-cefi-prd-central-element-323112,local_bitfinex_futures_20200327_a5c3a3.parquet,1,0,1,0,6
cefi,instruments-store-cefi-prd-central-element-323112,local_bitfinex_futures_20200328_2033e0.parquet,1,0,1,0,6
cefi,instruments-store-cefi-prd-central-element-323112,local_bitfinex_futures_20200329_004da7.parquet,1,0,1,0,6
cefi,instruments-store-cefi-prd-central-element-323112,local_bitfinex_futures_20200330_def9c2.parquet,1,0,1,0,6
cefi,instruments-store-cefi-prd-central-element-323112,local_bitfinex_futures_20200331_ae8254.parquet,1,0,1,0,6
cefi,instruments-store-cefi-prd-central-element-323112,local_bitfinex_futures_20200401_b36f49.parquet,1,0,1,0,6
cefi,instruments-store-cefi-prd-central-element-323112,local_bitfinex_futures_20200405_7e9a1a.parquet,1,0,1,0,6
cefi,instruments-store-cefi-prd-central-element-323112,local_bitfinex_futures_20200406_1d7748.parquet,1,0,1,0,6
cefi,instruments-store-cefi-prd-central-element-323112,local_bitfinex_futures_20200407_56bfb8.parquet,1,0,1,0,6
cefi,instruments-store-cefi-prd-central-element-323112,local_bitfinex_futures_20200409_80ef41.parquet,1,0,1,0,6
cefi,instruments-store-cefi-prd-central-element-323112,local_bitfinex_futures_20200411_5732ef.parquet,1,0,1,0,6
cefi,instruments-store-cefi-prd-central-element-323112,local_bitfinex_futures_20200412_4195dc.parquet,1,0,1,0,6
cefi,instruments-store-cefi-prd-central-element-323112,local_bitfinex_futures_20200413_9531a3.parquet,1,0,1,0,6
cefi,instruments-store-cefi-prd-central-element-323112,local_bitfinex_futures_20200415_d1e274.parquet,1,0,1,0,6
cefi,instruments-store-cefi-prd-central-element-323112,local_bitfinex_futures_20240115_b02841.parquet,1,0,1,0,6
cefi,instruments-store-cefi-prd-central-element-323112,local_bitfinex_spot_20200114_15ad72.parquet,1,0,1,0,6
cefi,instruments-store-cefi-prd-central-element-323112,local_bitfinex_spot_20200115_a49847.parquet,1,0,1,0,6
cefi,instruments-store-cefi-prd-central-element-323112,local_bitfinex_spot_20200123_1d87af.parquet,1,0,1,0,6
cefi,instruments-store-cefi-prd-central-element-323112,local_bitfinex_spot_20200127_7a1b85.parquet,1,0,1,0,6
cefi,instruments-store-cefi-prd-central-element-323112,local_bitfinex_spot_20200130_8e1a82.parquet,1,0,1,0,6
cefi,instruments-store-cefi-prd-central-element-323112,local_bitfinex_spot_20200201_4bad28.parquet,1,0,1,0,6
cefi,instruments-store-cefi-prd-central-element-323112,local_bitfinex_spot_20200203_f33b79.parquet,1,0,1,0,6
cefi,instruments-store-cefi-prd-central-element-323112,local_bitfinex_spot_20200219_832ba0.parquet,1,0,1,0,6
cefi,instruments-store-cefi-prd-central-element-323112,local_bitfinex_spot_20200516_2a5d82.parquet,1,0,1,0,6
cefi,instruments-store-cefi-prd-central-element-323112,local_bitfinex_spot_20200528_f8af88.parquet,1,0,1,0,6
cefi,instruments-store-cefi-prd-central-element-323112,local_bitfinex_spot_20200813_8790c1.parquet,1,0,1,0,6
cefi,instruments-store-cefi-prd-central-element-323112,local_bitfinex_spot_20200903_cc6f1e.parquet,1,0,1,0,6
cefi,instruments-store-cefi-prd-central-element-323112,local_bitfinex_spot_20200905_77cb8a.parquet,1,0,1,0,6
cefi,instruments-store-cefi-prd-central-element-323112,local_bitfinex_spot_20200917_dc14e7.parquet,1,0,1,0,6
cefi,instruments-store-cefi-prd-central-element-323112,local_bitfinex_spot_20200925_3a2d71.parquet,1,0,1,0,6
cefi,instruments-store-cefi-prd-central-element-323112,local_bitfinex_spot_20201031_b00680.parquet,1,0,1,0,6
cefi,instruments-store-cefi-prd-central-element-323112,local_bitfinex_spot_20201115_33d90f.parquet,1,0,1,0,6
cefi,instruments-store-cefi-prd-central-element-323112,local_bitfinex_spot_20201116_88bd34.parquet,1,0,1,0,6
cefi,instruments-store-cefi-prd-central-element-323112,local_bitfinex_spot_20201117_8bcceb.parquet,1,0,1,0,6
cefi,instruments-store-cefi-prd-central-element-323112,local_bitfinex_spot_20201128_84bc14.parquet,1,0,1,0,6
cefi,instruments-store-cefi-prd-central-element-323112,local_bitfinex_spot_20201203_42dd6e.parquet,1,0,1,0,6
cefi,instruments-store-cefi-prd-central-element-323112,local_bitfinex_spot_20201205_d35044.parquet,1,0,1,0,6
cefi,instruments-store-cefi-prd-central-element-323112,local_bitfinex_spot_20201215_dfe1b6.parquet,1,0,1,0,6
cefi,instruments-store-cefi-prd-central-element-323112,local_bitfinex_spot_20201220_2ee28f.parquet,1,0,1,0,6
cefi,instruments-store-cefi-prd-central-element-323112,local_bitfinex_spot_20201221_fe979a.parquet,1,0,1,0,6
cefi,instruments-store-cefi-prd-central-element-323112,local_bitfinex_spot_20201222_151859.parquet,1,0,1,0,6
cefi,instruments-store-cefi-prd-central-element-323112,local_bitfinex_spot_20210106_701d41.parquet,1,0,1,0,6
cefi,instruments-store-cefi-prd-central-element-323112,local_bitfinex_spot_20210109_6ace46.parquet,1,0,1,0,6
cefi,instruments-store-cefi-prd-central-element-323112,local_bitfinex_spot_20210110_391422.parquet,1,0,1,0,6
cefi,instruments-store-cefi-prd-central-element-323112,local_bitfinex_spot_20210123_3a4b55.parquet,1,0,1,0,6
cefi,instruments-store-cefi-prd-central-element-323112,local_bitfinex_spot_20210126_ecc200.parquet,1,0,1,0,6
cefi,instruments-store-cefi-prd-central-element-323112,local_bitfinex_spot_20210128_43b28b.parquet,1,0,1,0,6
cefi,instruments-store-cefi-prd-central-element-323112,local_bitfinex_spot_20210205_e17371.parquet,1,0,1,0,6
cefi,instruments-store-cefi-prd-central-element-323112,local_bitfinex_spot_20210210_fbc63a.parquet,1,0,1,0,6
cefi,instruments-store-cefi-prd-central-element-323112,local_bitfinex_spot_20210212_12d315.parquet,1,0,1,0,6
cefi,instruments-store-cefi-prd-central-element-323112,local_bitfinex_spot_20210214_b54d93.parquet,1,0,1,0,6
cefi,instruments-store-cefi-prd-central-element-323112,local_bitfinex_spot_20210303_717221.parquet,1,0,1,0,6
cefi,instruments-store-cefi-prd-central-element-323112,local_bitfinex_spot_20210305_bb7145.parquet,1,0,1,0,6
cefi,instruments-store-cefi-prd-central-element-323112,local_bitfinex_spot_20210320_ce35c0.parquet,1,0,1,0,6
cefi,instruments-store-cefi-prd-central-element-323112,local_bitfinex_spot_20210321_effdb7.parquet,1,0,1,0,6
cefi,instruments-store-cefi-prd-central-element-323112,local_bitfinex_spot_20210405_386b14.parquet,1,0,1,0,6
cefi,instruments-store-cefi-prd-central-element-323112,local_bitfinex_spot_20210406_c47109.parquet,1,0,1,0,6
cefi,instruments-store-cefi-prd-central-element-323112,local_bitfinex_spot_20210421_605c71.parquet,1,0,1,0,6
cefi,instruments-store-cefi-prd-central-element-323112,local_bitfinex_spot_20210424_c42cb9.parquet,1,0,1,0,6
cefi,instruments-store-cefi-prd-central-element-323112,local_bitfinex_spot_20210425_b7b3d5.parquet,1,0,1,0,6
cefi,instruments-store-cefi-prd-central-element-323112,local_bitfinex_spot_20210504_59b6ae.parquet,1,0,1,0,6
cefi,instruments-store-cefi-prd-central-element-323112,local_bitfinex_spot_20210508_8d9316.parquet,1,0,1,0,6
cefi,instruments-store-cefi-prd-central-element-323112,local_bitfinex_spot_20210512_78cedc.parquet,1,0,1,0,6
cefi,instruments-store-cefi-prd-central-element-323112,local_bitfinex_spot_20210608_c7f17d.parquet,1,0,1,0,6
cefi,instruments-store-cefi-prd-central-element-323112,local_bitfinex_spot_20210609_fbb105.parquet,1,0,1,0,6
cefi,instruments-store-cefi-prd-central-element-323112,local_bitfinex_spot_20210709_9483f4.parquet,1,0,1,0,6
cefi,instruments-store-cefi-prd-central-element-323112,local_bitfinex_spot_20210710_ae157d.parquet,1,0,1,0,6
cefi,instruments-store-cefi-prd-central-element-323112,local_bitfinex_spot_20210729_89867e.parquet,1,0,1,0,6
cefi,instruments-store-cefi-prd-central-element-323112,local_bitfinex_spot_20210731_657d3a.parquet,1,0,1,0,6
cefi,instruments-store-cefi-prd-central-element-323112,local_bitfinex_spot_20210802_33fa78.parquet,1,0,1,0,6
cefi,instruments-store-cefi-prd-central-element-323112,local_bitfinex_spot_20210909_623da2.parquet,1,0,1,0,6
cefi,instruments-store-cefi-prd-central-element-323112,local_bitfinex_spot_20211011_0f788b.parquet,1,0,1,0,6
cefi,instruments-store-cefi-prd-central-element-323112,local_bitfinex_spot_20211031_7182e7.parquet,1,0,1,0,6
cefi,instruments-store-cefi-prd-central-element-323112,local_bitfinex_spot_20211209_b59fa4.parquet,1,0,1,0,6
cefi,instruments-store-cefi-prd-central-element-323112,local_bitfinex_spot_20220117_a4cc7d.parquet,1,0,1,0,6
cefi,instruments-store-cefi-prd-central-element-323112,local_bitfinex_spot_20220208_b6c08b.parquet,1,0,1,0,6
cefi,instruments-store-cefi-prd-central-element-323112,local_bitfinex_spot_20220209_c42805.parquet,1,0,1,0,6
cefi,instruments-store-cefi-prd-central-element-323112,local_bitfinex_spot_20220224_2fdba3.parquet,1,0,1,0,6
cefi,instruments-store-cefi-prd-central-element-323112,local_bitfinex_spot_20220312_bfb04f.parquet,1,0,1,0,6
cefi,instruments-store-cefi-prd-central-element-323112,local_bitfinex_spot_20220313_f6bccd.parquet,1,0,1,0,6
cefi,instruments-store-cefi-prd-central-element-323112,local_bitfinex_spot_20220324_cb9f86.parquet,1,0,1,0,6
cefi,instruments-store-cefi-prd-central-element-323112,local_bitfinex_spot_20220326_8cd006.parquet,1,0,1,0,6
cefi,instruments-store-cefi-prd-central-element-323112,local_bitfinex_spot_20220411_6fccd7.parquet,1,0,1,0,6
cefi,instruments-store-cefi-prd-central-element-323112,local_bitfinex_spot_20220412_8667dc.parquet,1,0,1,0,6
cefi,instruments-store-cefi-prd-central-element-323112,local_bitfinex_spot_20220414_9a9c4e.parquet,1,0,1,0,6
cefi,instruments-store-cefi-prd-central-element-323112,local_bitfinex_spot_20220424_77e898.parquet,1,0,1,0,6
cefi,instruments-store-cefi-prd-central-element-323112,local_bitfinex_spot_20220425_4ebf0d.parquet,1,0,1,0,6
cefi,instruments-store-cefi-prd-central-element-323112,local_bitfinex_spot_20220426_9b5597.parquet,1,0,1,0,6
cefi,instruments-store-cefi-prd-central-element-323112,local_bitfinex_spot_20220501_ba53d1.parquet,1,0,1,0,6
cefi,instruments-store-cefi-prd-central-element-323112,local_bitfinex_spot_20220517_cf7e05.parquet,1,0,1,0,6
cefi,instruments-store-cefi-prd-central-element-323112,local_bitfinex_spot_20220529_c85c71.parquet,1,0,1,0,6
cefi,instruments-store-cefi-prd-central-element-323112,local_bitfinex_spot_20220602_3ee12d.parquet,1,0,1,0,6
cefi,instruments-store-cefi-prd-central-element-323112,local_bitfinex_spot_20220613_6e27db.parquet,1,0,1,0,6
cefi,instruments-store-cefi-prd-central-element-323112,local_bitfinex_spot_20220617_4379c6.parquet,1,0,1,0,6
cefi,instruments-store-cefi-prd-central-element-323112,local_bitfinex_spot_20220628_161864.parquet,1,0,1,0,6
cefi,instruments-store-cefi-prd-central-element-323112,local_bitfinex_spot_20220629_fccd2e.parquet,1,0,1,0,6
cefi,instruments-store-cefi-prd-central-element-323112,local_bitfinex_spot_20220630_7f433a.parquet,1,0,1,0,6
cefi,instruments-store-cefi-prd-central-element-323112,local_bitfinex_spot_20220701_02c780.parquet,1,0,1,0,6
cefi,instruments-store-cefi-prd-central-element-323112,local_bitfinex_spot_20220703_b12dc6.parquet,1,0,1,0,6
cefi,instruments-store-cefi-prd-central-element-323112,local_bitfinex_spot_20220705_26c288.parquet,1,0,1,0,6
cefi,instruments-store-cefi-prd-central-element-323112,local_bitfinex_spot_20220706_9aab7f.parquet,1,0,1,0,6
cefi,instruments-store-cefi-prd-central-element-323112,local_bitfinex_spot_20220707_7d629b.parquet,1,0,1,0,6
cefi,instruments-store-cefi-prd-central-element-323112,local_bitfinex_spot_20220715_e1b650.parquet,1,0,1,0,6
cefi,instruments-store-cefi-prd-central-element-323112,local_bitfinex_spot_20220721_fe2ea4.parquet,1,0,1,0,6
cefi,instruments-store-cefi-prd-central-element-323112,local_bitfinex_spot_20220723_c31f18.parquet,1,0,1,0,6
cefi,instruments-store-cefi-prd-central-element-323112,local_bitfinex_spot_20220802_e88f5a.parquet,1,0,1,0,6
cefi,instruments-store-cefi-prd-central-element-323112,local_bitfinex_spot_20220803_f8cd7b.parquet,1,0,1,0,6
cefi,instruments-store-cefi-prd-central-element-323112,local_bitfinex_spot_20220804_f8768e.parquet,1,0,1,0,6
cefi,instruments-store-cefi-prd-central-element-323112,local_bitfinex_spot_20220806_88b113.parquet,1,0,1,0,6
cefi,instruments-store-cefi-prd-central-element-323112,local_bitfinex_spot_20220808_a9b916.parquet,1,0,1,0,6
cefi,instruments-store-cefi-prd-central-element-323112,local_bitfinex_spot_20220809_07ddb9.parquet,1,0,1,0,6
cefi,instruments-store-cefi-prd-central-element-323112,local_bitfinex_spot_20220818_8f2174.parquet,1,0,1,0,6
cefi,instruments-store-cefi-prd-central-element-323112,local_bitfinex_spot_20220819_fa55d5.parquet,1,0,1,0,6
cefi,instruments-store-cefi-prd-central-element-323112,local_bitfinex_spot_20220918_28a7e5.parquet,1,0,1,0,6
cefi,instruments-store-cefi-prd-central-element-323112,local_bitfinex_spot_20221114_bcf276.parquet,1,0,1,0,6
cefi,instruments-store-cefi-prd-central-element-323112,local_bitfinex_spot_20221116_b57138.parquet,1,0,1,0,6
cefi,instruments-store-cefi-prd-central-element-323112,local_bitfinex_spot_20221118_4ed677.parquet,1,0,1,0,6
cefi,instruments-store-cefi-prd-central-element-323112,local_bitfinex_spot_20221119_807854.parquet,1,0,1,0,6
cefi,instruments-store-cefi-prd-central-element-323112,local_bitfinex_spot_20221120_89587b.parquet,1,0,1,0,6
cefi,instruments-store-cefi-prd-central-element-323112,local_bitfinex_spot_20221203_e6af43.parquet,1,0,1,0,6
cefi,instruments-store-cefi-prd-central-element-323112,local_bitfinex_spot_20221217_e311a9.parquet,1,0,1,0,6
cefi,instruments-store-cefi-prd-central-element-323112,local_bitfinex_spot_20221219_3ce925.parquet,1,0,1,0,6
cefi,instruments-store-cefi-prd-central-element-323112,local_bitfinex_spot_20221220_fee66b.parquet,1,0,1,0,6
cefi,instruments-store-cefi-prd-central-element-323112,local_bitfinex_spot_20221221_26fd4c.parquet,1,0,1,0,6
cefi,instruments-store-cefi-prd-central-element-323112,local_bitfinex_spot_20221230_36c91d.parquet,1,0,1,0,6
cefi,instruments-store-cefi-prd-central-element-323112,local_bitfinex_spot_20230103_e6cfb1.parquet,1,0,1,0,6
cefi,instruments-store-cefi-prd-central-element-323112,local_bitfinex_spot_20230104_80a5b3.parquet,1,0,1,0,6
cefi,instruments-store-cefi-prd-central-element-323112,local_bitfinex_spot_20230105_4cc59e.parquet,1,0,1,0,6
cefi,instruments-store-cefi-prd-central-element-323112,local_bitfinex_spot_20230130_701c55.parquet,1,0,1,0,6
cefi,instruments-store-cefi-prd-central-element-323112,local_bitfinex_spot_20230201_65fea9.parquet,1,0,1,0,6
cefi,instruments-store-cefi-prd-central-element-323112,local_bitfinex_spot_20230202_651301.parquet,1,0,1,0,6
cefi,instruments-store-cefi-prd-central-element-323112,local_bitfinex_spot_20230205_d35138.parquet,1,0,1,0,6
cefi,instruments-store-cefi-prd-central-element-323112,local_bitfinex_spot_20230212_73ec7b.parquet,1,0,1,0,6
cefi,instruments-store-cefi-prd-central-element-323112,local_bitfinex_spot_20230217_4cc427.parquet,1,0,1,0,6
cefi,instruments-store-cefi-prd-central-element-323112,local_bitfinex_spot_20230220_db5e04.parquet,1,0,1,0,6
cefi,instruments-store-cefi-prd-central-element-323112,local_bitfinex_spot_20230303_7f0094.parquet,1,0,1,0,6
cefi,instruments-store-cefi-prd-central-element-323112,local_bitfinex_spot_20230306_c368d2.parquet,1,0,1,0,6
cefi,instruments-store-cefi-prd-central-element-323112,local_bitfinex_spot_20230308_e57213.parquet,1,0,1,0,6
cefi,instruments-store-cefi-prd-central-element-323112,local_bitfinex_spot_20230612_335b82.parquet,1,0,1,0,6
cefi,instruments-store-cefi-prd-central-element-323112,local_bitfinex_spot_20230622_1de494.parquet,1,0,1,0,6
cefi,instruments-store-cefi-prd-central-element-323112,local_bitfinex_spot_20230808_d49752.parquet,1,0,1,0,6
cefi,instruments-store-cefi-prd-central-element-323112,local_bitfinex_spot_20230809_851ee5.parquet,1,0,1,0,6
cefi,instruments-store-cefi-prd-central-element-323112,local_bitfinex_spot_20230906_6ced09.parquet,1,0,1,0,6
cefi,instruments-store-cefi-prd-central-element-323112,local_bitfinex_spot_20230924_e101df.parquet,1,0,1,0,6
cefi,instruments-store-cefi-prd-central-element-323112,local_bitfinex_spot_20231109_f71e7e.parquet,1,0,1,0,6
cefi,instruments-store-cefi-prd-central-element-323112,local_bitfinex_spot_20231127_40e376.parquet,1,0,1,0,6
cefi,instruments-store-cefi-prd-central-element-323112,local_bitfinex_spot_20231207_2558a0.parquet,1,0,1,0,6
cefi,instruments-store-cefi-prd-central-element-323112,local_bitfinex_spot_20231208_720377.parquet,1,0,1,0,6
cefi,instruments-store-cefi-prd-central-element-323112,local_bitfinex_spot_20231209_c6adc0.parquet,1,0,1,0,6
cefi,instruments-store-cefi-prd-central-element-323112,local_bitfinex_spot_20240307_09f903.parquet,1,0,1,0,6
cefi,instruments-store-cefi-prd-central-element-323112,local_bitfinex_spot_20240421_ed001b.parquet,1,0,1,0,6
cefi,instruments-store-cefi-prd-central-element-323112,local_bitfinex_spot_20240803_c53776.parquet,1,0,1,0,6
cefi,instruments-store-cefi-prd-central-element-323112,local_bitfinex_spot_20240804_ee8cb6.parquet,1,0,1,0,6
cefi,instruments-store-cefi-prd-central-element-323112,local_bitfinex_spot_20240805_f78690.parquet,1,0,1,0,6
cefi,instruments-store-cefi-prd-central-element-323112,local_bitfinex_spot_20240901_5e50c6.parquet,1,0,1,0,6
cefi,instruments-store-cefi-prd-central-element-323112,local_bitfinex_spot_20240912_9e2154.parquet,1,0,1,0,6
cefi,instruments-store-cefi-prd-central-element-323112,local_bitfinex_spot_20240916_33fe05.parquet,1,0,1,0,6
cefi,instruments-store-cefi-prd-central-element-323112,local_bitfinex_spot_20240918_25a515.parquet,1,0,1,0,6
cefi,instruments-store-cefi-prd-central-element-323112,local_bitfinex_spot_20240930_1f9746.parquet,1,0,1,0,6
cefi,instruments-store-cefi-prd-central-element-323112,local_bitfinex_spot_20241011_5332c5.parquet,1,0,1,0,6
cefi,instruments-store-cefi-prd-central-element-323112,local_bitfinex_spot_20241012_fb024d.parquet,1,0,1,0,6
cefi,instruments-store-cefi-prd-central-element-323112,local_bitfinex_spot_20241110_a9c711.parquet,1,0,1,0,6
cefi,instruments-store-cefi-prd-central-element-323112,local_bitfinex_spot_20241122_5bc119.parquet,1,0,1,0,6
cefi,instruments-store-cefi-prd-central-element-323112,local_bitfinex_spot_20241124_6af888.parquet,1,0,1,0,6
cefi,instruments-store-cefi-prd-central-element-323112,local_bitfinex_spot_20241125_6fad7c.parquet,1,0,1,0,6
cefi,instruments-store-cefi-prd-central-element-323112,local_bitfinex_spot_20241126_47728f.parquet,1,0,1,0,6
cefi,instruments-store-cefi-prd-central-element-323112,local_bitfinex_spot_20241127_b482ba.parquet,1,0,1,0,6
cefi,instruments-store-cefi-prd-central-element-323112,local_bitfinex_spot_20241128_71b586.parquet,1,0,1,0,6
cefi,instruments-store-cefi-prd-central-element-323112,local_bitfinex_spot_20241211_6ed893.parquet,1,0,1,0,6
cefi,instruments-store-cefi-prd-central-element-323112,local_bitfinex_spot_20241223_6d6d47.parquet,1,0,1,0,6
cefi,instruments-store-cefi-prd-central-element-323112,local_bitfinex_spot_20241225_819af1.parquet,1,0,1,0,6
cefi,instruments-store-cefi-prd-central-element-323112,local_bitfinex_spot_20241227_21d04b.parquet,1,0,1,0,6
cefi,instruments-store-cefi-prd-central-element-323112,local_bitfinex_spot_20250630_ae3139.parquet,1,0,1,0,6
cefi,instruments-store-cefi-prd-central-element-323112,local_bitfinex_spot_20250701_2dc4ff.parquet,1,0,1,0,6
cefi,instruments-store-cefi-prd-central-element-323112,local_bitfinex_spot_20250708_6b72f2.parquet,1,0,1,0,6
cefi,instruments-store-cefi-prd-central-element-323112,local_bitfinex_spot_20250805_7a572c.parquet,1,0,1,0,6
cefi,instruments-store-cefi-prd-central-element-323112,local_bitfinex_spot_20250911_1720f6.parquet,1,0,1,0,6
cefi,instruments-store-cefi-prd-central-element-323112,local_bitfinex_spot_20250924_f7f899.parquet,1,0,1,0,6
cefi,instruments-store-cefi-prd-central-element-323112,local_bitfinex_spot_20251007_bc1652.parquet,1,0,1,0,6
cefi,instruments-store-cefi-prd-central-element-323112,local_bitfinex_spot_20251017_15d2fc.parquet,1,0,1,0,6
cefi,instruments-store-cefi-prd-central-element-323112,local_bitfinex_spot_20251102_10078a.parquet,1,0,1,0,6
cefi,instruments-store-cefi-prd-central-element-323112,local_bitfinex_spot_20251105_86f6a5.parquet,1,0,1,0,6
cefi,instruments-store-cefi-prd-central-element-323112,local_bitfinex_spot_20251118_5f18b8.parquet,1,0,1,0,6
cefi,instruments-store-cefi-prd-central-element-323112,local_bitfinex_spot_20251119_1ae151.parquet,1,0,1,0,6
cefi,instruments-store-cefi-prd-central-element-323112,local_bitfinex_spot_20251129_635956.parquet,1,0,1,0,6
cefi,instruments-store-cefi-prd-central-element-323112,local_bitfinex_spot_20251130_0f26dc.parquet,1,0,1,0,6
cefi,instruments-store-cefi-prd-central-element-323112,local_bitfinex_spot_20251201_137200.parquet,1,0,1,0,6
cefi,instruments-store-cefi-prd-central-element-323112,local_bitfinex_spot_20251203_781ba5.parquet,1,0,1,0,6
cefi,instruments-store-cefi-prd-central-element-323112,local_bitfinex_spot_20251212_d4baa0.parquet,1,0,1,0,6
cefi,instruments-store-cefi-prd-central-element-323112,local_bitfinex_spot_20251216_2cc5e1.parquet,1,0,1,0,6
cefi,instruments-store-cefi-prd-central-element-323112,local_bitfinex_spot_20260125_291bae.parquet,1,0,1,0,6
cefi,instruments-store-cefi-prd-central-element-323112,local_bitget_futures_20241119_3f2a60.parquet,1,0,1,0,6
cefi,instruments-store-cefi-prd-central-element-323112,local_bitget_futures_20241206_f7276b.parquet,1,0,1,0,6
cefi,instruments-store-cefi-prd-central-element-323112,local_bitget_futures_20241219_d85b4e.parquet,1,0,1,0,6
cefi,instruments-store-cefi-prd-central-element-323112,local_bitget_futures_20241231_9359b6.parquet,1,0,1,0,6
cefi,instruments-store-cefi-prd-central-element-323112,local_bitget_futures_20250101_b2c7bf.parquet,1,0,1,0,6
cefi,instruments-store-cefi-prd-central-element-323112,local_bitget_futures_20250113_9b33a0.parquet,1,0,1,0,6
cefi,instruments-store-cefi-prd-central-element-323112,local_bitget_futures_20250125_81eecb.parquet,1,0,1,0,6
cefi,instruments-store-cefi-prd-central-element-323112,local_bitget_futures_20250319_9653d5.parquet,1,0,1,0,6
cefi,instruments-store-cefi-prd-central-element-323112,local_bitget_futures_20250615_b924c3.parquet,1,0,1,0,6
cefi,instruments-store-cefi-prd-central-element-323112,local_bitget_futures_20250627_d0f5a1.parquet,1,0,1,0,6
cefi,instruments-store-cefi-prd-central-element-323112,local_bitget_futures_20250706_b66637.parquet,1,0,1,0,6
cefi,instruments-store-cefi-prd-central-element-323112,local_bitget_futures_20250726_156ed7.parquet,1,0,1,0,6
cefi,instruments-store-cefi-prd-central-element-323112,local_bitget_futures_20250730_3e1810.parquet,1,0,1,0,6
cefi,instruments-store-cefi-prd-central-element-323112,local_bitget_futures_20250822_27a3aa.parquet,1,0,1,0,6
cefi,instruments-store-cefi-prd-central-element-323112,local_bitget_futures_20250906_7bcbd8.parquet,1,0,1,0,6
cefi,instruments-store-cefi-prd-central-element-323112,local_bitget_futures_20250908_406b67.parquet,1,0,1,0,6
cefi,instruments-store-cefi-prd-central-element-323112,local_bitget_futures_20250909_3d2da5.parquet,1,0,1,0,6
cefi,instruments-store-cefi-prd-central-element-323112,local_bitget_futures_20250910_d8da06.parquet,1,0,1,0,6
cefi,instruments-store-cefi-prd-central-element-323112,local_bitget_futures_20250911_7736b6.parquet,1,0,1,0,6
cefi,instruments-store-cefi-prd-central-element-323112,local_bitget_futures_20250927_1da812.parquet,1,0,1,0,6
cefi,instruments-store-cefi-prd-central-element-323112,local_bitget_futures_20251009_84079b.parquet,1,0,1,0,6
cefi,instruments-store-cefi-prd-central-element-323112,local_bitget_futures_20251024_3749d5.parquet,1,0,1,0,6
cefi,instruments-store-cefi-prd-central-element-323112,local_bitget_futures_20251031_445028.parquet,1,0,1,0,6
cefi,instruments-store-cefi-prd-central-element-323112,local_bitget_futures_20251102_fe82a8.parquet,1,0,1,0,6
cefi,instruments-store-cefi-prd-central-element-323112,local_bitget_futures_20251118_823aa2.parquet,1,0,1,0,6
cefi,instruments-store-cefi-prd-central-element-323112,local_bitget_futures_20251130_ef2be1.parquet,1,0,1,0,6
cefi,instruments-store-cefi-prd-central-element-323112,local_bitget_futures_20251204_97fd88.parquet,1,0,1,0,6
cefi,instruments-store-cefi-prd-central-element-323112,local_bitget_futures_20251205_866974.parquet,1,0,1,0,6
cefi,instruments-store-cefi-prd-central-element-323112,local_bitget_futures_20251206_d51f7f.parquet,1,0,1,0,6
cefi,instruments-store-cefi-prd-central-element-323112,local_bitget_futures_20251216_323a14.parquet,1,0,1,0,6
cefi,instruments-store-cefi-prd-central-element-323112,local_bitget_futures_20251218_bb120f.parquet,1,0,1,0,6
cefi,instruments-store-cefi-prd-central-element-323112,local_bitget_futures_20251221_13e19b.parquet,1,0,1,0,6
cefi,instruments-store-cefi-prd-central-element-323112,local_bitget_futures_20251223_62f97d.parquet,1,0,1,0,6
cefi,instruments-store-cefi-prd-central-element-323112,local_bitget_futures_20260108_18b836.parquet,1,0,1,0,6
cefi,instruments-store-cefi-prd-central-element-323112,local_bitget_futures_20260124_0db3a4.parquet,1,0,1,0,6
cefi,instruments-store-cefi-prd-central-element-323112,local_bitget_futures_20260126_46689f.parquet,1,0,1,0,6
cefi,instruments-store-cefi-prd-central-element-323112,local_bitget_futures_20260204_d7efdf.parquet,1,0,1,0,6
cefi,instruments-store-cefi-prd-central-element-323112,local_bitget_futures_20260206_a94942.parquet,1,0,1,0,6
cefi,instruments-store-cefi-prd-central-element-323112,local_bitget_futures_20260207_e93751.parquet,1,0,1,0,6
cefi,instruments-store-cefi-prd-central-element-323112,local_bitget_futures_20260209_b3ee53.parquet,1,0,1,0,6
cefi,instruments-store-cefi-prd-central-element-323112,local_bitget_futures_20260210_b34682.parquet,1,0,1,0,6
cefi,instruments-store-cefi-prd-central-element-323112,local_bitget_futures_20260212_f2e063.parquet,1,0,1,0,6
cefi,instruments-store-cefi-prd-central-element-323112,local_bitget_futures_20260214_bfc667.parquet,1,0,1,0,6
cefi,instruments-store-cefi-prd-central-element-323112,local_bitget_futures_20260215_2bd1be.parquet,1,0,1,0,6
cefi,instruments-store-cefi-prd-central-element-323112,local_bitget_futures_20260226_ed76f3.parquet,1,0,1,0,6
cefi,instruments-store-cefi-prd-central-element-323112,local_bitget_futures_20260304_18d548.parquet,1,0,1,0,6
cefi,instruments-store-cefi-prd-central-element-323112,local_bitget_futures_20260305_5034c6.parquet,1,0,1,0,6
cefi,instruments-store-cefi-prd-central-element-323112,local_bitget_spot_20241122_bbfddb.parquet,1,0,1,0,6
cefi,instruments-store-cefi-prd-central-element-323112,local_bitget_spot_20241123_eb7e8a.parquet,1,0,1,0,6
cefi,instruments-store-cefi-prd-central-element-323112,local_bitget_spot_20241203_843461.parquet,1,0,1,0,6
cefi,instruments-store-cefi-prd-central-element-323112,local_bitget_spot_20241208_119c65.parquet,1,0,1,0,6
cefi,instruments-store-cefi-prd-central-element-323112,local_bitget_spot_20241209_9bcc7e.parquet,1,0,1,0,6
cefi,instruments-store-cefi-prd-central-element-323112,local_bitget_spot_20241220_be5964.parquet,1,0,1,0,6
cefi,instruments-store-cefi-prd-central-element-323112,local_bitget_spot_20241224_07ecf2.parquet,1,0,1,0,6
cefi,instruments-store-cefi-prd-central-element-323112,local_bitget_spot_20241225_bc9b3e.parquet,1,0,1,0,6
cefi,instruments-store-cefi-prd-central-element-323112,local_bitget_spot_20250106_d460ee.parquet,1,0,1,0,6
cefi,instruments-store-cefi-prd-central-element-323112,local_bitget_spot_20250128_a7b9c3.parquet,1,0,1,0,6
cefi,instruments-store-cefi-prd-central-element-323112,local_bitget_spot_20250325_3f195d.parquet,1,0,1,0,6
cefi,instruments-store-cefi-prd-central-element-323112,local_bitget_spot_20250427_35c60b.parquet,1,0,1,0,6
cefi,instruments-store-cefi-prd-central-element-323112,local_bitget_spot_20250710_b3695a.parquet,1,0,1,0,6
cefi,instruments-store-cefi-prd-central-element-323112,local_bitget_spot_20250901_3a0a8f.parquet,1,0,1,0,6
cefi,instruments-store-cefi-prd-central-element-323112,local_bitget_spot_20250906_bb0728.parquet,1,0,1,0,6
cefi,instruments-store-cefi-prd-central-element-323112,local_bitget_spot_20250907_570077.parquet,1,0,1,0,6
cefi,instruments-store-cefi-prd-central-element-323112,local_bitget_spot_20250908_5c292f.parquet,1,0,1,0,6
cefi,instruments-store-cefi-prd-central-element-323112,local_bitget_spot_20250917_c029c8.parquet,1,0,1,0,6
cefi,instruments-store-cefi-prd-central-element-323112,local_bitget_spot_20250922_a08a8c.parquet,1,0,1,0,6
cefi,instruments-store-cefi-prd-central-element-323112,local_bitget_spot_20250923_f9e1f3.parquet,1,0,1,0,6
cefi,instruments-store-cefi-prd-central-element-323112,local_bitget_spot_20250925_429d47.parquet,1,0,1,0,6
cefi,instruments-store-cefi-prd-central-element-323112,local_bitget_spot_20251018_4333c1.parquet,1,0,1,0,6
cefi,instruments-store-cefi-prd-central-element-323112,local_bitget_spot_20251023_55b95a.parquet,1,0,1,0,6
cefi,instruments-store-cefi-prd-central-element-323112,local_bitget_spot_20251025_acaf96.parquet,1,0,1,0,6
cefi,instruments-store-cefi-prd-central-element-323112,local_bitget_spot_20251026_0b85e4.parquet,1,0,1,0,6
cefi,instruments-store-cefi-prd-central-element-323112,local_bitget_spot_20251027_daae5d.parquet,1,0,1,0,6
cefi,instruments-store-cefi-prd-central-element-323112,local_bitget_spot_20251028_9f6cde.parquet,1,0,1,0,6
cefi,instruments-store-cefi-prd-central-element-323112,local_bitget_spot_20251029_65ffd6.parquet,1,0,1,0,6
cefi,instruments-store-cefi-prd-central-element-323112,local_bitget_spot_20251030_032474.parquet,1,0,1,0,6
cefi,instruments-store-cefi-prd-central-element-323112,local_bitget_spot_20251031_892d93.parquet,1,0,1,0,6
cefi,instruments-store-cefi-prd-central-element-323112,local_bitget_spot_20251115_7d56bf.parquet,1,0,1,0,6
cefi,instruments-store-cefi-prd-central-element-323112,local_bitget_spot_20251128_9520bb.parquet,1,0,1,0,6
cefi,instruments-store-cefi-prd-central-element-323112,local_bitget_spot_20251202_2ca4e6.parquet,1,0,1,0,6
cefi,instruments-store-cefi-prd-central-element-323112,local_bitget_spot_20251203_c44b9e.parquet,1,0,1,0,6
cefi,instruments-store-cefi-prd-central-element-323112,local_bitget_spot_20251204_b7fbd8.parquet,1,0,1,0,6
cefi,instruments-store-cefi-prd-central-element-323112,local_bitget_spot_20260114_12f328.parquet,1,0,1,0,6
cefi,instruments-store-cefi-prd-central-element-323112,local_bitget_spot_20260118_84391f.parquet,1,0,1,0,6
cefi,instruments-store-cefi-prd-central-element-323112,local_bitget_spot_20260119_292b54.parquet,1,0,1,0,6
cefi,instruments-store-cefi-prd-central-element-323112,local_bitget_spot_20260120_12c420.parquet,1,0,1,0,6
cefi,instruments-store-cefi-prd-central-element-323112,local_bitget_spot_20260201_b3451c.parquet,1,0,1,0,6
cefi,instruments-store-cefi-prd-central-element-323112,local_bitget_spot_20260202_1a1071.parquet,1,0,1,0,6
cefi,instruments-store-cefi-prd-central-element-323112,local_bitget_spot_20260204_a5c25d.parquet,1,0,1,0,6
cefi,instruments-store-cefi-prd-central-element-323112,local_bitget_spot_20260206_7dd101.parquet,1,0,1,0,6
cefi,instruments-store-cefi-prd-central-element-323112,local_bitget_spot_20260207_48a5dc.parquet,1,0,1,0,6
cefi,instruments-store-cefi-prd-central-element-323112,local_bitget_spot_20260222_1c17c7.parquet,1,0,1,0,6
cefi,instruments-store-cefi-prd-central-element-323112,local_bitget_spot_20260308_bd550f.parquet,1,0,1,0,6
cefi,instruments-store-cefi-prd-central-element-323112,local_bitget_spot_20260309_54b04b.parquet,1,0,1,0,6
cefi,instruments-store-cefi-prd-central-element-323112,local_bitget_spot_20260320_b47d03.parquet,1,0,1,0,6
cefi,instruments-store-cefi-prd-central-element-323112,local_bitget_spot_20260324_6c3185.parquet,1,0,1,0,6
cefi,instruments-store-cefi-prd-central-element-323112,local_bitget_spot_20260327_98b732.parquet,1,0,1,0,6
cefi,instruments-store-cefi-prd-central-element-323112,local_bitget_spot_20260328_387f85.parquet,1,0,1,0,6
cefi,instruments-store-cefi-prd-central-element-323112,local_bitget_spot_20260504-213804_7ba229.parquet,1,0,1,0,6
cefi,instruments-store-cefi-prd-central-element-323112,local_coinbase_spot_20260417_e289d6.parquet,1,0,1,0,6
cefi,instruments-store-cefi-prd-central-element-323112,local_coinbase_spot_20260418_ea75cb.parquet,1,0,1,0,6
cefi,instruments-store-cefi-prd-central-element-323112,local_coinbase_spot_20260419_4adf68.parquet,1,0,1,0,6
cefi,instruments-store-cefi-prd-central-element-323112,local_coinbase_spot_20260420_3f8d64.parquet,1,0,1,0,6
cefi,instruments-store-cefi-prd-central-element-323112,local_coinbase_spot_20260421_d266d2.parquet,1,0,1,0,6
cefi,instruments-store-cefi-prd-central-element-323112,local_coinbase_spot_20260422_539f6c.parquet,1,0,1,0,6
cefi,instruments-store-cefi-prd-central-element-323112,local_coinbase_spot_20260423_872103.parquet,1,0,1,0,6
cefi,instruments-store-cefi-prd-central-element-323112,local_coinbase_spot_20260424_c8abf1.parquet,1,0,1,0,6
cefi,instruments-store-cefi-prd-central-element-323112,local_coinbase_spot_20260425_6df169.parquet,1,0,1,0,6
cefi,instruments-store-cefi-prd-central-element-323112,local_coinbase_spot_20260426_f860b7.parquet,1,0,1,0,6
cefi,instruments-store-cefi-prd-central-element-323112,local_coinbase_spot_20260427_55dd1b.parquet,1,0,1,0,6
cefi,instruments-store-cefi-prd-central-element-323112,local_coinbase_spot_20260428_4f4d21.parquet,1,0,1,0,6
cefi,instruments-store-cefi-prd-central-element-323112,local_coinbase_spot_20260429_9d72dd.parquet,1,0,1,0,6
cefi,instruments-store-cefi-prd-central-element-323112,local_coinbase_spot_20260430_f2bc75.parquet,1,0,1,0,6
cefi,instruments-store-cefi-prd-central-element-323112,local_coinbase_spot_20260501_4886a1.parquet,1,0,1,0,6
cefi,instruments-store-cefi-prd-central-element-323112,local_coinbase_spot_20260502_ebc3b9.parquet,1,0,1,0,6
cefi,instruments-store-cefi-prd-central-element-323112,local_coinbase_spot_20260503_f3b0e3.parquet,1,0,1,0,6
cefi,instruments-store-cefi-prd-central-element-323112,local_coinbase_spot_20260504_3cf45e.parquet,1,0,1,0,6
cefi,instruments-store-cefi-prd-central-element-323112,local_deribit_seq_20260411_531478.parquet,1,0,1,0,6
cefi,instruments-store-cefi-prd-central-element-323112,local_deribit_seq_20260412_d4ada9.parquet,1,0,1,0,6
cefi,instruments-store-cefi-prd-central-element-323112,local_deribit_seq_20260415_8759d1.parquet,1,0,1,0,6
cefi,instruments-store-cefi-prd-central-element-323112,local_deribit_seq_20260416_0ada8a.parquet,1,0,1,0,6
cefi,instruments-store-cefi-prd-central-element-323112,local_deribit_seq_20260417_8c4062.parquet,1,0,1,0,6
cefi,instruments-store-cefi-prd-central-element-323112,local_deribit_seq_20260418_ec6496.parquet,1,0,1,0,6
cefi,instruments-store-cefi-prd-central-element-323112,local_deribit_seq_20260419_a5e1de.parquet,1,0,1,0,6
cefi,instruments-store-cefi-prd-central-element-323112,local_deribit_seq_20260420_129a7a.parquet,1,0,1,0,6
cefi,instruments-store-cefi-prd-central-element-323112,local_deribit_seq_20260421_f3b40a.parquet,1,0,1,0,6
cefi,instruments-store-cefi-prd-central-element-323112,local_deribit_seq_20260422_cd874d.parquet,1,0,1,0,6
cefi,instruments-store-cefi-prd-central-element-323112,local_deribit_seq_20260423_dec481.parquet,1,0,1,0,6
cefi,instruments-store-cefi-prd-central-element-323112,local_deribit_seq_20260424_2169ae.parquet,1,0,1,0,6
cefi,instruments-store-cefi-prd-central-element-323112,local_deribit_seq_20260425_f0f563.parquet,1,0,1,0,6
cefi,instruments-store-cefi-prd-central-element-323112,local_deribit_seq_20260426_40807b.parquet,1,0,1,0,6
cefi,instruments-store-cefi-prd-central-element-323112,local_deribit_seq_20260427_1ca25b.parquet,1,0,1,0,6
cefi,instruments-store-cefi-prd-central-element-323112,local_deribit_seq_20260428_852ac6.parquet,1,0,1,0,6
cefi,instruments-store-cefi-prd-central-element-323112,local_deribit_seq_20260429_047401.parquet,1,0,1,0,6
cefi,instruments-store-cefi-prd-central-element-323112,local_deribit_seq_20260430_35a724.parquet,1,0,1,0,6
cefi,instruments-store-cefi-prd-central-element-323112,local_deribit_seq_20260501_62e6a3.parquet,1,0,1,0,6
cefi,instruments-store-cefi-prd-central-element-323112,local_deribit_seq_20260502_9a7ff5.parquet,1,0,1,0,6
cefi,instruments-store-cefi-prd-central-element-323112,local_deribit_seq_20260503_d11441.parquet,1,0,1,0,6
cefi,instruments-store-cefi-prd-central-element-323112,local_deribit_seq_20260504_f9724c.parquet,1,0,1,0,6
cefi,instruments-store-cefi-prd-central-element-323112,local_okx_futures_20260418_e5e967.parquet,1,0,1,0,6
cefi,instruments-store-cefi-prd-central-element-323112,local_okx_futures_20260419_2e60cd.parquet,1,0,1,0,6
cefi,instruments-store-cefi-prd-central-element-323112,local_okx_futures_20260420_c8bdc1.parquet,1,0,1,0,6
cefi,instruments-store-cefi-prd-central-element-323112,local_okx_futures_20260421_fb5a99.parquet,1,0,1,0,6
cefi,instruments-store-cefi-prd-central-element-323112,local_okx_futures_20260422_a95cdd.parquet,1,0,1,0,6
cefi,instruments-store-cefi-prd-central-element-323112,local_okx_futures_20260423_00c934.parquet,1,0,1,0,6
cefi,instruments-store-cefi-prd-central-element-323112,local_okx_futures_20260424_322056.parquet,1,0,1,0,6
cefi,instruments-store-cefi-prd-central-element-323112,local_okx_futures_20260425_080721.parquet,1,0,1,0,6
cefi,instruments-store-cefi-prd-central-element-323112,local_okx_futures_20260426_6013fd.parquet,1,0,1,0,6
cefi,instruments-store-cefi-prd-central-element-323112,local_okx_futures_20260427_072b28.parquet,1,0,1,0,6
cefi,instruments-store-cefi-prd-central-element-323112,local_okx_futures_20260428_079133.parquet,1,0,1,0,6
cefi,instruments-store-cefi-prd-central-element-323112,local_okx_futures_20260429_63acf3.parquet,1,0,1,0,6
cefi,instruments-store-cefi-prd-central-element-323112,local_okx_futures_20260430_bbfb3c.parquet,1,0,1,0,6
cefi,instruments-store-cefi-prd-central-element-323112,local_okx_futures_20260501_665cbe.parquet,1,0,1,0,6
cefi,instruments-store-cefi-prd-central-element-323112,local_okx_futures_20260502_bd4973.parquet,1,0,1,0,6
cefi,instruments-store-cefi-prd-central-element-323112,local_okx_futures_20260503_ba0ce7.parquet,1,0,1,0,6
cefi,instruments-store-cefi-prd-central-element-323112,local_okx_futures_20260504_439804.parquet,1,0,1,0,6
cefi,instruments-store-cefi-prd-central-element-323112,local_okx_spot_20260416_249ac7.parquet,1,0,1,0,6
cefi,instruments-store-cefi-prd-central-element-323112,local_okx_spot_20260417_1bbdea.parquet,1,0,1,0,6
cefi,instruments-store-cefi-prd-central-element-323112,local_okx_spot_20260418_e900fe.parquet,1,0,1,0,6
cefi,instruments-store-cefi-prd-central-element-323112,local_okx_spot_20260419_25be67.parquet,1,0,1,0,6
cefi,instruments-store-cefi-prd-central-element-323112,local_okx_spot_20260420_4252bf.parquet,1,0,1,0,6
cefi,instruments-store-cefi-prd-central-element-323112,local_okx_spot_20260421_a722bc.parquet,1,0,1,0,6
cefi,instruments-store-cefi-prd-central-element-323112,local_okx_spot_20260422_6c8a0e.parquet,1,0,1,0,6
cefi,instruments-store-cefi-prd-central-element-323112,local_okx_spot_20260423_30c121.parquet,1,0,1,0,6
cefi,instruments-store-cefi-prd-central-element-323112,local_okx_spot_20260424_75b0cd.parquet,1,0,1,0,6
cefi,instruments-store-cefi-prd-central-element-323112,local_okx_spot_20260425_0db1ef.parquet,1,0,1,0,6
cefi,instruments-store-cefi-prd-central-element-323112,local_okx_spot_20260426_b2bf4c.parquet,1,0,1,0,6
cefi,instruments-store-cefi-prd-central-element-323112,local_okx_spot_20260427_fdd848.parquet,1,0,1,0,6
cefi,instruments-store-cefi-prd-central-element-323112,local_okx_spot_20260428_f70601.parquet,1,0,1,0,6
cefi,instruments-store-cefi-prd-central-element-323112,local_okx_spot_20260429_fa7415.parquet,1,0,1,0,6
cefi,instruments-store-cefi-prd-central-element-323112,local_okx_spot_20260430_1c63bb.parquet,1,0,1,0,6
cefi,instruments-store-cefi-prd-central-element-323112,local_okx_spot_20260501_082836.parquet,1,0,1,0,6
cefi,instruments-store-cefi-prd-central-element-323112,local_okx_spot_20260502_e0c490.parquet,1,0,1,0,6
cefi,instruments-store-cefi-prd-central-element-323112,local_okx_spot_20260503_e92753.parquet,1,0,1,0,6
cefi,instruments-store-cefi-prd-central-element-323112,local_okx_spot_20260504_80d351.parquet,1,0,1,0,6
cefi,instruments-store-cefi-prd-central-element-323112,local_okx_swap_20260405_0844e0.parquet,1,0,1,0,6
cefi,instruments-store-cefi-prd-central-element-323112,local_okx_swap_20260406_17a591.parquet,1,0,1,0,6
cefi,instruments-store-cefi-prd-central-element-323112,local_okx_swap_20260407_81f669.parquet,1,0,1,0,6
cefi,instruments-store-cefi-prd-central-element-323112,local_okx_swap_20260408_edc7b4.parquet,1,0,1,0,6
cefi,instruments-store-cefi-prd-central-element-323112,local_okx_swap_20260409_fee6a5.parquet,1,0,1,0,6
cefi,instruments-store-cefi-prd-central-element-323112,local_okx_swap_20260411_83e9fe.parquet,1,0,1,0,6
cefi,instruments-store-cefi-prd-central-element-323112,local_okx_swap_20260412_7ce196.parquet,1,0,1,0,6
cefi,instruments-store-cefi-prd-central-element-323112,local_okx_swap_20260415_b6cc6a.parquet,1,0,1,0,6
cefi,instruments-store-cefi-prd-central-element-323112,local_okx_swap_20260416_e09272.parquet,1,0,1,0,6
cefi,instruments-store-cefi-prd-central-element-323112,local_okx_swap_20260417_92ed7e.parquet,1,0,1,0,6
cefi,instruments-store-cefi-prd-central-element-323112,local_okx_swap_20260418_cdf0fb.parquet,1,0,1,0,6
cefi,instruments-store-cefi-prd-central-element-323112,local_okx_swap_20260419_edaab6.parquet,1,0,1,0,6
cefi,instruments-store-cefi-prd-central-element-323112,local_okx_swap_20260420_58775a.parquet,1,0,1,0,6
cefi,instruments-store-cefi-prd-central-element-323112,local_okx_swap_20260421_61c3ad.parquet,1,0,1,0,6
cefi,instruments-store-cefi-prd-central-element-323112,local_okx_swap_20260422_b2907a.parquet,1,0,1,0,6
cefi,instruments-store-cefi-prd-central-element-323112,local_okx_swap_20260423_e7f633.parquet,1,0,1,0,6
cefi,instruments-store-cefi-prd-central-element-323112,local_okx_swap_20260424_5d7b5e.parquet,1,0,1,0,6
cefi,instruments-store-cefi-prd-central-element-323112,local_okx_swap_20260425_b85d8b.parquet,1,0,1,0,6
cefi,instruments-store-cefi-prd-central-element-323112,local_okx_swap_20260426_5cdf28.parquet,1,0,1,0,6
cefi,instruments-store-cefi-prd-central-element-323112,local_okx_swap_20260427_c3bf28.parquet,1,0,1,0,6
cefi,instruments-store-cefi-prd-central-element-323112,local_okx_swap_20260428_7dd9ea.parquet,1,0,1,0,6
cefi,instruments-store-cefi-prd-central-element-323112,local_okx_swap_20260429_98a956.parquet,1,0,1,0,6
cefi,instruments-store-cefi-prd-central-element-323112,local_okx_swap_20260430_04bcad.parquet,1,0,1,0,6
cefi,instruments-store-cefi-prd-central-element-323112,local_okx_swap_20260501_580253.parquet,1,0,1,0,6
cefi,instruments-store-cefi-prd-central-element-323112,local_okx_swap_20260502_81afc8.parquet,1,0,1,0,6
cefi,instruments-store-cefi-prd-central-element-323112,local_okx_swap_20260503_183409.parquet,1,0,1,0,6
cefi,instruments-store-cefi-prd-central-element-323112,local_okx_swap_20260504_1d559d.parquet,1,0,1,0,6
cefi,instruments-store-cefi-prd-central-element-323112,local_upbit_20260504-213833_1ab45e.parquet,1,0,1,0,6
defi,instruments-store-defi-prd-central-element-323112,local_defi_smoke_44bb06.parquet,1,0,1,0,6
prediction,instruments-store-pred-prd-central-element-323112,local_predict_20251225_6459fe.parquet,1,0,1,0,6
prediction,instruments-store-pred-prd-central-element-323112,local_predict_20251227_0ffd44.parquet,1,0,1,0,6
prediction,instruments-store-pred-prd-central-element-323112,local_predict_20260110_65c830.parquet,1,0,1,0,6
prediction,instruments-store-pred-prd-central-element-323112,local_predict_20260117_b8829a.parquet,1,0,1,0,6
prediction,instruments-store-pred-prd-central-element-323112,local_predict_20260119_afd239.parquet,1,0,1,0,6
prediction,instruments-store-pred-prd-central-element-323112,local_predict_20260301_2d1742.parquet,1,0,1,0,6
sports,instruments-store-sports-prd-central-element-323112,tab-f4-laptop-2026-05-09.parquet,1,0,1,0,7
tradfi,instruments-store-tradfi-prd-central-element-323112,instr-cme-events-smoke-20260501-225139.parquet,1,0,1,0,6
tradfi,instruments-store-tradfi-prd-central-element-323112,local_cboe_20260417_c9382d.parquet,1,0,1,0,6
tradfi,instruments-store-tradfi-prd-central-element-323112,local_fx_20260421_fec83d.parquet,1,0,1,0,6
tradfi,instruments-store-tradfi-prd-central-element-323112,local_fx_20260427_7c2350.parquet,1,0,1,0,6
tradfi,instruments-store-tradfi-prd-central-element-323112,local_fx_20260428_28b342.parquet,1,0,1,0,6
tradfi,instruments-store-tradfi-prd-central-element-323112,local_fx_20260429_5892cb.parquet,1,0,1,0,6
tradfi,instruments-store-tradfi-prd-central-element-323112,local_fx_20260430_13b894.parquet,1,0,1,0,6
tradfi,instruments-store-tradfi-prd-central-element-323112,local_fx_20260501_cde82c.parquet,1,0,1,0,6
tradfi,market-data-tick-tradfi-prd-central-element-323112,cefi-cme-ecbtc-smoke-20260501-225139.parquet,1,0,1,0,6
tradfi,market-data-tick-tradfi-prd-central-element-323112,local-28482-0022.parquet,1,0,1,0,6
tradfi,market-data-tick-tradfi-prd-central-element-323112,local-28482-00a0.parquet,1,0,1,0,6
tradfi,market-data-tick-tradfi-prd-central-element-323112,local-28482-00c9.parquet,1,0,1,0,6
tradfi,market-data-tick-tradfi-prd-central-element-323112,local-28482-0149.parquet,1,0,1,0,6
tradfi,market-data-tick-tradfi-prd-central-element-323112,local-28482-0151.parquet,1,0,1,0,6
tradfi,market-data-tick-tradfi-prd-central-element-323112,local-28482-0178.parquet,1,0,1,0,6
tradfi,market-data-tick-tradfi-prd-central-element-323112,local-28482-01cb.parquet,1,0,1,0,6
tradfi,market-data-tick-tradfi-prd-central-element-323112,local-28482-02a0.parquet,1,0,1,0,6
tradfi,market-data-tick-tradfi-prd-central-element-323112,local-28482-02f4.parquet,1,0,1,0,6
tradfi,market-data-tick-tradfi-prd-central-element-323112,local-28482-0329.parquet,1,0,1,0,6
tradfi,market-data-tick-tradfi-prd-central-element-323112,local-28482-0454.parquet,1,0,1,0,6
tradfi,market-data-tick-tradfi-prd-central-element-323112,local-28482-047f.parquet,1,0,1,0,6
tradfi,market-data-tick-tradfi-prd-central-element-323112,local-28482-04db.parquet,1,0,1,0,6
tradfi,market-data-tick-tradfi-prd-central-element-323112,local-28482-04ed.parquet,1,0,1,0,6
tradfi,market-data-tick-tradfi-prd-central-element-323112,local-28482-054d.parquet,1,0,1,0,6
tradfi,market-data-tick-tradfi-prd-central-element-323112,local-28482-055f.parquet,1,0,1,0,6
tradfi,market-data-tick-tradfi-prd-central-element-323112,local-28482-057b.parquet,1,0,1,0,6
tradfi,market-data-tick-tradfi-prd-central-element-323112,local-28482-058b.parquet,1,0,1,0,6
tradfi,market-data-tick-tradfi-prd-central-element-323112,local-28482-05e4.parquet,1,0,1,0,6
tradfi,market-data-tick-tradfi-prd-central-element-323112,local-28482-0608.parquet,1,0,1,0,6
tradfi,market-data-tick-tradfi-prd-central-element-323112,local-28482-065c.parquet,1,0,1,0,6
tradfi,market-data-tick-tradfi-prd-central-element-323112,local-28482-0675.parquet,1,0,1,0,6
tradfi,market-data-tick-tradfi-prd-central-element-323112,local-28482-0702.parquet,1,0,1,0,6
tradfi,market-data-tick-tradfi-prd-central-element-323112,local-28482-07c9.parquet,1,0,1,0,6
tradfi,market-data-tick-tradfi-prd-central-element-323112,local-28482-08f6.parquet,1,0,1,0,6
tradfi,market-data-tick-tradfi-prd-central-element-323112,local-28482-0932.parquet,1,0,1,0,6
tradfi,market-data-tick-tradfi-prd-central-element-323112,local-28482-0933.parquet,1,0,1,0,6
tradfi,market-data-tick-tradfi-prd-central-element-323112,local-28482-0956.parquet,1,0,1,0,6
tradfi,market-data-tick-tradfi-prd-central-element-323112,local-28482-09a2.parquet,1,0,1,0,6
tradfi,market-data-tick-tradfi-prd-central-element-323112,local-28482-09ce.parquet,1,0,1,0,6
tradfi,market-data-tick-tradfi-prd-central-element-323112,local-28482-09d6.parquet,1,0,1,0,6
tradfi,market-data-tick-tradfi-prd-central-element-323112,local-28482-0a6c.parquet,1,0,1,0,6
tradfi,market-data-tick-tradfi-prd-central-element-323112,local-28482-0ac7.parquet,1,0,1,0,6
tradfi,market-data-tick-tradfi-prd-central-element-323112,local-28482-0ad3.parquet,1,0,1,0,6
tradfi,market-data-tick-tradfi-prd-central-element-323112,local-28482-0adb.parquet,1,0,1,0,6
tradfi,market-data-tick-tradfi-prd-central-element-323112,local-28482-0ae1.parquet,1,0,1,0,6
tradfi,market-data-tick-tradfi-prd-central-element-323112,local-28482-0b1e.parquet,1,0,1,0,6
tradfi,market-data-tick-tradfi-prd-central-element-323112,local-28482-0b2a.parquet,1,0,1,0,6
tradfi,market-data-tick-tradfi-prd-central-element-323112,local-28482-0b30.parquet,1,0,1,0,6
tradfi,market-data-tick-tradfi-prd-central-element-323112,local-28482-0b35.parquet,1,0,1,0,6
tradfi,market-data-tick-tradfi-prd-central-element-323112,local-28482-0bf8.parquet,1,0,1,0,6
tradfi,market-data-tick-tradfi-prd-central-element-323112,local-28482-0c2e.parquet,1,0,1,0,6
tradfi,market-data-tick-tradfi-prd-central-element-323112,local-28482-0c55.parquet,1,0,1,0,6
tradfi,market-data-tick-tradfi-prd-central-element-323112,local-28482-0c60.parquet,1,0,1,0,6
tradfi,market-data-tick-tradfi-prd-central-element-323112,local-28482-0c6f.parquet,1,0,1,0,6
tradfi,market-data-tick-tradfi-prd-central-element-323112,local-28482-0ccf.parquet,1,0,1,0,6
tradfi,market-data-tick-tradfi-prd-central-element-323112,local-28482-0cd0.parquet,1,0,1,0,6
tradfi,market-data-tick-tradfi-prd-central-element-323112,local-28482-0ce2.parquet,1,0,1,0,6
tradfi,market-data-tick-tradfi-prd-central-element-323112,local-28482-0cf6.parquet,1,0,1,0,6
tradfi,market-data-tick-tradfi-prd-central-element-323112,local-28482-0d37.parquet,1,0,1,0,6
tradfi,market-data-tick-tradfi-prd-central-element-323112,local-28482-0d4e.parquet,1,0,1,0,6
tradfi,market-data-tick-tradfi-prd-central-element-323112,local-28482-0d8c.parquet,1,0,1,0,6
tradfi,market-data-tick-tradfi-prd-central-element-323112,local-28482-0dee.parquet,1,0,1,0,6
tradfi,market-data-tick-tradfi-prd-central-element-323112,local-28482-0df2.parquet,1,0,1,0,6
tradfi,market-data-tick-tradfi-prd-central-element-323112,local-28482-0e1f.parquet,1,0,1,0,6
tradfi,market-data-tick-tradfi-prd-central-element-323112,local-28482-0e2d.parquet,1,0,1,0,6
tradfi,market-data-tick-tradfi-prd-central-element-323112,local-28482-0e7e.parquet,1,0,1,0,6
tradfi,market-data-tick-tradfi-prd-central-element-323112,local-28482-0f59.parquet,1,0,1,0,6
tradfi,market-data-tick-tradfi-prd-central-element-323112,local-28482-0fef.parquet,1,0,1,0,6
tradfi,market-data-tick-tradfi-prd-central-element-323112,local-28482-1092.parquet,1,0,1,0,6
tradfi,market-data-tick-tradfi-prd-central-element-323112,local-28482-109d.parquet,1,0,1,0,6
tradfi,market-data-tick-tradfi-prd-central-element-323112,local-28482-10e9.parquet,1,0,1,0,6
tradfi,market-data-tick-tradfi-prd-central-element-323112,local-28482-1107.parquet,1,0,1,0,6
tradfi,market-data-tick-tradfi-prd-central-element-323112,local-28482-110b.parquet,1,0,1,0,6
tradfi,market-data-tick-tradfi-prd-central-element-323112,local-28482-11e3.parquet,1,0,1,0,6
tradfi,market-data-tick-tradfi-prd-central-element-323112,local-28482-1227.parquet,1,0,1,0,6
tradfi,market-data-tick-tradfi-prd-central-element-323112,local-28482-1229.parquet,1,0,1,0,6
tradfi,market-data-tick-tradfi-prd-central-element-323112,local-28482-12f0.parquet,1,0,1,0,6
tradfi,market-data-tick-tradfi-prd-central-element-323112,local-28482-1359.parquet,1,0,1,0,6
tradfi,market-data-tick-tradfi-prd-central-element-323112,local-28482-13ba.parquet,1,0,1,0,6
tradfi,market-data-tick-tradfi-prd-central-element-323112,local-28482-13cf.parquet,1,0,1,0,6
tradfi,market-data-tick-tradfi-prd-central-element-323112,local-28482-141c.parquet,1,0,1,0,6
tradfi,market-data-tick-tradfi-prd-central-element-323112,local-28482-142a.parquet,1,0,1,0,6
tradfi,market-data-tick-tradfi-prd-central-element-323112,local-28482-1476.parquet,1,0,1,0,6
tradfi,market-data-tick-tradfi-prd-central-element-323112,local-28482-14b9.parquet,1,0,1,0,6
tradfi,market-data-tick-tradfi-prd-central-element-323112,local-28482-1514.parquet,1,0,1,0,6
tradfi,market-data-tick-tradfi-prd-central-element-323112,local-28482-1541.parquet,1,0,1,0,6
tradfi,market-data-tick-tradfi-prd-central-element-323112,local-28482-156b.parquet,1,0,1,0,6
tradfi,market-data-tick-tradfi-prd-central-element-323112,local-28482-15bb.parquet,1,0,1,0,6
tradfi,market-data-tick-tradfi-prd-central-element-323112,local-28482-15c4.parquet,1,0,1,0,6
tradfi,market-data-tick-tradfi-prd-central-element-323112,local-28482-161a.parquet,1,0,1,0,6
tradfi,market-data-tick-tradfi-prd-central-element-323112,local-28482-1647.parquet,1,0,1,0,6
tradfi,market-data-tick-tradfi-prd-central-element-323112,local-28482-16db.parquet,1,0,1,0,6
tradfi,market-data-tick-tradfi-prd-central-element-323112,local-28482-16ec.parquet,1,0,1,0,6
tradfi,market-data-tick-tradfi-prd-central-element-323112,local-28482-17a1.parquet,1,0,1,0,6
tradfi,market-data-tick-tradfi-prd-central-element-323112,local-28482-17b8.parquet,1,0,1,0,6
tradfi,market-data-tick-tradfi-prd-central-element-323112,local-28482-17f2.parquet,1,0,1,0,6
tradfi,market-data-tick-tradfi-prd-central-element-323112,local-28482-17ff.parquet,1,0,1,0,6
tradfi,market-data-tick-tradfi-prd-central-element-323112,local-28482-1814.parquet,1,0,1,0,6
tradfi,market-data-tick-tradfi-prd-central-element-323112,local-28482-18ac.parquet,1,0,1,0,6
tradfi,market-data-tick-tradfi-prd-central-element-323112,local-28482-1902.parquet,1,0,1,0,6
tradfi,market-data-tick-tradfi-prd-central-element-323112,local-28482-1a03.parquet,1,0,1,0,6
tradfi,market-data-tick-tradfi-prd-central-element-323112,local-28482-1a5e.parquet,1,0,1,0,6
tradfi,market-data-tick-tradfi-prd-central-element-323112,local-28482-1a60.parquet,1,0,1,0,6
tradfi,market-data-tick-tradfi-prd-central-element-323112,local-28482-1ad9.parquet,1,0,1,0,6
tradfi,market-data-tick-tradfi-prd-central-element-323112,local-28482-1b16.parquet,1,0,1,0,6
tradfi,market-data-tick-tradfi-prd-central-element-323112,local-28482-1b1e.parquet,1,0,1,0,6
tradfi,market-data-tick-tradfi-prd-central-element-323112,local-28482-1b54.parquet,1,0,1,0,6
tradfi,market-data-tick-tradfi-prd-central-element-323112,local-28482-1b55.parquet,1,0,1,0,6
tradfi,market-data-tick-tradfi-prd-central-element-323112,local-28482-1b57.parquet,1,0,1,0,6
tradfi,market-data-tick-tradfi-prd-central-element-323112,local-28482-1bda.parquet,1,0,1,0,6
tradfi,market-data-tick-tradfi-prd-central-element-323112,local-28482-1c33.parquet,1,0,1,0,6
tradfi,market-data-tick-tradfi-prd-central-element-323112,local-28482-1c40.parquet,1,0,1,0,6
tradfi,market-data-tick-tradfi-prd-central-element-323112,local-28482-1c67.parquet,1,0,1,0,6
tradfi,market-data-tick-tradfi-prd-central-element-323112,local-28482-1d19.parquet,1,0,1,0,6
tradfi,market-data-tick-tradfi-prd-central-element-323112,local-28482-1d67.parquet,1,0,1,0,6
tradfi,market-data-tick-tradfi-prd-central-element-323112,local-28482-1d8d.parquet,1,0,1,0,6
tradfi,market-data-tick-tradfi-prd-central-element-323112,local-28482-1ddc.parquet,1,0,1,0,6
tradfi,market-data-tick-tradfi-prd-central-element-323112,local-28482-1e00.parquet,1,0,1,0,6
tradfi,market-data-tick-tradfi-prd-central-element-323112,local-28482-1e43.parquet,1,0,1,0,6
tradfi,market-data-tick-tradfi-prd-central-element-323112,local-28482-1e73.parquet,1,0,1,0,6
tradfi,market-data-tick-tradfi-prd-central-element-323112,local-28482-1ee2.parquet,1,0,1,0,6
tradfi,market-data-tick-tradfi-prd-central-element-323112,local-28482-1f47.parquet,1,0,1,0,6
tradfi,market-data-tick-tradfi-prd-central-element-323112,local-28482-2041.parquet,1,0,1,0,6
tradfi,market-data-tick-tradfi-prd-central-element-323112,local-28482-2055.parquet,1,0,1,0,6
tradfi,market-data-tick-tradfi-prd-central-element-323112,local-28482-20ab.parquet,1,0,1,0,6
tradfi,market-data-tick-tradfi-prd-central-element-323112,local-28482-2131.parquet,1,0,1,0,6
tradfi,market-data-tick-tradfi-prd-central-element-323112,local-28482-2156.parquet,1,0,1,0,6
tradfi,market-data-tick-tradfi-prd-central-element-323112,local-28482-217a.parquet,1,0,1,0,6
tradfi,market-data-tick-tradfi-prd-central-element-323112,local-28482-21cd.parquet,1,0,1,0,6
tradfi,market-data-tick-tradfi-prd-central-element-323112,local-28482-21d0.parquet,1,0,1,0,6
tradfi,market-data-tick-tradfi-prd-central-element-323112,local-28482-21e0.parquet,1,0,1,0,6
tradfi,market-data-tick-tradfi-prd-central-element-323112,local-28482-225f.parquet,1,0,1,0,6
tradfi,market-data-tick-tradfi-prd-central-element-323112,local-28482-22a1.parquet,1,0,1,0,6
tradfi,market-data-tick-tradfi-prd-central-element-323112,local-28482-22bf.parquet,1,0,1,0,6
tradfi,market-data-tick-tradfi-prd-central-element-323112,local-28482-22ed.parquet,1,0,1,0,6
tradfi,market-data-tick-tradfi-prd-central-element-323112,local-28482-2390.parquet,1,0,1,0,6
tradfi,market-data-tick-tradfi-prd-central-element-323112,local-28482-2399.parquet,1,0,1,0,6
tradfi,market-data-tick-tradfi-prd-central-element-323112,local-28482-23af.parquet,1,0,1,0,6
tradfi,market-data-tick-tradfi-prd-central-element-323112,local-28482-23b0.parquet,1,0,1,0,6
tradfi,market-data-tick-tradfi-prd-central-element-323112,local-28482-23c6.parquet,1,0,1,0,6
tradfi,market-data-tick-tradfi-prd-central-element-323112,local-28482-23c7.parquet,1,0,1,0,6
tradfi,market-data-tick-tradfi-prd-central-element-323112,local-28482-2518.parquet,1,0,1,0,6
tradfi,market-data-tick-tradfi-prd-central-element-323112,local-28482-2570.parquet,1,0,1,0,6
tradfi,market-data-tick-tradfi-prd-central-element-323112,local-28482-259a.parquet,1,0,1,0,6
tradfi,market-data-tick-tradfi-prd-central-element-323112,local-28482-25f5.parquet,1,0,1,0,6
tradfi,market-data-tick-tradfi-prd-central-element-323112,local-28482-2606.parquet,1,0,1,0,6
tradfi,market-data-tick-tradfi-prd-central-element-323112,local-28482-267c.parquet,1,0,1,0,6
tradfi,market-data-tick-tradfi-prd-central-element-323112,local-28482-2692.parquet,1,0,1,0,6
tradfi,market-data-tick-tradfi-prd-central-element-323112,local-28482-2699.parquet,1,0,1,0,6
tradfi,market-data-tick-tradfi-prd-central-element-323112,local-28482-271b.parquet,1,0,1,0,6
tradfi,market-data-tick-tradfi-prd-central-element-323112,local-28482-2795.parquet,1,0,1,0,6
tradfi,market-data-tick-tradfi-prd-central-element-323112,local-28482-27b8.parquet,1,0,1,0,6
tradfi,market-data-tick-tradfi-prd-central-element-323112,local-28482-27bf.parquet,1,0,1,0,6
tradfi,market-data-tick-tradfi-prd-central-element-323112,local-28482-27ca.parquet,1,0,1,0,6
tradfi,market-data-tick-tradfi-prd-central-element-323112,local-28482-2813.parquet,1,0,1,0,6
tradfi,market-data-tick-tradfi-prd-central-element-323112,local-28482-2852.parquet,1,0,1,0,6
tradfi,market-data-tick-tradfi-prd-central-element-323112,local-28482-2874.parquet,1,0,1,0,6
tradfi,market-data-tick-tradfi-prd-central-element-323112,local-28482-298b.parquet,1,0,1,0,6
tradfi,market-data-tick-tradfi-prd-central-element-323112,local-28482-29c6.parquet,1,0,1,0,6
tradfi,market-data-tick-tradfi-prd-central-element-323112,local-28482-2a2c.parquet,1,0,1,0,6
tradfi,market-data-tick-tradfi-prd-central-element-323112,local-28482-2a3f.parquet,1,0,1,0,6
tradfi,market-data-tick-tradfi-prd-central-element-323112,local-28482-2ab1.parquet,1,0,1,0,6
tradfi,market-data-tick-tradfi-prd-central-element-323112,local-28482-2acc.parquet,1,0,1,0,6
tradfi,market-data-tick-tradfi-prd-central-element-323112,local-28482-2c2d.parquet,1,0,1,0,6
tradfi,market-data-tick-tradfi-prd-central-element-323112,local-28482-2c6e.parquet,1,0,1,0,6
tradfi,market-data-tick-tradfi-prd-central-element-323112,local-28482-2c8b.parquet,1,0,1,0,6
tradfi,market-data-tick-tradfi-prd-central-element-323112,local-28482-2cbd.parquet,1,0,1,0,6
tradfi,market-data-tick-tradfi-prd-central-element-323112,local-28482-2cc2.parquet,1,0,1,0,6
tradfi,market-data-tick-tradfi-prd-central-element-323112,local-28482-2ce3.parquet,1,0,1,0,6
tradfi,market-data-tick-tradfi-prd-central-element-323112,local-28482-2ce5.parquet,1,0,1,0,6
tradfi,market-data-tick-tradfi-prd-central-element-323112,local-28482-2d2a.parquet,1,0,1,0,6
tradfi,market-data-tick-tradfi-prd-central-element-323112,local-28482-2d6f.parquet,1,0,1,0,6
tradfi,market-data-tick-tradfi-prd-central-element-323112,local-28482-2e21.parquet,1,0,1,0,6
tradfi,market-data-tick-tradfi-prd-central-element-323112,local-28482-2e51.parquet,1,0,1,0,6
tradfi,market-data-tick-tradfi-prd-central-element-323112,local-28482-2e97.parquet,1,0,1,0,6
tradfi,market-data-tick-tradfi-prd-central-element-323112,local-28482-2ea1.parquet,1,0,1,0,6
tradfi,market-data-tick-tradfi-prd-central-element-323112,local-28482-2f29.parquet,1,0,1,0,6
tradfi,market-data-tick-tradfi-prd-central-element-323112,local-28482-2f4c.parquet,1,0,1,0,6
tradfi,market-data-tick-tradfi-prd-central-element-323112,local-28482-2fee.parquet,1,0,1,0,6
tradfi,market-data-tick-tradfi-prd-central-element-323112,local-28482-309d.parquet,1,0,1,0,6
tradfi,market-data-tick-tradfi-prd-central-element-323112,local-28482-30b2.parquet,1,0,1,0,6
tradfi,market-data-tick-tradfi-prd-central-element-323112,local-28482-3154.parquet,1,0,1,0,6
tradfi,market-data-tick-tradfi-prd-central-element-323112,local-28482-31bc.parquet,1,0,1,0,6
tradfi,market-data-tick-tradfi-prd-central-element-323112,local-28482-31dd.parquet,1,0,1,0,6
tradfi,market-data-tick-tradfi-prd-central-element-323112,local-28482-321c.parquet,1,0,1,0,6
tradfi,market-data-tick-tradfi-prd-central-element-323112,local-28482-3263.parquet,1,0,1,0,6
tradfi,market-data-tick-tradfi-prd-central-element-323112,local-28482-3281.parquet,1,0,1,0,6
tradfi,market-data-tick-tradfi-prd-central-element-323112,local-28482-3331.parquet,1,0,1,0,6
tradfi,market-data-tick-tradfi-prd-central-element-323112,local-28482-33c9.parquet,1,0,1,0,6
tradfi,market-data-tick-tradfi-prd-central-element-323112,local-28482-33d7.parquet,1,0,1,0,6
tradfi,market-data-tick-tradfi-prd-central-element-323112,local-28482-33f5.parquet,1,0,1,0,6
tradfi,market-data-tick-tradfi-prd-central-element-323112,local-28482-3498.parquet,1,0,1,0,6
tradfi,market-data-tick-tradfi-prd-central-element-323112,local-28482-34a9.parquet,1,0,1,0,6
tradfi,market-data-tick-tradfi-prd-central-element-323112,local-28482-34cc.parquet,1,0,1,0,6
tradfi,market-data-tick-tradfi-prd-central-element-323112,local-28482-34ff.parquet,1,0,1,0,6
tradfi,market-data-tick-tradfi-prd-central-element-323112,local-28482-352f.parquet,1,0,1,0,6
tradfi,market-data-tick-tradfi-prd-central-element-323112,local-28482-355e.parquet,1,0,1,0,6
tradfi,market-data-tick-tradfi-prd-central-element-323112,local-28482-3562.parquet,1,0,1,0,6
tradfi,market-data-tick-tradfi-prd-central-element-323112,local-28482-3564.parquet,1,0,1,0,6
tradfi,market-data-tick-tradfi-prd-central-element-323112,local-28482-356d.parquet,1,0,1,0,6
tradfi,market-data-tick-tradfi-prd-central-element-323112,local-28482-3589.parquet,1,0,1,0,6
tradfi,market-data-tick-tradfi-prd-central-element-323112,local-28482-35d2.parquet,1,0,1,0,6
tradfi,market-data-tick-tradfi-prd-central-element-323112,local-28482-35d7.parquet,1,0,1,0,6
tradfi,market-data-tick-tradfi-prd-central-element-323112,local-28482-3696.parquet,1,0,1,0,6
tradfi,market-data-tick-tradfi-prd-central-element-323112,local-28482-3698.parquet,1,0,1,0,6
tradfi,market-data-tick-tradfi-prd-central-element-323112,local-28482-36ef.parquet,1,0,1,0,6
tradfi,market-data-tick-tradfi-prd-central-element-323112,local-28482-372f.parquet,1,0,1,0,6
tradfi,market-data-tick-tradfi-prd-central-element-323112,local-28482-379b.parquet,1,0,1,0,6
tradfi,market-data-tick-tradfi-prd-central-element-323112,local-28482-37aa.parquet,1,0,1,0,6
tradfi,market-data-tick-tradfi-prd-central-element-323112,local-28482-3805.parquet,1,0,1,0,6
tradfi,market-data-tick-tradfi-prd-central-element-323112,local-28482-3817.parquet,1,0,1,0,6
tradfi,market-data-tick-tradfi-prd-central-element-323112,local-28482-38d5.parquet,1,0,1,0,6
tradfi,market-data-tick-tradfi-prd-central-element-323112,local-28482-3913.parquet,1,0,1,0,6
tradfi,market-data-tick-tradfi-prd-central-element-323112,local-28482-3980.parquet,1,0,1,0,6
tradfi,market-data-tick-tradfi-prd-central-element-323112,local-28482-3988.parquet,1,0,1,0,6
tradfi,market-data-tick-tradfi-prd-central-element-323112,local-28482-3999.parquet,1,0,1,0,6
tradfi,market-data-tick-tradfi-prd-central-element-323112,local-28482-39ae.parquet,1,0,1,0,6
tradfi,market-data-tick-tradfi-prd-central-element-323112,local-28482-39c5.parquet,1,0,1,0,6
tradfi,market-data-tick-tradfi-prd-central-element-323112,local-28482-3a09.parquet,1,0,1,0,6
tradfi,market-data-tick-tradfi-prd-central-element-323112,local-28482-3a7d.parquet,1,0,1,0,6
tradfi,market-data-tick-tradfi-prd-central-element-323112,local-28482-3a9b.parquet,1,0,1,0,6
tradfi,market-data-tick-tradfi-prd-central-element-323112,local-28482-3aba.parquet,1,0,1,0,6
tradfi,market-data-tick-tradfi-prd-central-element-323112,local-28482-3afe.parquet,1,0,1,0,6
tradfi,market-data-tick-tradfi-prd-central-element-323112,local-28482-3b3a.parquet,1,0,1,0,6
tradfi,market-data-tick-tradfi-prd-central-element-323112,local-28482-3b3c.parquet,1,0,1,0,6
tradfi,market-data-tick-tradfi-prd-central-element-323112,local-28482-3b69.parquet,1,0,1,0,6
tradfi,market-data-tick-tradfi-prd-central-element-323112,local-28482-3b6c.parquet,1,0,1,0,6
tradfi,market-data-tick-tradfi-prd-central-element-323112,local-28482-3b76.parquet,1,0,1,0,6
tradfi,market-data-tick-tradfi-prd-central-element-323112,local-28482-3bd4.parquet,1,0,1,0,6
tradfi,market-data-tick-tradfi-prd-central-element-323112,local-28482-3c5f.parquet,1,0,1,0,6
tradfi,market-data-tick-tradfi-prd-central-element-323112,local-28482-3c99.parquet,1,0,1,0,6
tradfi,market-data-tick-tradfi-prd-central-element-323112,local-28482-3d5e.parquet,1,0,1,0,6
tradfi,market-data-tick-tradfi-prd-central-element-323112,local-28482-3d60.parquet,1,0,1,0,6
tradfi,market-data-tick-tradfi-prd-central-element-323112,local-28482-3d6e.parquet,1,0,1,0,6
tradfi,market-data-tick-tradfi-prd-central-element-323112,local-28482-3d9f.parquet,1,0,1,0,6
tradfi,market-data-tick-tradfi-prd-central-element-323112,local-28482-3da4.parquet,1,0,1,0,6
tradfi,market-data-tick-tradfi-prd-central-element-323112,local-28482-3dc3.parquet,1,0,1,0,6
tradfi,market-data-tick-tradfi-prd-central-element-323112,local-28482-3de2.parquet,1,0,1,0,6
tradfi,market-data-tick-tradfi-prd-central-element-323112,local-28482-3e17.parquet,1,0,1,0,6
tradfi,market-data-tick-tradfi-prd-central-element-323112,local-28482-3e1b.parquet,1,0,1,0,6
tradfi,market-data-tick-tradfi-prd-central-element-323112,local-28482-3e20.parquet,1,0,1,0,6
tradfi,market-data-tick-tradfi-prd-central-element-323112,local-28482-3e4e.parquet,1,0,1,0,6
tradfi,market-data-tick-tradfi-prd-central-element-323112,local-28482-3e6b.parquet,1,0,1,0,6
tradfi,market-data-tick-tradfi-prd-central-element-323112,local-28482-3ea0.parquet,1,0,1,0,6
tradfi,market-data-tick-tradfi-prd-central-element-323112,local-28482-3ee3.parquet,1,0,1,0,6
tradfi,market-data-tick-tradfi-prd-central-element-323112,local-28482-3f62.parquet,1,0,1,0,6
tradfi,market-data-tick-tradfi-prd-central-element-323112,local-28482-3fbb.parquet,1,0,1,0,6
tradfi,market-data-tick-tradfi-prd-central-element-323112,local-28482-400d.parquet,1,0,1,0,6
tradfi,market-data-tick-tradfi-prd-central-element-323112,local-28482-4060.parquet,1,0,1,0,6
tradfi,market-data-tick-tradfi-prd-central-element-323112,local-28482-4061.parquet,1,0,1,0,6
tradfi,market-data-tick-tradfi-prd-central-element-323112,local-28482-4144.parquet,1,0,1,0,6
tradfi,market-data-tick-tradfi-prd-central-element-323112,local-28482-4149.parquet,1,0,1,0,6
tradfi,market-data-tick-tradfi-prd-central-element-323112,local-28482-41b6.parquet,1,0,1,0,6
tradfi,market-data-tick-tradfi-prd-central-element-323112,local-28482-41cd.parquet,1,0,1,0,6
tradfi,market-data-tick-tradfi-prd-central-element-323112,local-28482-4227.parquet,1,0,1,0,6
tradfi,market-data-tick-tradfi-prd-central-element-323112,local-28482-4240.parquet,1,0,1,0,6
tradfi,market-data-tick-tradfi-prd-central-element-323112,local-28482-4248.parquet,1,0,1,0,6
tradfi,market-data-tick-tradfi-prd-central-element-323112,local-28482-42c9.parquet,1,0,1,0,6
tradfi,market-data-tick-tradfi-prd-central-element-323112,local-28482-42db.parquet,1,0,1,0,6
tradfi,market-data-tick-tradfi-prd-central-element-323112,local-28482-4373.parquet,1,0,1,0,6
tradfi,market-data-tick-tradfi-prd-central-element-323112,local-28482-43bc.parquet,1,0,1,0,6
tradfi,market-data-tick-tradfi-prd-central-element-323112,local-28482-43be.parquet,1,0,1,0,6
tradfi,market-data-tick-tradfi-prd-central-element-323112,local-28482-446a.parquet,1,0,1,0,6
tradfi,market-data-tick-tradfi-prd-central-element-323112,local-28482-447e.parquet,1,0,1,0,6
tradfi,market-data-tick-tradfi-prd-central-element-323112,local-28482-44b2.parquet,1,0,1,0,6
tradfi,market-data-tick-tradfi-prd-central-element-323112,local-28482-44bc.parquet,1,0,1,0,6
tradfi,market-data-tick-tradfi-prd-central-element-323112,local-28482-44d8.parquet,1,0,1,0,6
tradfi,market-data-tick-tradfi-prd-central-element-323112,local-28482-44ef.parquet,1,0,1,0,6
tradfi,market-data-tick-tradfi-prd-central-element-323112,local-28482-4583.parquet,1,0,1,0,6
tradfi,market-data-tick-tradfi-prd-central-element-323112,local-28482-45b7.parquet,1,0,1,0,6
tradfi,market-data-tick-tradfi-prd-central-element-323112,local-28482-45be.parquet,1,0,1,0,6
tradfi,market-data-tick-tradfi-prd-central-element-323112,local-28482-465a.parquet,1,0,1,0,6
tradfi,market-data-tick-tradfi-prd-central-element-323112,local-28482-46ae.parquet,1,0,1,0,6
tradfi,market-data-tick-tradfi-prd-central-element-323112,local-28482-46f4.parquet,1,0,1,0,6
tradfi,market-data-tick-tradfi-prd-central-element-323112,local-28482-47dd.parquet,1,0,1,0,6
tradfi,market-data-tick-tradfi-prd-central-element-323112,local-28482-47fd.parquet,1,0,1,0,6
tradfi,market-data-tick-tradfi-prd-central-element-323112,local-28482-483c.parquet,1,0,1,0,6
tradfi,market-data-tick-tradfi-prd-central-element-323112,local-28482-48a5.parquet,1,0,1,0,6
tradfi,market-data-tick-tradfi-prd-central-element-323112,local-28482-48a8.parquet,1,0,1,0,6
tradfi,market-data-tick-tradfi-prd-central-element-323112,local-28482-48b8.parquet,1,0,1,0,6
tradfi,market-data-tick-tradfi-prd-central-element-323112,local-28482-48db.parquet,1,0,1,0,6
tradfi,market-data-tick-tradfi-prd-central-element-323112,local-28482-4931.parquet,1,0,1,0,6
tradfi,market-data-tick-tradfi-prd-central-element-323112,local-28482-49bf.parquet,1,0,1,0,6
tradfi,market-data-tick-tradfi-prd-central-element-323112,local-28482-49ea.parquet,1,0,1,0,6
tradfi,market-data-tick-tradfi-prd-central-element-323112,local-28482-4a28.parquet,1,0,1,0,6
tradfi,market-data-tick-tradfi-prd-central-element-323112,local-28482-4b44.parquet,1,0,1,0,6
tradfi,market-data-tick-tradfi-prd-central-element-323112,local-28482-4ba4.parquet,1,0,1,0,6
tradfi,market-data-tick-tradfi-prd-central-element-323112,local-28482-4bce.parquet,1,0,1,0,6
tradfi,market-data-tick-tradfi-prd-central-element-323112,local-28482-4c01.parquet,1,0,1,0,6
tradfi,market-data-tick-tradfi-prd-central-element-323112,local-28482-4c1f.parquet,1,0,1,0,6
tradfi,market-data-tick-tradfi-prd-central-element-323112,local-28482-4c34.parquet,1,0,1,0,6
tradfi,market-data-tick-tradfi-prd-central-element-323112,local-28482-4c49.parquet,1,0,1,0,6
tradfi,market-data-tick-tradfi-prd-central-element-323112,local-28482-4c4d.parquet,1,0,1,0,6
tradfi,market-data-tick-tradfi-prd-central-element-323112,local-28482-4cf2.parquet,1,0,1,0,6
tradfi,market-data-tick-tradfi-prd-central-element-323112,local-28482-4d20.parquet,1,0,1,0,6
tradfi,market-data-tick-tradfi-prd-central-element-323112,local-28482-4d25.parquet,1,0,1,0,6
tradfi,market-data-tick-tradfi-prd-central-element-323112,local-28482-4d62.parquet,1,0,1,0,6
tradfi,market-data-tick-tradfi-prd-central-element-323112,local-28482-4d97.parquet,1,0,1,0,6
tradfi,market-data-tick-tradfi-prd-central-element-323112,local-28482-4db3.parquet,1,0,1,0,6
tradfi,market-data-tick-tradfi-prd-central-element-323112,local-28482-4e10.parquet,1,0,1,0,6
tradfi,market-data-tick-tradfi-prd-central-element-323112,local-28482-4e48.parquet,1,0,1,0,6
tradfi,market-data-tick-tradfi-prd-central-element-323112,local-28482-4e4a.parquet,1,0,1,0,6
tradfi,market-data-tick-tradfi-prd-central-element-323112,local-28482-4e64.parquet,1,0,1,0,6
tradfi,market-data-tick-tradfi-prd-central-element-323112,local-28482-4e6e.parquet,1,0,1,0,6
tradfi,market-data-tick-tradfi-prd-central-element-323112,local-28482-4e99.parquet,1,0,1,0,6
tradfi,market-data-tick-tradfi-prd-central-element-323112,local-28482-4f21.parquet,1,0,1,0,6
tradfi,market-data-tick-tradfi-prd-central-element-323112,local-28482-4f8c.parquet,1,0,1,0,6
tradfi,market-data-tick-tradfi-prd-central-element-323112,local-28482-4fcc.parquet,1,0,1,0,6
tradfi,market-data-tick-tradfi-prd-central-element-323112,local-28482-504d.parquet,1,0,1,0,6
tradfi,market-data-tick-tradfi-prd-central-element-323112,local-28482-50ab.parquet,1,0,1,0,6
tradfi,market-data-tick-tradfi-prd-central-element-323112,local-28482-50af.parquet,1,0,1,0,6
tradfi,market-data-tick-tradfi-prd-central-element-323112,local-28482-50d4.parquet,1,0,1,0,6
tradfi,market-data-tick-tradfi-prd-central-element-323112,local-28482-5110.parquet,1,0,1,0,6
tradfi,market-data-tick-tradfi-prd-central-element-323112,local-28482-5147.parquet,1,0,1,0,6
tradfi,market-data-tick-tradfi-prd-central-element-323112,local-28482-5196.parquet,1,0,1,0,6
tradfi,market-data-tick-tradfi-prd-central-element-323112,local-28482-51b1.parquet,1,0,1,0,6
tradfi,market-data-tick-tradfi-prd-central-element-323112,local-28482-51bb.parquet,1,0,1,0,6
tradfi,market-data-tick-tradfi-prd-central-element-323112,local-28482-51de.parquet,1,0,1,0,6
tradfi,market-data-tick-tradfi-prd-central-element-323112,local-28482-523e.parquet,1,0,1,0,6
tradfi,market-data-tick-tradfi-prd-central-element-323112,local-28482-525f.parquet,1,0,1,0,6
tradfi,market-data-tick-tradfi-prd-central-element-323112,local-28482-52b0.parquet,1,0,1,0,6
tradfi,market-data-tick-tradfi-prd-central-element-323112,local-28482-52df.parquet,1,0,1,0,6
tradfi,market-data-tick-tradfi-prd-central-element-323112,local-28482-5341.parquet,1,0,1,0,6
tradfi,market-data-tick-tradfi-prd-central-element-323112,local-28482-5442.parquet,1,0,1,0,6
tradfi,market-data-tick-tradfi-prd-central-element-323112,local-28482-544d.parquet,1,0,1,0,6
tradfi,market-data-tick-tradfi-prd-central-element-323112,local-28482-5465.parquet,1,0,1,0,6
tradfi,market-data-tick-tradfi-prd-central-element-323112,local-28482-5520.parquet,1,0,1,0,6
tradfi,market-data-tick-tradfi-prd-central-element-323112,local-28482-552e.parquet,1,0,1,0,6
tradfi,market-data-tick-tradfi-prd-central-element-323112,local-28482-5588.parquet,1,0,1,0,6
tradfi,market-data-tick-tradfi-prd-central-element-323112,local-28482-558e.parquet,1,0,1,0,6
tradfi,market-data-tick-tradfi-prd-central-element-323112,local-28482-5592.parquet,1,0,1,0,6
tradfi,market-data-tick-tradfi-prd-central-element-323112,local-28482-55c7.parquet,1,0,1,0,6
tradfi,market-data-tick-tradfi-prd-central-element-323112,local-28482-566f.parquet,1,0,1,0,6
tradfi,market-data-tick-tradfi-prd-central-element-323112,local-28482-5676.parquet,1,0,1,0,6
tradfi,market-data-tick-tradfi-prd-central-element-323112,local-28482-5753.parquet,1,0,1,0,6
tradfi,market-data-tick-tradfi-prd-central-element-323112,local-28482-5758.parquet,1,0,1,0,6
tradfi,market-data-tick-tradfi-prd-central-element-323112,local-28482-5779.parquet,1,0,1,0,6
tradfi,market-data-tick-tradfi-prd-central-element-323112,local-28482-5799.parquet,1,0,1,0,6
tradfi,market-data-tick-tradfi-prd-central-element-323112,local-28482-579b.parquet,1,0,1,0,6
tradfi,market-data-tick-tradfi-prd-central-element-323112,local-28482-57c3.parquet,1,0,1,0,6
tradfi,market-data-tick-tradfi-prd-central-element-323112,local-28482-57ca.parquet,1,0,1,0,6
tradfi,market-data-tick-tradfi-prd-central-element-323112,local-28482-5819.parquet,1,0,1,0,6
tradfi,market-data-tick-tradfi-prd-central-element-323112,local-28482-5839.parquet,1,0,1,0,6
tradfi,market-data-tick-tradfi-prd-central-element-323112,local-28482-587c.parquet,1,0,1,0,6
tradfi,market-data-tick-tradfi-prd-central-element-323112,local-28482-58a2.parquet,1,0,1,0,6
tradfi,market-data-tick-tradfi-prd-central-element-323112,local-28482-58b5.parquet,1,0,1,0,6
tradfi,market-data-tick-tradfi-prd-central-element-323112,local-28482-58f6.parquet,1,0,1,0,6
tradfi,market-data-tick-tradfi-prd-central-element-323112,local-28482-5945.parquet,1,0,1,0,6
tradfi,market-data-tick-tradfi-prd-central-element-323112,local-28482-5968.parquet,1,0,1,0,6
tradfi,market-data-tick-tradfi-prd-central-element-323112,local-28482-59ab.parquet,1,0,1,0,6
tradfi,market-data-tick-tradfi-prd-central-element-323112,local-28482-59fd.parquet,1,0,1,0,6
tradfi,market-data-tick-tradfi-prd-central-element-323112,local-28482-5a1e.parquet,1,0,1,0,6
tradfi,market-data-tick-tradfi-prd-central-element-323112,local-28482-5a2c.parquet,1,0,1,0,6
tradfi,market-data-tick-tradfi-prd-central-element-323112,local-28482-5a64.parquet,1,0,1,0,6
tradfi,market-data-tick-tradfi-prd-central-element-323112,local-28482-5a67.parquet,1,0,1,0,6
tradfi,market-data-tick-tradfi-prd-central-element-323112,local-28482-5a84.parquet,1,0,1,0,6
tradfi,market-data-tick-tradfi-prd-central-element-323112,local-28482-5b0b.parquet,1,0,1,0,6
tradfi,market-data-tick-tradfi-prd-central-element-323112,local-28482-5b22.parquet,1,0,1,0,6
tradfi,market-data-tick-tradfi-prd-central-element-323112,local-28482-5b8d.parquet,1,0,1,0,6
tradfi,market-data-tick-tradfi-prd-central-element-323112,local-28482-5c75.parquet,1,0,1,0,6
tradfi,market-data-tick-tradfi-prd-central-element-323112,local-28482-5c8b.parquet,1,0,1,0,6
tradfi,market-data-tick-tradfi-prd-central-element-323112,local-28482-5cbf.parquet,1,0,1,0,6
tradfi,market-data-tick-tradfi-prd-central-element-323112,local-28482-5d03.parquet,1,0,1,0,6
tradfi,market-data-tick-tradfi-prd-central-element-323112,local-28482-5d14.parquet,1,0,1,0,6
tradfi,market-data-tick-tradfi-prd-central-element-323112,local-28482-5d93.parquet,1,0,1,0,6
tradfi,market-data-tick-tradfi-prd-central-element-323112,local-28482-5dea.parquet,1,0,1,0,6
tradfi,market-data-tick-tradfi-prd-central-element-323112,local-28482-5dec.parquet,1,0,1,0,6
tradfi,market-data-tick-tradfi-prd-central-element-323112,local-28482-5eb9.parquet,1,0,1,0,6
tradfi,market-data-tick-tradfi-prd-central-element-323112,local-28482-5ecb.parquet,1,0,1,0,6
tradfi,market-data-tick-tradfi-prd-central-element-323112,local-28482-5ef6.parquet,1,0,1,0,6
tradfi,market-data-tick-tradfi-prd-central-element-323112,local-28482-5efb.parquet,1,0,1,0,6
tradfi,market-data-tick-tradfi-prd-central-element-323112,local-28482-5f67.parquet,1,0,1,0,6
tradfi,market-data-tick-tradfi-prd-central-element-323112,local-28482-6009.parquet,1,0,1,0,6
tradfi,market-data-tick-tradfi-prd-central-element-323112,local-28482-603d.parquet,1,0,1,0,6
tradfi,market-data-tick-tradfi-prd-central-element-323112,local-28482-6075.parquet,1,0,1,0,6
tradfi,market-data-tick-tradfi-prd-central-element-323112,local-28482-6076.parquet,1,0,1,0,6
tradfi,market-data-tick-tradfi-prd-central-element-323112,local-28482-6222.parquet,1,0,1,0,6
tradfi,market-data-tick-tradfi-prd-central-element-323112,local-28482-6241.parquet,1,0,1,0,6
tradfi,market-data-tick-tradfi-prd-central-element-323112,local-28482-6268.parquet,1,0,1,0,6
tradfi,market-data-tick-tradfi-prd-central-element-323112,local-28482-631e.parquet,1,0,1,0,6
tradfi,market-data-tick-tradfi-prd-central-element-323112,local-28482-6323.parquet,1,0,1,0,6
tradfi,market-data-tick-tradfi-prd-central-element-323112,local-28482-6333.parquet,1,0,1,0,6
tradfi,market-data-tick-tradfi-prd-central-element-323112,local-28482-63e9.parquet,1,0,1,0,6
tradfi,market-data-tick-tradfi-prd-central-element-323112,local-28482-6459.parquet,1,0,1,0,6
tradfi,market-data-tick-tradfi-prd-central-element-323112,local-28482-647c.parquet,1,0,1,0,6
tradfi,market-data-tick-tradfi-prd-central-element-323112,local-28482-65e1.parquet,1,0,1,0,6
tradfi,market-data-tick-tradfi-prd-central-element-323112,local-28482-6696.parquet,1,0,1,0,6
tradfi,market-data-tick-tradfi-prd-central-element-323112,local-28482-66e4.parquet,1,0,1,0,6
tradfi,market-data-tick-tradfi-prd-central-element-323112,local-28482-66fa.parquet,1,0,1,0,6
tradfi,market-data-tick-tradfi-prd-central-element-323112,local-28482-6705.parquet,1,0,1,0,6
tradfi,market-data-tick-tradfi-prd-central-element-323112,local-28482-6765.parquet,1,0,1,0,6
tradfi,market-data-tick-tradfi-prd-central-element-323112,local-28482-677f.parquet,1,0,1,0,6
tradfi,market-data-tick-tradfi-prd-central-element-323112,local-28482-6782.parquet,1,0,1,0,6
tradfi,market-data-tick-tradfi-prd-central-element-323112,local-28482-67c1.parquet,1,0,1,0,6
tradfi,market-data-tick-tradfi-prd-central-element-323112,local-28482-67cb.parquet,1,0,1,0,6
tradfi,market-data-tick-tradfi-prd-central-element-323112,local-28482-6810.parquet,1,0,1,0,6
tradfi,market-data-tick-tradfi-prd-central-element-323112,local-28482-6828.parquet,1,0,1,0,6
tradfi,market-data-tick-tradfi-prd-central-element-323112,local-28482-693e.parquet,1,0,1,0,6
tradfi,market-data-tick-tradfi-prd-central-element-323112,local-28482-6971.parquet,1,0,1,0,6
tradfi,market-data-tick-tradfi-prd-central-element-323112,local-28482-698d.parquet,1,0,1,0,6
tradfi,market-data-tick-tradfi-prd-central-element-323112,local-28482-69a5.parquet,1,0,1,0,6
tradfi,market-data-tick-tradfi-prd-central-element-323112,local-28482-69b7.parquet,1,0,1,0,6
tradfi,market-data-tick-tradfi-prd-central-element-323112,local-28482-69fd.parquet,1,0,1,0,6
tradfi,market-data-tick-tradfi-prd-central-element-323112,local-28482-6a3e.parquet,1,0,1,0,6
tradfi,market-data-tick-tradfi-prd-central-element-323112,local-28482-6af1.parquet,1,0,1,0,6
tradfi,market-data-tick-tradfi-prd-central-element-323112,local-28482-6b4e.parquet,1,0,1,0,6
tradfi,market-data-tick-tradfi-prd-central-element-323112,local-28482-6bbc.parquet,1,0,1,0,6
tradfi,market-data-tick-tradfi-prd-central-element-323112,local-28482-6c16.parquet,1,0,1,0,6
tradfi,market-data-tick-tradfi-prd-central-element-323112,local-28482-6c17.parquet,1,0,1,0,6
tradfi,market-data-tick-tradfi-prd-central-element-323112,local-28482-6c21.parquet,1,0,1,0,6
tradfi,market-data-tick-tradfi-prd-central-element-323112,local-28482-6c8f.parquet,1,0,1,0,6
tradfi,market-data-tick-tradfi-prd-central-element-323112,local-28482-6cc9.parquet,1,0,1,0,6
tradfi,market-data-tick-tradfi-prd-central-element-323112,local-28482-6ccf.parquet,1,0,1,0,6
tradfi,market-data-tick-tradfi-prd-central-element-323112,local-28482-6ce4.parquet,1,0,1,0,6
tradfi,market-data-tick-tradfi-prd-central-element-323112,local-28482-6cf0.parquet,1,0,1,0,6
tradfi,market-data-tick-tradfi-prd-central-element-323112,local-28482-6d31.parquet,1,0,1,0,6
tradfi,market-data-tick-tradfi-prd-central-element-323112,local-28482-6d43.parquet,1,0,1,0,6
tradfi,market-data-tick-tradfi-prd-central-element-323112,local-28482-6e83.parquet,1,0,1,0,6
tradfi,market-data-tick-tradfi-prd-central-element-323112,local-28482-6ecd.parquet,1,0,1,0,6
tradfi,market-data-tick-tradfi-prd-central-element-323112,local-28482-6f13.parquet,1,0,1,0,6
tradfi,market-data-tick-tradfi-prd-central-element-323112,local-28482-6f1b.parquet,1,0,1,0,6
tradfi,market-data-tick-tradfi-prd-central-element-323112,local-28482-701c.parquet,1,0,1,0,6
tradfi,market-data-tick-tradfi-prd-central-element-323112,local-28482-7029.parquet,1,0,1,0,6
tradfi,market-data-tick-tradfi-prd-central-element-323112,local-28482-7081.parquet,1,0,1,0,6
tradfi,market-data-tick-tradfi-prd-central-element-323112,local-28482-70a5.parquet,1,0,1,0,6
tradfi,market-data-tick-tradfi-prd-central-element-323112,local-28482-7108.parquet,1,0,1,0,6
tradfi,market-data-tick-tradfi-prd-central-element-323112,local-28482-7116.parquet,1,0,1,0,6
tradfi,market-data-tick-tradfi-prd-central-element-323112,local-28482-717e.parquet,1,0,1,0,6
tradfi,market-data-tick-tradfi-prd-central-element-323112,local-28482-71bb.parquet,1,0,1,0,6
tradfi,market-data-tick-tradfi-prd-central-element-323112,local-28482-722b.parquet,1,0,1,0,6
tradfi,market-data-tick-tradfi-prd-central-element-323112,local-28482-7294.parquet,1,0,1,0,6
tradfi,market-data-tick-tradfi-prd-central-element-323112,local-28482-72a7.parquet,1,0,1,0,6
tradfi,market-data-tick-tradfi-prd-central-element-323112,local-28482-7322.parquet,1,0,1,0,6
tradfi,market-data-tick-tradfi-prd-central-element-323112,local-28482-7349.parquet,1,0,1,0,6
tradfi,market-data-tick-tradfi-prd-central-element-323112,local-28482-735c.parquet,1,0,1,0,6
tradfi,market-data-tick-tradfi-prd-central-element-323112,local-28482-7443.parquet,1,0,1,0,6
tradfi,market-data-tick-tradfi-prd-central-element-323112,local-28482-7462.parquet,1,0,1,0,6
tradfi,market-data-tick-tradfi-prd-central-element-323112,local-28482-74aa.parquet,1,0,1,0,6
tradfi,market-data-tick-tradfi-prd-central-element-323112,local-28482-7548.parquet,1,0,1,0,6
tradfi,market-data-tick-tradfi-prd-central-element-323112,local-28482-7570.parquet,1,0,1,0,6
tradfi,market-data-tick-tradfi-prd-central-element-323112,local-28482-76f5.parquet,1,0,1,0,6
tradfi,market-data-tick-tradfi-prd-central-element-323112,local-28482-7712.parquet,1,0,1,0,6
tradfi,market-data-tick-tradfi-prd-central-element-323112,local-28482-7757.parquet,1,0,1,0,6
tradfi,market-data-tick-tradfi-prd-central-element-323112,local-28482-778c.parquet,1,0,1,0,6
tradfi,market-data-tick-tradfi-prd-central-element-323112,local-28482-783a.parquet,1,0,1,0,6
tradfi,market-data-tick-tradfi-prd-central-element-323112,local-28482-7882.parquet,1,0,1,0,6
tradfi,market-data-tick-tradfi-prd-central-element-323112,local-28482-7894.parquet,1,0,1,0,6
tradfi,market-data-tick-tradfi-prd-central-element-323112,local-28482-78a3.parquet,1,0,1,0,6
tradfi,market-data-tick-tradfi-prd-central-element-323112,local-28482-78d6.parquet,1,0,1,0,6
tradfi,market-data-tick-tradfi-prd-central-element-323112,local-28482-78e5.parquet,1,0,1,0,6
tradfi,market-data-tick-tradfi-prd-central-element-323112,local-28482-797b.parquet,1,0,1,0,6
tradfi,market-data-tick-tradfi-prd-central-element-323112,local-28482-797f.parquet,1,0,1,0,6
tradfi,market-data-tick-tradfi-prd-central-element-323112,local-28482-7980.parquet,1,0,1,0,6
tradfi,market-data-tick-tradfi-prd-central-element-323112,local-28482-79ce.parquet,1,0,1,0,6
tradfi,market-data-tick-tradfi-prd-central-element-323112,local-28482-79d9.parquet,1,0,1,0,6
tradfi,market-data-tick-tradfi-prd-central-element-323112,local-28482-7a9f.parquet,1,0,1,0,6
tradfi,market-data-tick-tradfi-prd-central-element-323112,local-28482-7ab8.parquet,1,0,1,0,6
tradfi,market-data-tick-tradfi-prd-central-element-323112,local-28482-7ac0.parquet,1,0,1,0,6
tradfi,market-data-tick-tradfi-prd-central-element-323112,local-28482-7ac8.parquet,1,0,1,0,6
tradfi,market-data-tick-tradfi-prd-central-element-323112,local-28482-7acd.parquet,1,0,1,0,6
tradfi,market-data-tick-tradfi-prd-central-element-323112,local-28482-7b8b.parquet,1,0,1,0,6
tradfi,market-data-tick-tradfi-prd-central-element-323112,local-28482-7bb2.parquet,1,0,1,0,6
tradfi,market-data-tick-tradfi-prd-central-element-323112,local-28482-7bc2.parquet,1,0,1,0,6
tradfi,market-data-tick-tradfi-prd-central-element-323112,local-28482-7c1e.parquet,1,0,1,0,6
tradfi,market-data-tick-tradfi-prd-central-element-323112,local-28482-7c61.parquet,1,0,1,0,6
tradfi,market-data-tick-tradfi-prd-central-element-323112,local-28482-7d68.parquet,1,0,1,0,6
tradfi,market-data-tick-tradfi-prd-central-element-323112,local-28482-7d6d.parquet,1,0,1,0,6
tradfi,market-data-tick-tradfi-prd-central-element-323112,local-28482-7da2.parquet,1,0,1,0,6
tradfi,market-data-tick-tradfi-prd-central-element-323112,local-28482-7dab.parquet,1,0,1,0,6
tradfi,market-data-tick-tradfi-prd-central-element-323112,local-28482-7dc3.parquet,1,0,1,0,6
tradfi,market-data-tick-tradfi-prd-central-element-323112,local-28482-7e16.parquet,1,0,1,0,6
tradfi,market-data-tick-tradfi-prd-central-element-323112,local-28482-7e1a.parquet,1,0,1,0,6
tradfi,market-data-tick-tradfi-prd-central-element-323112,local-28482-7e34.parquet,1,0,1,0,6
tradfi,market-data-tick-tradfi-prd-central-element-323112,local-28482-7e9a.parquet,1,0,1,0,6
tradfi,market-data-tick-tradfi-prd-central-element-323112,local-28482-7ecb.parquet,1,0,1,0,6
tradfi,market-data-tick-tradfi-prd-central-element-323112,local-28482-7ecc.parquet,1,0,1,0,6
tradfi,market-data-tick-tradfi-prd-central-element-323112,local-28482-7f17.parquet,1,0,1,0,6
tradfi,market-data-tick-tradfi-prd-central-element-323112,local-28482-7f9f.parquet,1,0,1,0,6
tradfi,market-data-tick-tradfi-prd-central-element-323112,local-28482-7fab.parquet,1,0,1,0,6
tradfi,market-data-tick-tradfi-prd-central-element-323112,local-28482-7ff2.parquet,1,0,1,0,6
tradfi,market-data-tick-tradfi-prd-central-element-323112,local-28482-800e.parquet,1,0,1,0,6
tradfi,market-data-tick-tradfi-prd-central-element-323112,local-28482-8020.parquet,1,0,1,0,6
tradfi,market-data-tick-tradfi-prd-central-element-323112,local-28482-8031.parquet,1,0,1,0,6
tradfi,market-data-tick-tradfi-prd-central-element-323112,local-28482-8059.parquet,1,0,1,0,6
tradfi,market-data-tick-tradfi-prd-central-element-323112,local-28482-8099.parquet,1,0,1,0,6
tradfi,market-data-tick-tradfi-prd-central-element-323112,local-28482-80f4.parquet,1,0,1,0,6
tradfi,market-data-tick-tradfi-prd-central-element-323112,local-28482-81b2.parquet,1,0,1,0,6
tradfi,market-data-tick-tradfi-prd-central-element-323112,local-28482-81db.parquet,1,0,1,0,6
tradfi,market-data-tick-tradfi-prd-central-element-323112,local-28482-81f4.parquet,1,0,1,0,6
tradfi,market-data-tick-tradfi-prd-central-element-323112,local-28482-8295.parquet,1,0,1,0,6
tradfi,market-data-tick-tradfi-prd-central-element-323112,local-28482-8296.parquet,1,0,1,0,6
tradfi,market-data-tick-tradfi-prd-central-element-323112,local-28482-82da.parquet,1,0,1,0,6
tradfi,market-data-tick-tradfi-prd-central-element-323112,local-28482-82e5.parquet,1,0,1,0,6
tradfi,market-data-tick-tradfi-prd-central-element-323112,local-28482-8318.parquet,1,0,1,0,6
tradfi,market-data-tick-tradfi-prd-central-element-323112,local-28482-832e.parquet,1,0,1,0,6
tradfi,market-data-tick-tradfi-prd-central-element-323112,local-28482-8365.parquet,1,0,1,0,6
tradfi,market-data-tick-tradfi-prd-central-element-323112,local-28482-837a.parquet,1,0,1,0,6
tradfi,market-data-tick-tradfi-prd-central-element-323112,local-28482-840b.parquet,1,0,1,0,6
tradfi,market-data-tick-tradfi-prd-central-element-323112,local-28482-84b0.parquet,1,0,1,0,6
tradfi,market-data-tick-tradfi-prd-central-element-323112,local-28482-84e8.parquet,1,0,1,0,6
tradfi,market-data-tick-tradfi-prd-central-element-323112,local-28482-84ef.parquet,1,0,1,0,6
tradfi,market-data-tick-tradfi-prd-central-element-323112,local-28482-851b.parquet,1,0,1,0,6
tradfi,market-data-tick-tradfi-prd-central-element-323112,local-28482-8553.parquet,1,0,1,0,6
tradfi,market-data-tick-tradfi-prd-central-element-323112,local-28482-859b.parquet,1,0,1,0,6
tradfi,market-data-tick-tradfi-prd-central-element-323112,local-28482-85c1.parquet,1,0,1,0,6
tradfi,market-data-tick-tradfi-prd-central-element-323112,local-28482-85da.parquet,1,0,1,0,6
tradfi,market-data-tick-tradfi-prd-central-element-323112,local-28482-85dc.parquet,1,0,1,0,6
tradfi,market-data-tick-tradfi-prd-central-element-323112,local-28482-8612.parquet,1,0,1,0,6
tradfi,market-data-tick-tradfi-prd-central-element-323112,local-28482-86a0.parquet,1,0,1,0,6
tradfi,market-data-tick-tradfi-prd-central-element-323112,local-28482-86e6.parquet,1,0,1,0,6
tradfi,market-data-tick-tradfi-prd-central-element-323112,local-28482-8719.parquet,1,0,1,0,6
tradfi,market-data-tick-tradfi-prd-central-element-323112,local-28482-8723.parquet,1,0,1,0,6
tradfi,market-data-tick-tradfi-prd-central-element-323112,local-28482-87d7.parquet,1,0,1,0,6
tradfi,market-data-tick-tradfi-prd-central-element-323112,local-28482-8829.parquet,1,0,1,0,6
tradfi,market-data-tick-tradfi-prd-central-element-323112,local-28482-8877.parquet,1,0,1,0,6
tradfi,market-data-tick-tradfi-prd-central-element-323112,local-28482-88f2.parquet,1,0,1,0,6
tradfi,market-data-tick-tradfi-prd-central-element-323112,local-28482-894a.parquet,1,0,1,0,6
tradfi,market-data-tick-tradfi-prd-central-element-323112,local-28482-8996.parquet,1,0,1,0,6
tradfi,market-data-tick-tradfi-prd-central-element-323112,local-28482-8a44.parquet,1,0,1,0,6
tradfi,market-data-tick-tradfi-prd-central-element-323112,local-28482-8ad5.parquet,1,0,1,0,6
tradfi,market-data-tick-tradfi-prd-central-element-323112,local-28482-8b34.parquet,1,0,1,0,6
tradfi,market-data-tick-tradfi-prd-central-element-323112,local-28482-8bba.parquet,1,0,1,0,6
tradfi,market-data-tick-tradfi-prd-central-element-323112,local-28482-8bd9.parquet,1,0,1,0,6
tradfi,market-data-tick-tradfi-prd-central-element-323112,local-28482-8be8.parquet,1,0,1,0,6
tradfi,market-data-tick-tradfi-prd-central-element-323112,local-28482-8c1d.parquet,1,0,1,0,6
tradfi,market-data-tick-tradfi-prd-central-element-323112,local-28482-8ca6.parquet,1,0,1,0,6
tradfi,market-data-tick-tradfi-prd-central-element-323112,local-28482-8cd0.parquet,1,0,1,0,6
tradfi,market-data-tick-tradfi-prd-central-element-323112,local-28482-8ce7.parquet,1,0,1,0,6
tradfi,market-data-tick-tradfi-prd-central-element-323112,local-28482-8d62.parquet,1,0,1,0,6
tradfi,market-data-tick-tradfi-prd-central-element-323112,local-28482-8d77.parquet,1,0,1,0,6
tradfi,market-data-tick-tradfi-prd-central-element-323112,local-28482-8d82.parquet,1,0,1,0,6
tradfi,market-data-tick-tradfi-prd-central-element-323112,local-28482-8df6.parquet,1,0,1,0,6
tradfi,market-data-tick-tradfi-prd-central-element-323112,local-28482-8ebb.parquet,1,0,1,0,6
tradfi,market-data-tick-tradfi-prd-central-element-323112,local-28482-8ee9.parquet,1,0,1,0,6
tradfi,market-data-tick-tradfi-prd-central-element-323112,local-28482-8eff.parquet,1,0,1,0,6
tradfi,market-data-tick-tradfi-prd-central-element-323112,local-28482-8f03.parquet,1,0,1,0,6
tradfi,market-data-tick-tradfi-prd-central-element-323112,local-28482-8f49.parquet,1,0,1,0,6
tradfi,market-data-tick-tradfi-prd-central-element-323112,local-28482-8f53.parquet,1,0,1,0,6
tradfi,market-data-tick-tradfi-prd-central-element-323112,local-28482-8fa5.parquet,1,0,1,0,6
tradfi,market-data-tick-tradfi-prd-central-element-323112,local-28482-8fb5.parquet,1,0,1,0,6
tradfi,market-data-tick-tradfi-prd-central-element-323112,local-28482-9020.parquet,1,0,1,0,6
tradfi,market-data-tick-tradfi-prd-central-element-323112,local-28482-903f.parquet,1,0,1,0,6
tradfi,market-data-tick-tradfi-prd-central-element-323112,local-28482-9063.parquet,1,0,1,0,6
tradfi,market-data-tick-tradfi-prd-central-element-323112,local-28482-907d.parquet,1,0,1,0,6
tradfi,market-data-tick-tradfi-prd-central-element-323112,local-28482-90ce.parquet,1,0,1,0,6
tradfi,market-data-tick-tradfi-prd-central-element-323112,local-28482-90d5.parquet,1,0,1,0,6
tradfi,market-data-tick-tradfi-prd-central-element-323112,local-28482-90f4.parquet,1,0,1,0,6
tradfi,market-data-tick-tradfi-prd-central-element-323112,local-28482-90fd.parquet,1,0,1,0,6
tradfi,market-data-tick-tradfi-prd-central-element-323112,local-28482-9103.parquet,1,0,1,0,6
tradfi,market-data-tick-tradfi-prd-central-element-323112,local-28482-9148.parquet,1,0,1,0,6
tradfi,market-data-tick-tradfi-prd-central-element-323112,local-28482-9190.parquet,1,0,1,0,6
tradfi,market-data-tick-tradfi-prd-central-element-323112,local-28482-91d5.parquet,1,0,1,0,6
tradfi,market-data-tick-tradfi-prd-central-element-323112,local-28482-91d6.parquet,1,0,1,0,6
tradfi,market-data-tick-tradfi-prd-central-element-323112,local-28482-91e3.parquet,1,0,1,0,6
tradfi,market-data-tick-tradfi-prd-central-element-323112,local-28482-9232.parquet,1,0,1,0,6
tradfi,market-data-tick-tradfi-prd-central-element-323112,local-28482-9247.parquet,1,0,1,0,6
tradfi,market-data-tick-tradfi-prd-central-element-323112,local-28482-9258.parquet,1,0,1,0,6
tradfi,market-data-tick-tradfi-prd-central-element-323112,local-28482-925a.parquet,1,0,1,0,6
tradfi,market-data-tick-tradfi-prd-central-element-323112,local-28482-9288.parquet,1,0,1,0,6
tradfi,market-data-tick-tradfi-prd-central-element-323112,local-28482-929d.parquet,1,0,1,0,6
tradfi,market-data-tick-tradfi-prd-central-element-323112,local-28482-92fa.parquet,1,0,1,0,6
tradfi,market-data-tick-tradfi-prd-central-element-323112,local-28482-931f.parquet,1,0,1,0,6
tradfi,market-data-tick-tradfi-prd-central-element-323112,local-28482-9362.parquet,1,0,1,0,6
tradfi,market-data-tick-tradfi-prd-central-element-323112,local-28482-93c2.parquet,1,0,1,0,6
tradfi,market-data-tick-tradfi-prd-central-element-323112,local-28482-93df.parquet,1,0,1,0,6
tradfi,market-data-tick-tradfi-prd-central-element-323112,local-28482-93fe.parquet,1,0,1,0,6
tradfi,market-data-tick-tradfi-prd-central-element-323112,local-28482-9434.parquet,1,0,1,0,6
tradfi,market-data-tick-tradfi-prd-central-element-323112,local-28482-9478.parquet,1,0,1,0,6
tradfi,market-data-tick-tradfi-prd-central-element-323112,local-28482-9496.parquet,1,0,1,0,6
tradfi,market-data-tick-tradfi-prd-central-element-323112,local-28482-94be.parquet,1,0,1,0,6
tradfi,market-data-tick-tradfi-prd-central-element-323112,local-28482-9517.parquet,1,0,1,0,6
tradfi,market-data-tick-tradfi-prd-central-element-323112,local-28482-9518.parquet,1,0,1,0,6
tradfi,market-data-tick-tradfi-prd-central-element-323112,local-28482-954d.parquet,1,0,1,0,6
tradfi,market-data-tick-tradfi-prd-central-element-323112,local-28482-9552.parquet,1,0,1,0,6
tradfi,market-data-tick-tradfi-prd-central-element-323112,local-28482-9630.parquet,1,0,1,0,6
tradfi,market-data-tick-tradfi-prd-central-element-323112,local-28482-9642.parquet,1,0,1,0,6
tradfi,market-data-tick-tradfi-prd-central-element-323112,local-28482-9709.parquet,1,0,1,0,6
tradfi,market-data-tick-tradfi-prd-central-element-323112,local-28482-979b.parquet,1,0,1,0,6
tradfi,market-data-tick-tradfi-prd-central-element-323112,local-28482-97b8.parquet,1,0,1,0,6
tradfi,market-data-tick-tradfi-prd-central-element-323112,local-28482-9859.parquet,1,0,1,0,6
tradfi,market-data-tick-tradfi-prd-central-element-323112,local-28482-988c.parquet,1,0,1,0,6
tradfi,market-data-tick-tradfi-prd-central-element-323112,local-28482-9898.parquet,1,0,1,0,6
tradfi,market-data-tick-tradfi-prd-central-element-323112,local-28482-98d2.parquet,1,0,1,0,6
tradfi,market-data-tick-tradfi-prd-central-element-323112,local-28482-9904.parquet,1,0,1,0,6
tradfi,market-data-tick-tradfi-prd-central-element-323112,local-28482-9947.parquet,1,0,1,0,6
tradfi,market-data-tick-tradfi-prd-central-element-323112,local-28482-998f.parquet,1,0,1,0,6
tradfi,market-data-tick-tradfi-prd-central-element-323112,local-28482-9a3e.parquet,1,0,1,0,6
tradfi,market-data-tick-tradfi-prd-central-element-323112,local-28482-9a79.parquet,1,0,1,0,6
tradfi,market-data-tick-tradfi-prd-central-element-323112,local-28482-9af9.parquet,1,0,1,0,6
tradfi,market-data-tick-tradfi-prd-central-element-323112,local-28482-9afc.parquet,1,0,1,0,6
tradfi,market-data-tick-tradfi-prd-central-element-323112,local-28482-9b08.parquet,1,0,1,0,6
tradfi,market-data-tick-tradfi-prd-central-element-323112,local-28482-9bce.parquet,1,0,1,0,6
tradfi,market-data-tick-tradfi-prd-central-element-323112,local-28482-9bcf.parquet,1,0,1,0,6
tradfi,market-data-tick-tradfi-prd-central-element-323112,local-28482-9be6.parquet,1,0,1,0,6
tradfi,market-data-tick-tradfi-prd-central-element-323112,local-28482-9c2b.parquet,1,0,1,0,6
tradfi,market-data-tick-tradfi-prd-central-element-323112,local-28482-9ce5.parquet,1,0,1,0,6
tradfi,market-data-tick-tradfi-prd-central-element-323112,local-28482-9d1b.parquet,1,0,1,0,6
tradfi,market-data-tick-tradfi-prd-central-element-323112,local-28482-9d82.parquet,1,0,1,0,6
tradfi,market-data-tick-tradfi-prd-central-element-323112,local-28482-9d8f.parquet,1,0,1,0,6
tradfi,market-data-tick-tradfi-prd-central-element-323112,local-28482-9d94.parquet,1,0,1,0,6
tradfi,market-data-tick-tradfi-prd-central-element-323112,local-28482-9dc5.parquet,1,0,1,0,6
tradfi,market-data-tick-tradfi-prd-central-element-323112,local-28482-9dcf.parquet,1,0,1,0,6
tradfi,market-data-tick-tradfi-prd-central-element-323112,local-28482-9e3d.parquet,1,0,1,0,6
tradfi,market-data-tick-tradfi-prd-central-element-323112,local-28482-9ecc.parquet,1,0,1,0,6
tradfi,market-data-tick-tradfi-prd-central-element-323112,local-28482-9f93.parquet,1,0,1,0,6
tradfi,market-data-tick-tradfi-prd-central-element-323112,local-28482-a013.parquet,1,0,1,0,6
tradfi,market-data-tick-tradfi-prd-central-element-323112,local-28482-a095.parquet,1,0,1,0,6
tradfi,market-data-tick-tradfi-prd-central-element-323112,local-28482-a13b.parquet,1,0,1,0,6
tradfi,market-data-tick-tradfi-prd-central-element-323112,local-28482-a150.parquet,1,0,1,0,6
tradfi,market-data-tick-tradfi-prd-central-element-323112,local-28482-a173.parquet,1,0,1,0,6
tradfi,market-data-tick-tradfi-prd-central-element-323112,local-28482-a17e.parquet,1,0,1,0,6
tradfi,market-data-tick-tradfi-prd-central-element-323112,local-28482-a188.parquet,1,0,1,0,6
tradfi,market-data-tick-tradfi-prd-central-element-323112,local-28482-a18d.parquet,1,0,1,0,6
tradfi,market-data-tick-tradfi-prd-central-element-323112,local-28482-a1eb.parquet,1,0,1,0,6
tradfi,market-data-tick-tradfi-prd-central-element-323112,local-28482-a1f3.parquet,1,0,1,0,6
tradfi,market-data-tick-tradfi-prd-central-element-323112,local-28482-a22a.parquet,1,0,1,0,6
tradfi,market-data-tick-tradfi-prd-central-element-323112,local-28482-a280.parquet,1,0,1,0,6
tradfi,market-data-tick-tradfi-prd-central-element-323112,local-28482-a2ce.parquet,1,0,1,0,6
tradfi,market-data-tick-tradfi-prd-central-element-323112,local-28482-a368.parquet,1,0,1,0,6
tradfi,market-data-tick-tradfi-prd-central-element-323112,local-28482-a3ed.parquet,1,0,1,0,6
tradfi,market-data-tick-tradfi-prd-central-element-323112,local-28482-a417.parquet,1,0,1,0,6
tradfi,market-data-tick-tradfi-prd-central-element-323112,local-28482-a470.parquet,1,0,1,0,6
tradfi,market-data-tick-tradfi-prd-central-element-323112,local-28482-a4df.parquet,1,0,1,0,6
tradfi,market-data-tick-tradfi-prd-central-element-323112,local-28482-a4e2.parquet,1,0,1,0,6
tradfi,market-data-tick-tradfi-prd-central-element-323112,local-28482-a4e6.parquet,1,0,1,0,6
tradfi,market-data-tick-tradfi-prd-central-element-323112,local-28482-a4ff.parquet,1,0,1,0,6
tradfi,market-data-tick-tradfi-prd-central-element-323112,local-28482-a505.parquet,1,0,1,0,6
tradfi,market-data-tick-tradfi-prd-central-element-323112,local-28482-a58c.parquet,1,0,1,0,6
tradfi,market-data-tick-tradfi-prd-central-element-323112,local-28482-a5b2.parquet,1,0,1,0,6
tradfi,market-data-tick-tradfi-prd-central-element-323112,local-28482-a5b5.parquet,1,0,1,0,6
tradfi,market-data-tick-tradfi-prd-central-element-323112,local-28482-a64b.parquet,1,0,1,0,6
tradfi,market-data-tick-tradfi-prd-central-element-323112,local-28482-a6a5.parquet,1,0,1,0,6
tradfi,market-data-tick-tradfi-prd-central-element-323112,local-28482-a6fd.parquet,1,0,1,0,6
tradfi,market-data-tick-tradfi-prd-central-element-323112,local-28482-a740.parquet,1,0,1,0,6
tradfi,market-data-tick-tradfi-prd-central-element-323112,local-28482-a810.parquet,1,0,1,0,6
tradfi,market-data-tick-tradfi-prd-central-element-323112,local-28482-a94f.parquet,1,0,1,0,6
tradfi,market-data-tick-tradfi-prd-central-element-323112,local-28482-a9da.parquet,1,0,1,0,6
tradfi,market-data-tick-tradfi-prd-central-element-323112,local-28482-aa38.parquet,1,0,1,0,6
tradfi,market-data-tick-tradfi-prd-central-element-323112,local-28482-abb7.parquet,1,0,1,0,6
tradfi,market-data-tick-tradfi-prd-central-element-323112,local-28482-ac0a.parquet,1,0,1,0,6
tradfi,market-data-tick-tradfi-prd-central-element-323112,local-28482-ac19.parquet,1,0,1,0,6
tradfi,market-data-tick-tradfi-prd-central-element-323112,local-28482-ac8a.parquet,1,0,1,0,6
tradfi,market-data-tick-tradfi-prd-central-element-323112,local-28482-ad0b.parquet,1,0,1,0,6
tradfi,market-data-tick-tradfi-prd-central-element-323112,local-28482-ad2c.parquet,1,0,1,0,6
tradfi,market-data-tick-tradfi-prd-central-element-323112,local-28482-ad8d.parquet,1,0,1,0,6
tradfi,market-data-tick-tradfi-prd-central-element-323112,local-28482-ade7.parquet,1,0,1,0,6
tradfi,market-data-tick-tradfi-prd-central-element-323112,local-28482-aea1.parquet,1,0,1,0,6
tradfi,market-data-tick-tradfi-prd-central-element-323112,local-28482-aeff.parquet,1,0,1,0,6
tradfi,market-data-tick-tradfi-prd-central-element-323112,local-28482-af13.parquet,1,0,1,0,6
tradfi,market-data-tick-tradfi-prd-central-element-323112,local-28482-af23.parquet,1,0,1,0,6
tradfi,market-data-tick-tradfi-prd-central-element-323112,local-28482-af24.parquet,1,0,1,0,6
tradfi,market-data-tick-tradfi-prd-central-element-323112,local-28482-af62.parquet,1,0,1,0,6
tradfi,market-data-tick-tradfi-prd-central-element-323112,local-28482-af68.parquet,1,0,1,0,6
tradfi,market-data-tick-tradfi-prd-central-element-323112,local-28482-b08a.parquet,1,0,1,0,6
tradfi,market-data-tick-tradfi-prd-central-element-323112,local-28482-b09f.parquet,1,0,1,0,6
tradfi,market-data-tick-tradfi-prd-central-element-323112,local-28482-b196.parquet,1,0,1,0,6
tradfi,market-data-tick-tradfi-prd-central-element-323112,local-28482-b19b.parquet,1,0,1,0,6
tradfi,market-data-tick-tradfi-prd-central-element-323112,local-28482-b207.parquet,1,0,1,0,6
tradfi,market-data-tick-tradfi-prd-central-element-323112,local-28482-b211.parquet,1,0,1,0,6
tradfi,market-data-tick-tradfi-prd-central-element-323112,local-28482-b246.parquet,1,0,1,0,6
tradfi,market-data-tick-tradfi-prd-central-element-323112,local-28482-b2ab.parquet,1,0,1,0,6
tradfi,market-data-tick-tradfi-prd-central-element-323112,local-28482-b31a.parquet,1,0,1,0,6
tradfi,market-data-tick-tradfi-prd-central-element-323112,local-28482-b353.parquet,1,0,1,0,6
tradfi,market-data-tick-tradfi-prd-central-element-323112,local-28482-b36f.parquet,1,0,1,0,6
tradfi,market-data-tick-tradfi-prd-central-element-323112,local-28482-b448.parquet,1,0,1,0,6
tradfi,market-data-tick-tradfi-prd-central-element-323112,local-28482-b4fe.parquet,1,0,1,0,6
tradfi,market-data-tick-tradfi-prd-central-element-323112,local-28482-b5f8.parquet,1,0,1,0,6
tradfi,market-data-tick-tradfi-prd-central-element-323112,local-28482-b641.parquet,1,0,1,0,6
tradfi,market-data-tick-tradfi-prd-central-element-323112,local-28482-b642.parquet,1,0,1,0,6
tradfi,market-data-tick-tradfi-prd-central-element-323112,local-28482-b68c.parquet,1,0,1,0,6
tradfi,market-data-tick-tradfi-prd-central-element-323112,local-28482-b6db.parquet,1,0,1,0,6
tradfi,market-data-tick-tradfi-prd-central-element-323112,local-28482-b705.parquet,1,0,1,0,6
tradfi,market-data-tick-tradfi-prd-central-element-323112,local-28482-b73d.parquet,1,0,1,0,6
tradfi,market-data-tick-tradfi-prd-central-element-323112,local-28482-b772.parquet,1,0,1,0,6
tradfi,market-data-tick-tradfi-prd-central-element-323112,local-28482-b7d3.parquet,1,0,1,0,6
tradfi,market-data-tick-tradfi-prd-central-element-323112,local-28482-b858.parquet,1,0,1,0,6
tradfi,market-data-tick-tradfi-prd-central-element-323112,local-28482-b88c.parquet,1,0,1,0,6
tradfi,market-data-tick-tradfi-prd-central-element-323112,local-28482-b8d1.parquet,1,0,1,0,6
tradfi,market-data-tick-tradfi-prd-central-element-323112,local-28482-b95a.parquet,1,0,1,0,6
tradfi,market-data-tick-tradfi-prd-central-element-323112,local-28482-b993.parquet,1,0,1,0,6
tradfi,market-data-tick-tradfi-prd-central-element-323112,local-28482-ba18.parquet,1,0,1,0,6
tradfi,market-data-tick-tradfi-prd-central-element-323112,local-28482-baf5.parquet,1,0,1,0,6
tradfi,market-data-tick-tradfi-prd-central-element-323112,local-28482-bb82.parquet,1,0,1,0,6
tradfi,market-data-tick-tradfi-prd-central-element-323112,local-28482-bb91.parquet,1,0,1,0,6
tradfi,market-data-tick-tradfi-prd-central-element-323112,local-28482-bbc7.parquet,1,0,1,0,6
tradfi,market-data-tick-tradfi-prd-central-element-323112,local-28482-bc50.parquet,1,0,1,0,6
tradfi,market-data-tick-tradfi-prd-central-element-323112,local-28482-bc8a.parquet,1,0,1,0,6
tradfi,market-data-tick-tradfi-prd-central-element-323112,local-28482-bc9e.parquet,1,0,1,0,6
tradfi,market-data-tick-tradfi-prd-central-element-323112,local-28482-bcf0.parquet,1,0,1,0,6
tradfi,market-data-tick-tradfi-prd-central-element-323112,local-28482-bcf3.parquet,1,0,1,0,6
tradfi,market-data-tick-tradfi-prd-central-element-323112,local-28482-bcfe.parquet,1,0,1,0,6
tradfi,market-data-tick-tradfi-prd-central-element-323112,local-28482-bd07.parquet,1,0,1,0,6
tradfi,market-data-tick-tradfi-prd-central-element-323112,local-28482-bd0f.parquet,1,0,1,0,6
tradfi,market-data-tick-tradfi-prd-central-element-323112,local-28482-bd42.parquet,1,0,1,0,6
tradfi,market-data-tick-tradfi-prd-central-element-323112,local-28482-bd4f.parquet,1,0,1,0,6
tradfi,market-data-tick-tradfi-prd-central-element-323112,local-28482-bd6e.parquet,1,0,1,0,6
tradfi,market-data-tick-tradfi-prd-central-element-323112,local-28482-bdad.parquet,1,0,1,0,6
tradfi,market-data-tick-tradfi-prd-central-element-323112,local-28482-bdcc.parquet,1,0,1,0,6
tradfi,market-data-tick-tradfi-prd-central-element-323112,local-28482-be1b.parquet,1,0,1,0,6
tradfi,market-data-tick-tradfi-prd-central-element-323112,local-28482-be6c.parquet,1,0,1,0,6
tradfi,market-data-tick-tradfi-prd-central-element-323112,local-28482-be8f.parquet,1,0,1,0,6
tradfi,market-data-tick-tradfi-prd-central-element-323112,local-28482-beba.parquet,1,0,1,0,6
tradfi,market-data-tick-tradfi-prd-central-element-323112,local-28482-bef4.parquet,1,0,1,0,6
tradfi,market-data-tick-tradfi-prd-central-element-323112,local-28482-bf76.parquet,1,0,1,0,6
tradfi,market-data-tick-tradfi-prd-central-element-323112,local-28482-bfe2.parquet,1,0,1,0,6
tradfi,market-data-tick-tradfi-prd-central-element-323112,local-28482-c067.parquet,1,0,1,0,6
tradfi,market-data-tick-tradfi-prd-central-element-323112,local-28482-c079.parquet,1,0,1,0,6
tradfi,market-data-tick-tradfi-prd-central-element-323112,local-28482-c086.parquet,1,0,1,0,6
tradfi,market-data-tick-tradfi-prd-central-element-323112,local-28482-c0a9.parquet,1,0,1,0,6
tradfi,market-data-tick-tradfi-prd-central-element-323112,local-28482-c0e4.parquet,1,0,1,0,6
tradfi,market-data-tick-tradfi-prd-central-element-323112,local-28482-c134.parquet,1,0,1,0,6
tradfi,market-data-tick-tradfi-prd-central-element-323112,local-28482-c185.parquet,1,0,1,0,6
tradfi,market-data-tick-tradfi-prd-central-element-323112,local-28482-c19f.parquet,1,0,1,0,6
tradfi,market-data-tick-tradfi-prd-central-element-323112,local-28482-c20e.parquet,1,0,1,0,6
tradfi,market-data-tick-tradfi-prd-central-element-323112,local-28482-c25a.parquet,1,0,1,0,6
tradfi,market-data-tick-tradfi-prd-central-element-323112,local-28482-c2f2.parquet,1,0,1,0,6
tradfi,market-data-tick-tradfi-prd-central-element-323112,local-28482-c324.parquet,1,0,1,0,6
tradfi,market-data-tick-tradfi-prd-central-element-323112,local-28482-c36a.parquet,1,0,1,0,6
tradfi,market-data-tick-tradfi-prd-central-element-323112,local-28482-c3eb.parquet,1,0,1,0,6
tradfi,market-data-tick-tradfi-prd-central-element-323112,local-28482-c466.parquet,1,0,1,0,6
tradfi,market-data-tick-tradfi-prd-central-element-323112,local-28482-c470.parquet,1,0,1,0,6
tradfi,market-data-tick-tradfi-prd-central-element-323112,local-28482-c491.parquet,1,0,1,0,6
tradfi,market-data-tick-tradfi-prd-central-element-323112,local-28482-c4e9.parquet,1,0,1,0,6
tradfi,market-data-tick-tradfi-prd-central-element-323112,local-28482-c50e.parquet,1,0,1,0,6
tradfi,market-data-tick-tradfi-prd-central-element-323112,local-28482-c586.parquet,1,0,1,0,6
tradfi,market-data-tick-tradfi-prd-central-element-323112,local-28482-c600.parquet,1,0,1,0,6
tradfi,market-data-tick-tradfi-prd-central-element-323112,local-28482-c60b.parquet,1,0,1,0,6
tradfi,market-data-tick-tradfi-prd-central-element-323112,local-28482-c613.parquet,1,0,1,0,6
tradfi,market-data-tick-tradfi-prd-central-element-323112,local-28482-c64a.parquet,1,0,1,0,6
tradfi,market-data-tick-tradfi-prd-central-element-323112,local-28482-c6b6.parquet,1,0,1,0,6
tradfi,market-data-tick-tradfi-prd-central-element-323112,local-28482-c6dd.parquet,1,0,1,0,6
tradfi,market-data-tick-tradfi-prd-central-element-323112,local-28482-c6f1.parquet,1,0,1,0,6
tradfi,market-data-tick-tradfi-prd-central-element-323112,local-28482-c74a.parquet,1,0,1,0,6
tradfi,market-data-tick-tradfi-prd-central-element-323112,local-28482-c803.parquet,1,0,1,0,6
tradfi,market-data-tick-tradfi-prd-central-element-323112,local-28482-c86e.parquet,1,0,1,0,6
tradfi,market-data-tick-tradfi-prd-central-element-323112,local-28482-c8a7.parquet,1,0,1,0,6
tradfi,market-data-tick-tradfi-prd-central-element-323112,local-28482-c8f0.parquet,1,0,1,0,6
tradfi,market-data-tick-tradfi-prd-central-element-323112,local-28482-c93a.parquet,1,0,1,0,6
tradfi,market-data-tick-tradfi-prd-central-element-323112,local-28482-c98f.parquet,1,0,1,0,6
tradfi,market-data-tick-tradfi-prd-central-element-323112,local-28482-c9c7.parquet,1,0,1,0,6
tradfi,market-data-tick-tradfi-prd-central-element-323112,local-28482-c9f9.parquet,1,0,1,0,6
tradfi,market-data-tick-tradfi-prd-central-element-323112,local-28482-ca18.parquet,1,0,1,0,6
tradfi,market-data-tick-tradfi-prd-central-element-323112,local-28482-ca59.parquet,1,0,1,0,6
tradfi,market-data-tick-tradfi-prd-central-element-323112,local-28482-ca6f.parquet,1,0,1,0,6
tradfi,market-data-tick-tradfi-prd-central-element-323112,local-28482-ca8a.parquet,1,0,1,0,6
tradfi,market-data-tick-tradfi-prd-central-element-323112,local-28482-ca8b.parquet,1,0,1,0,6
tradfi,market-data-tick-tradfi-prd-central-element-323112,local-28482-ca98.parquet,1,0,1,0,6
tradfi,market-data-tick-tradfi-prd-central-element-323112,local-28482-ca9f.parquet,1,0,1,0,6
tradfi,market-data-tick-tradfi-prd-central-element-323112,local-28482-caa7.parquet,1,0,1,0,6
tradfi,market-data-tick-tradfi-prd-central-element-323112,local-28482-caac.parquet,1,0,1,0,6
tradfi,market-data-tick-tradfi-prd-central-element-323112,local-28482-cad1.parquet,1,0,1,0,6
tradfi,market-data-tick-tradfi-prd-central-element-323112,local-28482-cad2.parquet,1,0,1,0,6
tradfi,market-data-tick-tradfi-prd-central-element-323112,local-28482-cae3.parquet,1,0,1,0,6
tradfi,market-data-tick-tradfi-prd-central-element-323112,local-28482-cb8e.parquet,1,0,1,0,6
tradfi,market-data-tick-tradfi-prd-central-element-323112,local-28482-cbc3.parquet,1,0,1,0,6
tradfi,market-data-tick-tradfi-prd-central-element-323112,local-28482-cbd3.parquet,1,0,1,0,6
tradfi,market-data-tick-tradfi-prd-central-element-323112,local-28482-cbd8.parquet,1,0,1,0,6
tradfi,market-data-tick-tradfi-prd-central-element-323112,local-28482-cc00.parquet,1,0,1,0,6
tradfi,market-data-tick-tradfi-prd-central-element-323112,local-28482-cc1f.parquet,1,0,1,0,6
tradfi,market-data-tick-tradfi-prd-central-element-323112,local-28482-ccfd.parquet,1,0,1,0,6
tradfi,market-data-tick-tradfi-prd-central-element-323112,local-28482-cd76.parquet,1,0,1,0,6
tradfi,market-data-tick-tradfi-prd-central-element-323112,local-28482-cd9a.parquet,1,0,1,0,6
tradfi,market-data-tick-tradfi-prd-central-element-323112,local-28482-cde6.parquet,1,0,1,0,6
tradfi,market-data-tick-tradfi-prd-central-element-323112,local-28482-cf1c.parquet,1,0,1,0,6
tradfi,market-data-tick-tradfi-prd-central-element-323112,local-28482-cf49.parquet,1,0,1,0,6
tradfi,market-data-tick-tradfi-prd-central-element-323112,local-28482-cf95.parquet,1,0,1,0,6
tradfi,market-data-tick-tradfi-prd-central-element-323112,local-28482-d02a.parquet,1,0,1,0,6
tradfi,market-data-tick-tradfi-prd-central-element-323112,local-28482-d071.parquet,1,0,1,0,6
tradfi,market-data-tick-tradfi-prd-central-element-323112,local-28482-d0a9.parquet,1,0,1,0,6
tradfi,market-data-tick-tradfi-prd-central-element-323112,local-28482-d0b9.parquet,1,0,1,0,6
tradfi,market-data-tick-tradfi-prd-central-element-323112,local-28482-d0cf.parquet,1,0,1,0,6
tradfi,market-data-tick-tradfi-prd-central-element-323112,local-28482-d0dd.parquet,1,0,1,0,6
tradfi,market-data-tick-tradfi-prd-central-element-323112,local-28482-d147.parquet,1,0,1,0,6
tradfi,market-data-tick-tradfi-prd-central-element-323112,local-28482-d1d3.parquet,1,0,1,0,6
tradfi,market-data-tick-tradfi-prd-central-element-323112,local-28482-d1d7.parquet,1,0,1,0,6
tradfi,market-data-tick-tradfi-prd-central-element-323112,local-28482-d1fc.parquet,1,0,1,0,6
tradfi,market-data-tick-tradfi-prd-central-element-323112,local-28482-d1fd.parquet,1,0,1,0,6
tradfi,market-data-tick-tradfi-prd-central-element-323112,local-28482-d2bc.parquet,1,0,1,0,6
tradfi,market-data-tick-tradfi-prd-central-element-323112,local-28482-d32c.parquet,1,0,1,0,6
tradfi,market-data-tick-tradfi-prd-central-element-323112,local-28482-d344.parquet,1,0,1,0,6
tradfi,market-data-tick-tradfi-prd-central-element-323112,local-28482-d35b.parquet,1,0,1,0,6
tradfi,market-data-tick-tradfi-prd-central-element-323112,local-28482-d3bc.parquet,1,0,1,0,6
tradfi,market-data-tick-tradfi-prd-central-element-323112,local-28482-d3f7.parquet,1,0,1,0,6
tradfi,market-data-tick-tradfi-prd-central-element-323112,local-28482-d42a.parquet,1,0,1,0,6
tradfi,market-data-tick-tradfi-prd-central-element-323112,local-28482-d4ae.parquet,1,0,1,0,6
tradfi,market-data-tick-tradfi-prd-central-element-323112,local-28482-d4c8.parquet,1,0,1,0,6
tradfi,market-data-tick-tradfi-prd-central-element-323112,local-28482-d4de.parquet,1,0,1,0,6
tradfi,market-data-tick-tradfi-prd-central-element-323112,local-28482-d5f1.parquet,1,0,1,0,6
tradfi,market-data-tick-tradfi-prd-central-element-323112,local-28482-d67f.parquet,1,0,1,0,6
tradfi,market-data-tick-tradfi-prd-central-element-323112,local-28482-d6ca.parquet,1,0,1,0,6
tradfi,market-data-tick-tradfi-prd-central-element-323112,local-28482-d71a.parquet,1,0,1,0,6
tradfi,market-data-tick-tradfi-prd-central-element-323112,local-28482-d756.parquet,1,0,1,0,6
tradfi,market-data-tick-tradfi-prd-central-element-323112,local-28482-d78c.parquet,1,0,1,0,6
tradfi,market-data-tick-tradfi-prd-central-element-323112,local-28482-d79e.parquet,1,0,1,0,6
tradfi,market-data-tick-tradfi-prd-central-element-323112,local-28482-d7cf.parquet,1,0,1,0,6
tradfi,market-data-tick-tradfi-prd-central-element-323112,local-28482-d854.parquet,1,0,1,0,6
tradfi,market-data-tick-tradfi-prd-central-element-323112,local-28482-d88b.parquet,1,0,1,0,6
tradfi,market-data-tick-tradfi-prd-central-element-323112,local-28482-d90a.parquet,1,0,1,0,6
tradfi,market-data-tick-tradfi-prd-central-element-323112,local-28482-d97a.parquet,1,0,1,0,6
tradfi,market-data-tick-tradfi-prd-central-element-323112,local-28482-d9fc.parquet,1,0,1,0,6
tradfi,market-data-tick-tradfi-prd-central-element-323112,local-28482-da0c.parquet,1,0,1,0,6
tradfi,market-data-tick-tradfi-prd-central-element-323112,local-28482-da11.parquet,1,0,1,0,6
tradfi,market-data-tick-tradfi-prd-central-element-323112,local-28482-da3c.parquet,1,0,1,0,6
tradfi,market-data-tick-tradfi-prd-central-element-323112,local-28482-da48.parquet,1,0,1,0,6
tradfi,market-data-tick-tradfi-prd-central-element-323112,local-28482-da65.parquet,1,0,1,0,6
tradfi,market-data-tick-tradfi-prd-central-element-323112,local-28482-da69.parquet,1,0,1,0,6
tradfi,market-data-tick-tradfi-prd-central-element-323112,local-28482-da6f.parquet,1,0,1,0,6
tradfi,market-data-tick-tradfi-prd-central-element-323112,local-28482-da9b.parquet,1,0,1,0,6
tradfi,market-data-tick-tradfi-prd-central-element-323112,local-28482-da9c.parquet,1,0,1,0,6
tradfi,market-data-tick-tradfi-prd-central-element-323112,local-28482-daa1.parquet,1,0,1,0,6
tradfi,market-data-tick-tradfi-prd-central-element-323112,local-28482-daa8.parquet,1,0,1,0,6
tradfi,market-data-tick-tradfi-prd-central-element-323112,local-28482-dad4.parquet,1,0,1,0,6
tradfi,market-data-tick-tradfi-prd-central-element-323112,local-28482-dad5.parquet,1,0,1,0,6
tradfi,market-data-tick-tradfi-prd-central-element-323112,local-28482-db48.parquet,1,0,1,0,6
tradfi,market-data-tick-tradfi-prd-central-element-323112,local-28482-dc66.parquet,1,0,1,0,6
tradfi,market-data-tick-tradfi-prd-central-element-323112,local-28482-dcfa.parquet,1,0,1,0,6
tradfi,market-data-tick-tradfi-prd-central-element-323112,local-28482-dd1a.parquet,1,0,1,0,6
tradfi,market-data-tick-tradfi-prd-central-element-323112,local-28482-dd60.parquet,1,0,1,0,6
tradfi,market-data-tick-tradfi-prd-central-element-323112,local-28482-dd66.parquet,1,0,1,0,6
tradfi,market-data-tick-tradfi-prd-central-element-323112,local-28482-ddaf.parquet,1,0,1,0,6
tradfi,market-data-tick-tradfi-prd-central-element-323112,local-28482-ddfe.parquet,1,0,1,0,6
tradfi,market-data-tick-tradfi-prd-central-element-323112,local-28482-de98.parquet,1,0,1,0,6
tradfi,market-data-tick-tradfi-prd-central-element-323112,local-28482-deb1.parquet,1,0,1,0,6
tradfi,market-data-tick-tradfi-prd-central-element-323112,local-28482-ded6.parquet,1,0,1,0,6
tradfi,market-data-tick-tradfi-prd-central-element-323112,local-28482-dee7.parquet,1,0,1,0,6
tradfi,market-data-tick-tradfi-prd-central-element-323112,local-28482-defa.parquet,1,0,1,0,6
tradfi,market-data-tick-tradfi-prd-central-element-323112,local-28482-df54.parquet,1,0,1,0,6
tradfi,market-data-tick-tradfi-prd-central-element-323112,local-28482-df6c.parquet,1,0,1,0,6
tradfi,market-data-tick-tradfi-prd-central-element-323112,local-28482-df81.parquet,1,0,1,0,6
tradfi,market-data-tick-tradfi-prd-central-element-323112,local-28482-dfc0.parquet,1,0,1,0,6
tradfi,market-data-tick-tradfi-prd-central-element-323112,local-28482-e016.parquet,1,0,1,0,6
tradfi,market-data-tick-tradfi-prd-central-element-323112,local-28482-e07e.parquet,1,0,1,0,6
tradfi,market-data-tick-tradfi-prd-central-element-323112,local-28482-e0e2.parquet,1,0,1,0,6
tradfi,market-data-tick-tradfi-prd-central-element-323112,local-28482-e128.parquet,1,0,1,0,6
tradfi,market-data-tick-tradfi-prd-central-element-323112,local-28482-e205.parquet,1,0,1,0,6
tradfi,market-data-tick-tradfi-prd-central-element-323112,local-28482-e299.parquet,1,0,1,0,6
tradfi,market-data-tick-tradfi-prd-central-element-323112,local-28482-e2c1.parquet,1,0,1,0,6
tradfi,market-data-tick-tradfi-prd-central-element-323112,local-28482-e380.parquet,1,0,1,0,6
tradfi,market-data-tick-tradfi-prd-central-element-323112,local-28482-e3d2.parquet,1,0,1,0,6
tradfi,market-data-tick-tradfi-prd-central-element-323112,local-28482-e415.parquet,1,0,1,0,6
tradfi,market-data-tick-tradfi-prd-central-element-323112,local-28482-e4a5.parquet,1,0,1,0,6
tradfi,market-data-tick-tradfi-prd-central-element-323112,local-28482-e4b4.parquet,1,0,1,0,6
tradfi,market-data-tick-tradfi-prd-central-element-323112,local-28482-e4e5.parquet,1,0,1,0,6
tradfi,market-data-tick-tradfi-prd-central-element-323112,local-28482-e50d.parquet,1,0,1,0,6
tradfi,market-data-tick-tradfi-prd-central-element-323112,local-28482-e678.parquet,1,0,1,0,6
tradfi,market-data-tick-tradfi-prd-central-element-323112,local-28482-e766.parquet,1,0,1,0,6
tradfi,market-data-tick-tradfi-prd-central-element-323112,local-28482-e777.parquet,1,0,1,0,6
tradfi,market-data-tick-tradfi-prd-central-element-323112,local-28482-e780.parquet,1,0,1,0,6
tradfi,market-data-tick-tradfi-prd-central-element-323112,local-28482-e7d4.parquet,1,0,1,0,6
tradfi,market-data-tick-tradfi-prd-central-element-323112,local-28482-e831.parquet,1,0,1,0,6
tradfi,market-data-tick-tradfi-prd-central-element-323112,local-28482-e8b8.parquet,1,0,1,0,6
tradfi,market-data-tick-tradfi-prd-central-element-323112,local-28482-e900.parquet,1,0,1,0,6
tradfi,market-data-tick-tradfi-prd-central-element-323112,local-28482-e94b.parquet,1,0,1,0,6
tradfi,market-data-tick-tradfi-prd-central-element-323112,local-28482-e998.parquet,1,0,1,0,6
tradfi,market-data-tick-tradfi-prd-central-element-323112,local-28482-e9bd.parquet,1,0,1,0,6
tradfi,market-data-tick-tradfi-prd-central-element-323112,local-28482-eabd.parquet,1,0,1,0,6
tradfi,market-data-tick-tradfi-prd-central-element-323112,local-28482-ead8.parquet,1,0,1,0,6
tradfi,market-data-tick-tradfi-prd-central-element-323112,local-28482-eadb.parquet,1,0,1,0,6
tradfi,market-data-tick-tradfi-prd-central-element-323112,local-28482-eaef.parquet,1,0,1,0,6
tradfi,market-data-tick-tradfi-prd-central-element-323112,local-28482-ebf6.parquet,1,0,1,0,6
tradfi,market-data-tick-tradfi-prd-central-element-323112,local-28482-eca0.parquet,1,0,1,0,6
tradfi,market-data-tick-tradfi-prd-central-element-323112,local-28482-ecf7.parquet,1,0,1,0,6
tradfi,market-data-tick-tradfi-prd-central-element-323112,local-28482-ed03.parquet,1,0,1,0,6
tradfi,market-data-tick-tradfi-prd-central-element-323112,local-28482-edda.parquet,1,0,1,0,6
tradfi,market-data-tick-tradfi-prd-central-element-323112,local-28482-ee04.parquet,1,0,1,0,6
tradfi,market-data-tick-tradfi-prd-central-element-323112,local-28482-ee3e.parquet,1,0,1,0,6
tradfi,market-data-tick-tradfi-prd-central-element-323112,local-28482-ee9c.parquet,1,0,1,0,6
tradfi,market-data-tick-tradfi-prd-central-element-323112,local-28482-eec7.parquet,1,0,1,0,6
tradfi,market-data-tick-tradfi-prd-central-element-323112,local-28482-ef2b.parquet,1,0,1,0,6
tradfi,market-data-tick-tradfi-prd-central-element-323112,local-28482-ef80.parquet,1,0,1,0,6
tradfi,market-data-tick-tradfi-prd-central-element-323112,local-28482-efd0.parquet,1,0,1,0,6
tradfi,market-data-tick-tradfi-prd-central-element-323112,local-28482-f048.parquet,1,0,1,0,6
tradfi,market-data-tick-tradfi-prd-central-element-323112,local-28482-f04a.parquet,1,0,1,0,6
tradfi,market-data-tick-tradfi-prd-central-element-323112,local-28482-f065.parquet,1,0,1,0,6
tradfi,market-data-tick-tradfi-prd-central-element-323112,local-28482-f099.parquet,1,0,1,0,6
tradfi,market-data-tick-tradfi-prd-central-element-323112,local-28482-f0c5.parquet,1,0,1,0,6
tradfi,market-data-tick-tradfi-prd-central-element-323112,local-28482-f0f8.parquet,1,0,1,0,6
tradfi,market-data-tick-tradfi-prd-central-element-323112,local-28482-f166.parquet,1,0,1,0,6
tradfi,market-data-tick-tradfi-prd-central-element-323112,local-28482-f178.parquet,1,0,1,0,6
tradfi,market-data-tick-tradfi-prd-central-element-323112,local-28482-f181.parquet,1,0,1,0,6
tradfi,market-data-tick-tradfi-prd-central-element-323112,local-28482-f1af.parquet,1,0,1,0,6
tradfi,market-data-tick-tradfi-prd-central-element-323112,local-28482-f20a.parquet,1,0,1,0,6
tradfi,market-data-tick-tradfi-prd-central-element-323112,local-28482-f21e.parquet,1,0,1,0,6
tradfi,market-data-tick-tradfi-prd-central-element-323112,local-28482-f271.parquet,1,0,1,0,6
tradfi,market-data-tick-tradfi-prd-central-element-323112,local-28482-f2a5.parquet,1,0,1,0,6
tradfi,market-data-tick-tradfi-prd-central-element-323112,local-28482-f2c7.parquet,1,0,1,0,6
tradfi,market-data-tick-tradfi-prd-central-element-323112,local-28482-f2e4.parquet,1,0,1,0,6
tradfi,market-data-tick-tradfi-prd-central-element-323112,local-28482-f301.parquet,1,0,1,0,6
tradfi,market-data-tick-tradfi-prd-central-element-323112,local-28482-f321.parquet,1,0,1,0,6
tradfi,market-data-tick-tradfi-prd-central-element-323112,local-28482-f3a9.parquet,1,0,1,0,6
tradfi,market-data-tick-tradfi-prd-central-element-323112,local-28482-f3bb.parquet,1,0,1,0,6
tradfi,market-data-tick-tradfi-prd-central-element-323112,local-28482-f3f3.parquet,1,0,1,0,6
tradfi,market-data-tick-tradfi-prd-central-element-323112,local-28482-f3fd.parquet,1,0,1,0,6
tradfi,market-data-tick-tradfi-prd-central-element-323112,local-28482-f467.parquet,1,0,1,0,6
tradfi,market-data-tick-tradfi-prd-central-element-323112,local-28482-f472.parquet,1,0,1,0,6
tradfi,market-data-tick-tradfi-prd-central-element-323112,local-28482-f4be.parquet,1,0,1,0,6
tradfi,market-data-tick-tradfi-prd-central-element-323112,local-28482-f5e6.parquet,1,0,1,0,6
tradfi,market-data-tick-tradfi-prd-central-element-323112,local-28482-f60c.parquet,1,0,1,0,6
tradfi,market-data-tick-tradfi-prd-central-element-323112,local-28482-f626.parquet,1,0,1,0,6
tradfi,market-data-tick-tradfi-prd-central-element-323112,local-28482-f7cf.parquet,1,0,1,0,6
tradfi,market-data-tick-tradfi-prd-central-element-323112,local-28482-f8a9.parquet,1,0,1,0,6
tradfi,market-data-tick-tradfi-prd-central-element-323112,local-28482-f90e.parquet,1,0,1,0,6
tradfi,market-data-tick-tradfi-prd-central-element-323112,local-28482-f926.parquet,1,0,1,0,6
tradfi,market-data-tick-tradfi-prd-central-element-323112,local-28482-fa57.parquet,1,0,1,0,6
tradfi,market-data-tick-tradfi-prd-central-element-323112,local-28482-fa8b.parquet,1,0,1,0,6
tradfi,market-data-tick-tradfi-prd-central-element-323112,local-28482-fb18.parquet,1,0,1,0,6
tradfi,market-data-tick-tradfi-prd-central-element-323112,local-28482-fb5c.parquet,1,0,1,0,6
tradfi,market-data-tick-tradfi-prd-central-element-323112,local-28482-fb6b.parquet,1,0,1,0,6
tradfi,market-data-tick-tradfi-prd-central-element-323112,local-28482-fb71.parquet,1,0,1,0,6
tradfi,market-data-tick-tradfi-prd-central-element-323112,local-28482-fba9.parquet,1,0,1,0,6
tradfi,market-data-tick-tradfi-prd-central-element-323112,local-28482-fbd2.parquet,1,0,1,0,6
tradfi,market-data-tick-tradfi-prd-central-element-323112,local-28482-fbe2.parquet,1,0,1,0,6
tradfi,market-data-tick-tradfi-prd-central-element-323112,local-28482-fbfa.parquet,1,0,1,0,6
tradfi,market-data-tick-tradfi-prd-central-element-323112,local-28482-fc84.parquet,1,0,1,0,6
tradfi,market-data-tick-tradfi-prd-central-element-323112,local-28482-fcb2.parquet,1,0,1,0,6
tradfi,market-data-tick-tradfi-prd-central-element-323112,local-28482-fcd3.parquet,1,0,1,0,6
tradfi,market-data-tick-tradfi-prd-central-element-323112,local-28482-fcd7.parquet,1,0,1,0,6
tradfi,market-data-tick-tradfi-prd-central-element-323112,local-28482-fd31.parquet,1,0,1,0,6
tradfi,market-data-tick-tradfi-prd-central-element-323112,local-28482-fd65.parquet,1,0,1,0,6
tradfi,market-data-tick-tradfi-prd-central-element-323112,local-28482-fd6d.parquet,1,0,1,0,6
tradfi,market-data-tick-tradfi-prd-central-element-323112,local-28482-fdd6.parquet,1,0,1,0,6
tradfi,market-data-tick-tradfi-prd-central-element-323112,local-28482-fdee.parquet,1,0,1,0,6
tradfi,market-data-tick-tradfi-prd-central-element-323112,local-28482-fdf5.parquet,1,0,1,0,6
tradfi,market-data-tick-tradfi-prd-central-element-323112,local-28482-fdfb.parquet,1,0,1,0,6
tradfi,market-data-tick-tradfi-prd-central-element-323112,local-28482-fe66.parquet,1,0,1,0,6
tradfi,market-data-tick-tradfi-prd-central-element-323112,local-28482-fe9d.parquet,1,0,1,0,6
tradfi,market-data-tick-tradfi-prd-central-element-323112,local-28482-feac.parquet,1,0,1,0,6
tradfi,market-data-tick-tradfi-prd-central-element-323112,local-28482-fecc.parquet,1,0,1,0,6
tradfi,market-data-tick-tradfi-prd-central-element-323112,local-28482-ff4b.parquet,1,0,1,0,6
tradfi,market-data-tick-tradfi-prd-central-element-323112,local-28482-ff60.parquet,1,0,1,0,6
tradfi,market-data-tick-tradfi-prd-central-element-323112,local-28482-ff95.parquet,1,0,1,0,6
tradfi,market-data-tick-tradfi-prd-central-element-323112,local-28482-ff9e.parquet,1,0,1,0,6
tradfi,market-data-tick-tradfi-prd-central-element-323112,local-28482-ffbf.parquet,1,0,1,0,6
tradfi,market-data-tick-tradfi-prd-central-element-323112,local-28500-1e6d.parquet,1,0,1,0,6
tradfi,market-data-tick-tradfi-prd-central-element-323112,local-28500-2b23.parquet,1,0,1,0,6
tradfi,market-data-tick-tradfi-prd-central-element-323112,local-28500-2b5a.parquet,1,0,1,0,6
tradfi,market-data-tick-tradfi-prd-central-element-323112,local-28500-3091.parquet,1,0,1,0,6
tradfi,market-data-tick-tradfi-prd-central-element-323112,local-28500-32af.parquet,1,0,1,0,6
tradfi,market-data-tick-tradfi-prd-central-element-323112,local-28500-39e5.parquet,1,0,1,0,6
tradfi,market-data-tick-tradfi-prd-central-element-323112,local-28500-40a9.parquet,1,0,1,0,6
tradfi,market-data-tick-tradfi-prd-central-element-323112,local-28500-4561.parquet,1,0,1,0,6
tradfi,market-data-tick-tradfi-prd-central-element-323112,local-28500-6d84.parquet,1,0,1,0,6
tradfi,market-data-tick-tradfi-prd-central-element-323112,local-28500-7dce.parquet,1,0,1,0,6
tradfi,market-data-tick-tradfi-prd-central-element-323112,local-28500-93a1.parquet,1,0,1,0,6
tradfi,market-data-tick-tradfi-prd-central-element-323112,local-28500-b5b6.parquet,1,0,1,0,6
tradfi,market-data-tick-tradfi-prd-central-element-323112,local-28500-b85a.parquet,1,0,1,0,6
tradfi,market-data-tick-tradfi-prd-central-element-323112,local-28500-c8ac.parquet,1,0,1,0,6
tradfi,market-data-tick-tradfi-prd-central-element-323112,local-28500-caa2.parquet,1,0,1,0,6
tradfi,market-data-tick-tradfi-prd-central-element-323112,local-28500-d761.parquet,1,0,1,0,6
tradfi,market-data-tick-tradfi-prd-central-element-323112,local-28500-ea45.parquet,1,0,1,0,6
tradfi,market-data-tick-tradfi-prd-central-element-323112,local-28500-ff64.parquet,1,0,1,0,6
tradfi,market-data-tick-tradfi-prd-central-element-323112,local-46448-062d.parquet,1,0,1,0,6
tradfi,market-data-tick-tradfi-prd-central-element-323112,local-46448-0631.parquet,1,0,1,0,6
tradfi,market-data-tick-tradfi-prd-central-element-323112,local-46448-0adc.parquet,1,0,1,0,6
tradfi,market-data-tick-tradfi-prd-central-element-323112,local-46448-0c28.parquet,1,0,1,0,6
tradfi,market-data-tick-tradfi-prd-central-element-323112,local-46448-0d53.parquet,1,0,1,0,6
tradfi,market-data-tick-tradfi-prd-central-element-323112,local-46448-0d94.parquet,1,0,1,0,6
tradfi,market-data-tick-tradfi-prd-central-element-323112,local-46448-0e58.parquet,1,0,1,0,6
tradfi,market-data-tick-tradfi-prd-central-element-323112,local-46448-0ef8.parquet,1,0,1,0,6
tradfi,market-data-tick-tradfi-prd-central-element-323112,local-46448-1063.parquet,1,0,1,0,6
tradfi,market-data-tick-tradfi-prd-central-element-323112,local-46448-1102.parquet,1,0,1,0,6
tradfi,market-data-tick-tradfi-prd-central-element-323112,local-46448-1547.parquet,1,0,1,0,6
tradfi,market-data-tick-tradfi-prd-central-element-323112,local-46448-1563.parquet,1,0,1,0,6
tradfi,market-data-tick-tradfi-prd-central-element-323112,local-46448-1577.parquet,1,0,1,0,6
tradfi,market-data-tick-tradfi-prd-central-element-323112,local-46448-16aa.parquet,1,0,1,0,6
tradfi,market-data-tick-tradfi-prd-central-element-323112,local-46448-175f.parquet,1,0,1,0,6
tradfi,market-data-tick-tradfi-prd-central-element-323112,local-46448-1b7c.parquet,1,0,1,0,6
tradfi,market-data-tick-tradfi-prd-central-element-323112,local-46448-1c5e.parquet,1,0,1,0,6
tradfi,market-data-tick-tradfi-prd-central-element-323112,local-46448-1e49.parquet,1,0,1,0,6
tradfi,market-data-tick-tradfi-prd-central-element-323112,local-46448-1f42.parquet,1,0,1,0,6
tradfi,market-data-tick-tradfi-prd-central-element-323112,local-46448-2085.parquet,1,0,1,0,6
tradfi,market-data-tick-tradfi-prd-central-element-323112,local-46448-210d.parquet,1,0,1,0,6
tradfi,market-data-tick-tradfi-prd-central-element-323112,local-46448-2112.parquet,1,0,1,0,6
tradfi,market-data-tick-tradfi-prd-central-element-323112,local-46448-211c.parquet,1,0,1,0,6
tradfi,market-data-tick-tradfi-prd-central-element-323112,local-46448-219f.parquet,1,0,1,0,6
tradfi,market-data-tick-tradfi-prd-central-element-323112,local-46448-21bb.parquet,1,0,1,0,6
tradfi,market-data-tick-tradfi-prd-central-element-323112,local-46448-2226.parquet,1,0,1,0,6
tradfi,market-data-tick-tradfi-prd-central-element-323112,local-46448-22d1.parquet,1,0,1,0,6
tradfi,market-data-tick-tradfi-prd-central-element-323112,local-46448-22f7.parquet,1,0,1,0,6
tradfi,market-data-tick-tradfi-prd-central-element-323112,local-46448-24e1.parquet,1,0,1,0,6
tradfi,market-data-tick-tradfi-prd-central-element-323112,local-46448-2508.parquet,1,0,1,0,6
tradfi,market-data-tick-tradfi-prd-central-element-323112,local-46448-2e66.parquet,1,0,1,0,6
tradfi,market-data-tick-tradfi-prd-central-element-323112,local-46448-2fce.parquet,1,0,1,0,6
tradfi,market-data-tick-tradfi-prd-central-element-323112,local-46448-32d3.parquet,1,0,1,0,6
tradfi,market-data-tick-tradfi-prd-central-element-323112,local-46448-33e1.parquet,1,0,1,0,6
tradfi,market-data-tick-tradfi-prd-central-element-323112,local-46448-341f.parquet,1,0,1,0,6
tradfi,market-data-tick-tradfi-prd-central-element-323112,local-46448-3685.parquet,1,0,1,0,6
tradfi,market-data-tick-tradfi-prd-central-element-323112,local-46448-37ce.parquet,1,0,1,0,6
tradfi,market-data-tick-tradfi-prd-central-element-323112,local-46448-3e98.parquet,1,0,1,0,6
tradfi,market-data-tick-tradfi-prd-central-element-323112,local-46448-3ea4.parquet,1,0,1,0,6
tradfi,market-data-tick-tradfi-prd-central-element-323112,local-46448-4097.parquet,1,0,1,0,6
tradfi,market-data-tick-tradfi-prd-central-element-323112,local-46448-40fb.parquet,1,0,1,0,6
tradfi,market-data-tick-tradfi-prd-central-element-323112,local-46448-41e3.parquet,1,0,1,0,6
tradfi,market-data-tick-tradfi-prd-central-element-323112,local-46448-4246.parquet,1,0,1,0,6
tradfi,market-data-tick-tradfi-prd-central-element-323112,local-46448-43ec.parquet,1,0,1,0,6
tradfi,market-data-tick-tradfi-prd-central-element-323112,local-46448-440d.parquet,1,0,1,0,6
tradfi,market-data-tick-tradfi-prd-central-element-323112,local-46448-4662.parquet,1,0,1,0,6
tradfi,market-data-tick-tradfi-prd-central-element-323112,local-46448-477e.parquet,1,0,1,0,6
tradfi,market-data-tick-tradfi-prd-central-element-323112,local-46448-4803.parquet,1,0,1,0,6
tradfi,market-data-tick-tradfi-prd-central-element-323112,local-46448-48c7.parquet,1,0,1,0,6
tradfi,market-data-tick-tradfi-prd-central-element-323112,local-46448-492a.parquet,1,0,1,0,6
tradfi,market-data-tick-tradfi-prd-central-element-323112,local-46448-497e.parquet,1,0,1,0,6
tradfi,market-data-tick-tradfi-prd-central-element-323112,local-46448-49c6.parquet,1,0,1,0,6
tradfi,market-data-tick-tradfi-prd-central-element-323112,local-46448-4a45.parquet,1,0,1,0,6
tradfi,market-data-tick-tradfi-prd-central-element-323112,local-46448-4a60.parquet,1,0,1,0,6
tradfi,market-data-tick-tradfi-prd-central-element-323112,local-46448-4aa7.parquet,1,0,1,0,6
tradfi,market-data-tick-tradfi-prd-central-element-323112,local-46448-4cb5.parquet,1,0,1,0,6
tradfi,market-data-tick-tradfi-prd-central-element-323112,local-46448-4d98.parquet,1,0,1,0,6
tradfi,market-data-tick-tradfi-prd-central-element-323112,local-46448-4f33.parquet,1,0,1,0,6
tradfi,market-data-tick-tradfi-prd-central-element-323112,local-46448-4fcf.parquet,1,0,1,0,6
tradfi,market-data-tick-tradfi-prd-central-element-323112,local-46448-5051.parquet,1,0,1,0,6
tradfi,market-data-tick-tradfi-prd-central-element-323112,local-46448-50e3.parquet,1,0,1,0,6
tradfi,market-data-tick-tradfi-prd-central-element-323112,local-46448-516c.parquet,1,0,1,0,6
tradfi,market-data-tick-tradfi-prd-central-element-323112,local-46448-51dd.parquet,1,0,1,0,6
tradfi,market-data-tick-tradfi-prd-central-element-323112,local-46448-5263.parquet,1,0,1,0,6
tradfi,market-data-tick-tradfi-prd-central-element-323112,local-46448-5268.parquet,1,0,1,0,6
tradfi,market-data-tick-tradfi-prd-central-element-323112,local-46448-53f5.parquet,1,0,1,0,6
tradfi,market-data-tick-tradfi-prd-central-element-323112,local-46448-5422.parquet,1,0,1,0,6
tradfi,market-data-tick-tradfi-prd-central-element-323112,local-46448-5631.parquet,1,0,1,0,6
tradfi,market-data-tick-tradfi-prd-central-element-323112,local-46448-580a.parquet,1,0,1,0,6
tradfi,market-data-tick-tradfi-prd-central-element-323112,local-46448-5836.parquet,1,0,1,0,6
tradfi,market-data-tick-tradfi-prd-central-element-323112,local-46448-588d.parquet,1,0,1,0,6
tradfi,market-data-tick-tradfi-prd-central-element-323112,local-46448-5a20.parquet,1,0,1,0,6
tradfi,market-data-tick-tradfi-prd-central-element-323112,local-46448-5ae9.parquet,1,0,1,0,6
tradfi,market-data-tick-tradfi-prd-central-element-323112,local-46448-6066.parquet,1,0,1,0,6
tradfi,market-data-tick-tradfi-prd-central-element-323112,local-46448-610a.parquet,1,0,1,0,6
tradfi,market-data-tick-tradfi-prd-central-element-323112,local-46448-612c.parquet,1,0,1,0,6
tradfi,market-data-tick-tradfi-prd-central-element-323112,local-46448-6313.parquet,1,0,1,0,6
tradfi,market-data-tick-tradfi-prd-central-element-323112,local-46448-6331.parquet,1,0,1,0,6
tradfi,market-data-tick-tradfi-prd-central-element-323112,local-46448-633f.parquet,1,0,1,0,6
tradfi,market-data-tick-tradfi-prd-central-element-323112,local-46448-63d9.parquet,1,0,1,0,6
tradfi,market-data-tick-tradfi-prd-central-element-323112,local-46448-642d.parquet,1,0,1,0,6
tradfi,market-data-tick-tradfi-prd-central-element-323112,local-46448-646d.parquet,1,0,1,0,6
tradfi,market-data-tick-tradfi-prd-central-element-323112,local-46448-64ad.parquet,1,0,1,0,6
tradfi,market-data-tick-tradfi-prd-central-element-323112,local-46448-6512.parquet,1,0,1,0,6
tradfi,market-data-tick-tradfi-prd-central-element-323112,local-46448-660f.parquet,1,0,1,0,6
tradfi,market-data-tick-tradfi-prd-central-element-323112,local-46448-66a9.parquet,1,0,1,0,6
tradfi,market-data-tick-tradfi-prd-central-element-323112,local-46448-67c9.parquet,1,0,1,0,6
tradfi,market-data-tick-tradfi-prd-central-element-323112,local-46448-6dad.parquet,1,0,1,0,6
tradfi,market-data-tick-tradfi-prd-central-element-323112,local-46448-701b.parquet,1,0,1,0,6
tradfi,market-data-tick-tradfi-prd-central-element-323112,local-46448-7109.parquet,1,0,1,0,6
tradfi,market-data-tick-tradfi-prd-central-element-323112,local-46448-724e.parquet,1,0,1,0,6
tradfi,market-data-tick-tradfi-prd-central-element-323112,local-46448-7778.parquet,1,0,1,0,6
tradfi,market-data-tick-tradfi-prd-central-element-323112,local-46448-7aeb.parquet,1,0,1,0,6
tradfi,market-data-tick-tradfi-prd-central-element-323112,local-46448-7ba5.parquet,1,0,1,0,6
tradfi,market-data-tick-tradfi-prd-central-element-323112,local-46448-7c4d.parquet,1,0,1,0,6
tradfi,market-data-tick-tradfi-prd-central-element-323112,local-46448-7d26.parquet,1,0,1,0,6
tradfi,market-data-tick-tradfi-prd-central-element-323112,local-46448-7e9a.parquet,1,0,1,0,6
tradfi,market-data-tick-tradfi-prd-central-element-323112,local-46448-80f6.parquet,1,0,1,0,6
tradfi,market-data-tick-tradfi-prd-central-element-323112,local-46448-81f4.parquet,1,0,1,0,6
tradfi,market-data-tick-tradfi-prd-central-element-323112,local-46448-83ba.parquet,1,0,1,0,6
tradfi,market-data-tick-tradfi-prd-central-element-323112,local-46448-83f4.parquet,1,0,1,0,6
tradfi,market-data-tick-tradfi-prd-central-element-323112,local-46448-8440.parquet,1,0,1,0,6
tradfi,market-data-tick-tradfi-prd-central-element-323112,local-46448-8660.parquet,1,0,1,0,6
tradfi,market-data-tick-tradfi-prd-central-element-323112,local-46448-8ce8.parquet,1,0,1,0,6
tradfi,market-data-tick-tradfi-prd-central-element-323112,local-46448-8d99.parquet,1,0,1,0,6
tradfi,market-data-tick-tradfi-prd-central-element-323112,local-46448-8dbb.parquet,1,0,1,0,6
tradfi,market-data-tick-tradfi-prd-central-element-323112,local-46448-8dfa.parquet,1,0,1,0,6
tradfi,market-data-tick-tradfi-prd-central-element-323112,local-46448-8e3f.parquet,1,0,1,0,6
tradfi,market-data-tick-tradfi-prd-central-element-323112,local-46448-8e55.parquet,1,0,1,0,6
tradfi,market-data-tick-tradfi-prd-central-element-323112,local-46448-8f74.parquet,1,0,1,0,6
tradfi,market-data-tick-tradfi-prd-central-element-323112,local-46448-8fe5.parquet,1,0,1,0,6
tradfi,market-data-tick-tradfi-prd-central-element-323112,local-46448-913c.parquet,1,0,1,0,6
tradfi,market-data-tick-tradfi-prd-central-element-323112,local-46448-962d.parquet,1,0,1,0,6
tradfi,market-data-tick-tradfi-prd-central-element-323112,local-46448-96bf.parquet,1,0,1,0,6
tradfi,market-data-tick-tradfi-prd-central-element-323112,local-46448-96de.parquet,1,0,1,0,6
tradfi,market-data-tick-tradfi-prd-central-element-323112,local-46448-9708.parquet,1,0,1,0,6
tradfi,market-data-tick-tradfi-prd-central-element-323112,local-46448-99ba.parquet,1,0,1,0,6
tradfi,market-data-tick-tradfi-prd-central-element-323112,local-46448-9a0a.parquet,1,0,1,0,6
tradfi,market-data-tick-tradfi-prd-central-element-323112,local-46448-9b84.parquet,1,0,1,0,6
tradfi,market-data-tick-tradfi-prd-central-element-323112,local-46448-9f32.parquet,1,0,1,0,6
tradfi,market-data-tick-tradfi-prd-central-element-323112,local-46448-a089.parquet,1,0,1,0,6
tradfi,market-data-tick-tradfi-prd-central-element-323112,local-46448-a108.parquet,1,0,1,0,6
tradfi,market-data-tick-tradfi-prd-central-element-323112,local-46448-a14d.parquet,1,0,1,0,6
tradfi,market-data-tick-tradfi-prd-central-element-323112,local-46448-a880.parquet,1,0,1,0,6
tradfi,market-data-tick-tradfi-prd-central-element-323112,local-46448-a89b.parquet,1,0,1,0,6
tradfi,market-data-tick-tradfi-prd-central-element-323112,local-46448-a9fe.parquet,1,0,1,0,6
tradfi,market-data-tick-tradfi-prd-central-element-323112,local-46448-aa9d.parquet,1,0,1,0,6
tradfi,market-data-tick-tradfi-prd-central-element-323112,local-46448-ac3e.parquet,1,0,1,0,6
tradfi,market-data-tick-tradfi-prd-central-element-323112,local-46448-af6f.parquet,1,0,1,0,6
tradfi,market-data-tick-tradfi-prd-central-element-323112,local-46448-b00e.parquet,1,0,1,0,6
tradfi,market-data-tick-tradfi-prd-central-element-323112,local-46448-b14a.parquet,1,0,1,0,6
tradfi,market-data-tick-tradfi-prd-central-element-323112,local-46448-b1cc.parquet,1,0,1,0,6
tradfi,market-data-tick-tradfi-prd-central-element-323112,local-46448-b2c4.parquet,1,0,1,0,6
tradfi,market-data-tick-tradfi-prd-central-element-323112,local-46448-b413.parquet,1,0,1,0,6
tradfi,market-data-tick-tradfi-prd-central-element-323112,local-46448-b41d.parquet,1,0,1,0,6
tradfi,market-data-tick-tradfi-prd-central-element-323112,local-46448-b5ae.parquet,1,0,1,0,6
tradfi,market-data-tick-tradfi-prd-central-element-323112,local-46448-b6a3.parquet,1,0,1,0,6
tradfi,market-data-tick-tradfi-prd-central-element-323112,local-46448-b6cc.parquet,1,0,1,0,6
tradfi,market-data-tick-tradfi-prd-central-element-323112,local-46448-b899.parquet,1,0,1,0,6
tradfi,market-data-tick-tradfi-prd-central-element-323112,local-46448-b951.parquet,1,0,1,0,6
tradfi,market-data-tick-tradfi-prd-central-element-323112,local-46448-bc07.parquet,1,0,1,0,6
tradfi,market-data-tick-tradfi-prd-central-element-323112,local-46448-beb2.parquet,1,0,1,0,6
tradfi,market-data-tick-tradfi-prd-central-element-323112,local-46448-c007.parquet,1,0,1,0,6
tradfi,market-data-tick-tradfi-prd-central-element-323112,local-46448-c2a8.parquet,1,0,1,0,6
tradfi,market-data-tick-tradfi-prd-central-element-323112,local-46448-c659.parquet,1,0,1,0,6
tradfi,market-data-tick-tradfi-prd-central-element-323112,local-46448-cc07.parquet,1,0,1,0,6
tradfi,market-data-tick-tradfi-prd-central-element-323112,local-46448-ccaa.parquet,1,0,1,0,6
tradfi,market-data-tick-tradfi-prd-central-element-323112,local-46448-cde0.parquet,1,0,1,0,6
tradfi,market-data-tick-tradfi-prd-central-element-323112,local-46448-cfb6.parquet,1,0,1,0,6
tradfi,market-data-tick-tradfi-prd-central-element-323112,local-46448-cffe.parquet,1,0,1,0,6
tradfi,market-data-tick-tradfi-prd-central-element-323112,local-46448-d0eb.parquet,1,0,1,0,6
tradfi,market-data-tick-tradfi-prd-central-element-323112,local-46448-d166.parquet,1,0,1,0,6
tradfi,market-data-tick-tradfi-prd-central-element-323112,local-46448-d21a.parquet,1,0,1,0,6
tradfi,market-data-tick-tradfi-prd-central-element-323112,local-46448-d305.parquet,1,0,1,0,6
tradfi,market-data-tick-tradfi-prd-central-element-323112,local-46448-d5c0.parquet,1,0,1,0,6
tradfi,market-data-tick-tradfi-prd-central-element-323112,local-46448-d61e.parquet,1,0,1,0,6
tradfi,market-data-tick-tradfi-prd-central-element-323112,local-46448-d688.parquet,1,0,1,0,6
tradfi,market-data-tick-tradfi-prd-central-element-323112,local-46448-d913.parquet,1,0,1,0,6
tradfi,market-data-tick-tradfi-prd-central-element-323112,local-46448-db2b.parquet,1,0,1,0,6
tradfi,market-data-tick-tradfi-prd-central-element-323112,local-46448-ddb3.parquet,1,0,1,0,6
tradfi,market-data-tick-tradfi-prd-central-element-323112,local-46448-e295.parquet,1,0,1,0,6
tradfi,market-data-tick-tradfi-prd-central-element-323112,local-46448-e85d.parquet,1,0,1,0,6
tradfi,market-data-tick-tradfi-prd-central-element-323112,local-46448-e90b.parquet,1,0,1,0,6
tradfi,market-data-tick-tradfi-prd-central-element-323112,local-46448-e91b.parquet,1,0,1,0,6
tradfi,market-data-tick-tradfi-prd-central-element-323112,local-46448-ea5e.parquet,1,0,1,0,6
tradfi,market-data-tick-tradfi-prd-central-element-323112,local-46448-ea7b.parquet,1,0,1,0,6
tradfi,market-data-tick-tradfi-prd-central-element-323112,local-46448-eb2b.parquet,1,0,1,0,6
tradfi,market-data-tick-tradfi-prd-central-element-323112,local-46448-edb4.parquet,1,0,1,0,6
tradfi,market-data-tick-tradfi-prd-central-element-323112,local-46448-ee75.parquet,1,0,1,0,6
tradfi,market-data-tick-tradfi-prd-central-element-323112,local-46448-efbf.parquet,1,0,1,0,6
tradfi,market-data-tick-tradfi-prd-central-element-323112,local-46448-f136.parquet,1,0,1,0,6
tradfi,market-data-tick-tradfi-prd-central-element-323112,local-46448-f19f.parquet,1,0,1,0,6
tradfi,market-data-tick-tradfi-prd-central-element-323112,local-46448-f265.parquet,1,0,1,0,6
tradfi,market-data-tick-tradfi-prd-central-element-323112,local-46448-f29e.parquet,1,0,1,0,6
tradfi,market-data-tick-tradfi-prd-central-element-323112,local-46448-f42f.parquet,1,0,1,0,6
tradfi,market-data-tick-tradfi-prd-central-element-323112,local-46448-f444.parquet,1,0,1,0,6
tradfi,market-data-tick-tradfi-prd-central-element-323112,local-46448-f5d7.parquet,1,0,1,0,6
tradfi,market-data-tick-tradfi-prd-central-element-323112,local-46448-f7e5.parquet,1,0,1,0,6
tradfi,market-data-tick-tradfi-prd-central-element-323112,local-46448-f8bc.parquet,1,0,1,0,6
tradfi,market-data-tick-tradfi-prd-central-element-323112,local-46448-fd0f.parquet,1,0,1,0,6
tradfi,market-data-tick-tradfi-prd-central-element-323112,local-57176-024b.parquet,1,0,1,0,6
tradfi,market-data-tick-tradfi-prd-central-element-323112,local-57176-1238.parquet,1,0,1,0,6
tradfi,market-data-tick-tradfi-prd-central-element-323112,local-57176-181f.parquet,1,0,1,0,6
tradfi,market-data-tick-tradfi-prd-central-element-323112,local-57176-35fa.parquet,1,0,1,0,6
tradfi,market-data-tick-tradfi-prd-central-element-323112,local-57176-409d.parquet,1,0,1,0,6
tradfi,market-data-tick-tradfi-prd-central-element-323112,local-57176-5982.parquet,1,0,1,0,6
tradfi,market-data-tick-tradfi-prd-central-element-323112,local-57176-61fc.parquet,1,0,1,0,6
tradfi,market-data-tick-tradfi-prd-central-element-323112,local-57176-6b67.parquet,1,0,1,0,6
tradfi,market-data-tick-tradfi-prd-central-element-323112,local-57176-71ba.parquet,1,0,1,0,6
tradfi,market-data-tick-tradfi-prd-central-element-323112,local-57176-81fd.parquet,1,0,1,0,6
tradfi,market-data-tick-tradfi-prd-central-element-323112,local-57176-895d.parquet,1,0,1,0,6
tradfi,market-data-tick-tradfi-prd-central-element-323112,local-57176-9891.parquet,1,0,1,0,6
tradfi,market-data-tick-tradfi-prd-central-element-323112,local-57176-99ba.parquet,1,0,1,0,6
tradfi,market-data-tick-tradfi-prd-central-element-323112,local-57176-9dd2.parquet,1,0,1,0,6
tradfi,market-data-tick-tradfi-prd-central-element-323112,local-57176-9fa7.parquet,1,0,1,0,6
tradfi,market-data-tick-tradfi-prd-central-element-323112,local-57176-a15c.parquet,1,0,1,0,6
tradfi,market-data-tick-tradfi-prd-central-element-323112,local-57176-bb07.parquet,1,0,1,0,6
tradfi,market-data-tick-tradfi-prd-central-element-323112,local-78639-0383.parquet,1,0,1,0,6
tradfi,market-data-tick-tradfi-prd-central-element-323112,local-78639-0514.parquet,1,0,1,0,6
tradfi,market-data-tick-tradfi-prd-central-element-323112,local-78639-15b8.parquet,1,0,1,0,6
tradfi,market-data-tick-tradfi-prd-central-element-323112,local-78639-20c3.parquet,1,0,1,0,6
tradfi,market-data-tick-tradfi-prd-central-element-323112,local-78639-4ba3.parquet,1,0,1,0,6
tradfi,market-data-tick-tradfi-prd-central-element-323112,local-78639-5391.parquet,1,0,1,0,6
tradfi,market-data-tick-tradfi-prd-central-element-323112,local-78639-544e.parquet,1,0,1,0,6
tradfi,market-data-tick-tradfi-prd-central-element-323112,local-78639-5e33.parquet,1,0,1,0,6
tradfi,market-data-tick-tradfi-prd-central-element-323112,local-78639-65a5.parquet,1,0,1,0,6
tradfi,market-data-tick-tradfi-prd-central-element-323112,local-78639-850f.parquet,1,0,1,0,6
tradfi,market-data-tick-tradfi-prd-central-element-323112,local-78639-a5af.parquet,1,0,1,0,6
tradfi,market-data-tick-tradfi-prd-central-element-323112,local-78639-a5b0.parquet,1,0,1,0,6
tradfi,market-data-tick-tradfi-prd-central-element-323112,local-78639-d0d2.parquet,1,0,1,0,6
tradfi,market-data-tick-tradfi-prd-central-element-323112,local-78639-d735.parquet,1,0,1,0,6
tradfi,market-data-tick-tradfi-prd-central-element-323112,local-78639-e532.parquet,1,0,1,0,6
tradfi,market-data-tick-tradfi-prd-central-element-323112,local-78639-e883.parquet,1,0,1,0,6
tradfi,market-data-tick-tradfi-prd-central-element-323112,local-78639-fd17.parquet,1,0,1,0,6
tradfi,market-data-tick-tradfi-prd-central-element-323112,tradfi-bf-arkb-2024-20260504-232835.parquet,1,0,1,0,6
tradfi,market-data-tick-tradfi-prd-central-element-323112,tradfi-bf-arkb-2026-20260505-082707.parquet,1,0,1,0,6
tradfi,market-data-tick-tradfi-prd-central-element-323112,tradfi-bf-es-opt-light-adhoc-20260430-174142.parquet,1,0,1,0,6
tradfi,market-data-tick-tradfi-prd-central-element-323112,tradfi-bf-eth-light-2022-20260430-031115.parquet,1,0,1,0,6
tradfi,market-data-tick-tradfi-prd-central-element-323112,tradfi-bf-etha-2026-20260505-082707.parquet,1,0,1,0,6
tradfi,market-data-tick-tradfi-prd-central-element-323112,tradfi-bf-gbtc-2026-20260505-082707.parquet,1,0,1,0,6
sports,instruments-store-sports-prd-central-element-323112,flip-phantom-corrective-20260506-114110.parquet,0,0,0,0,(empty)
